:060000002AEF06F01200D9
:0600080004EF08F01200F5
:100018000CEF08F012001DEE00F02DEE00F0F86A6B
:0600280046EF06F0120095
:1000300001001C0E0000E6000000020000003E0E61
:10004000006E016AFC0E026E036A046A07680868A3
:100050000968066A1200D9CFE6FFE1CFD9FFE65260
:1000600004501EE1040108BF1AD0400EE66E600E77
:10007000E66E000EE66E34EC05F0E552E552E55210
:10008000010E046EDF6A400EDF5C09E2DF50EA6AAF
:10009000A00FE96E000EEA22EF6ADF2AF4D717D12B
:1000A00000016051080A01E10DD10F0A01E1D3D02E
:1000B000010A01E1CAD0030A67E0010A58E0070A11
:1000C00044E0010A01E003D10001020EA06F00012B
:1000D0003A0EA16F0001010EA26F0001010EA36F85
:1000E0000001A46B100EA56FA66BA76B01C0A8F052
:1000F00002C0A9F003C0AAF0100E0001A95F000E13
:100100000001AA5B0001AB6B0001030EAC6F0001A4
:10011000F80EAD6FAE69AF6BB06B0001080EB16F3A
:10012000B26BB36BB46B0001B56904010CBF0CD0AA
:10013000400EE66EA00EE66E000EE66E04EC05F0D4
:10014000E552E552E552046AC2D00001615107E16F
:100150003F0E006EF80E016E0268036A06D03E0E76
:10016000006E016AFC0E026E036A046AB0D0040ECF
:10017000056E0028055C06E20400AED894EC05F09C
:10018000052AF7D7046AA3D0E868071805E1E868EC
:10019000081802E1E868091806E161C007F062C0CA
:1001A00008F063C009F007500001611908E1085028
:1001B0000001621904E109500001631900E143E103
:1001C000DF6A00016551DF5C3EE2000E075C100E45
:1001D0000858000E09582CE30028596E5A6A0A0E76
:1001E000D89059365A36E806FBE15B6A5ABE5B681E
:1001F0005950075C5A5008585B50095819E23A0E9A
:100200000001D8806555DF24EA6A660FE96E000EAA
:10021000EA22EF50E66E0650E96EEA6AE9BEEA6845
:100220000A0EE926000EEA22E552E750EF6E062A92
:10023000072A000E0822000E09223A0E065C01E190
:100240005ED8DF2ABED7046A42D059D8076808684A
:100250000968046A3CD00001070EA06F61C0A1F0DC
:1002600062C0A2F063C0A3F064C0A4F065C0A5F0B2
:1002700061C0F6FF62C0F7FF63C0F8FFDF6A0001EC
:100280006551DF5C0FE209003A0E0001D880655528
:10029000DF24EA6AA60FE96E000EEA22F5CFEFFF2F
:1002A000DF2AEDD704010CBF0CD0400EE66EA00E85
:1002B000E66E000EE66E04EC05F0E552E552E552FE
:1002C000046A05D06592656A68D8FF0000D0E552DF
:1002D000E552E7CFD9FF1200F66A0550F76EF86ACB
:1002E000D890F736F836F736F836140EA66EF29E2A
:1002F000550EA76EAA0EA76EA682A6941200D9CF9D
:10030000E6FFE1CFD9FFE652DF6A000EE76E06187E
:10031000E8AE02D0063403D0E750D880065436E267
:100320000650596E5A6A5B6A59AE02D05A685B68C9
:100330005950075CF66E5A500858F76E5B500958D2
:10034000F86EDF50EA6A0A0FE96E000EEA22EF50FB
:10035000F56E0D00DF2A0606065009E0DF50EA6A56
:100360000A0FE96E000EEA22EF50F56E01D0F56833
:100370000C00DF2A240EA66EF29E550EA76EAA0E62
:10038000A76EA682065001E00606BFD7A694066AAD
:10039000E552E552E7CFD9FF1200D9CFE6FFE1CF12
:1003A000D9FFE652DF6AFF0EDF5C0AE2E868E85038
:1003B00005E0E80600D000D000D0F9D7DF2AF3D757
:1003C000E552E552E7CFD9FF12005FD9E6526450FB
:1003D00032E16296040100513C0BE842E8420D080C
:1003E00028E1180E021923E1040E031920E1100E72
:1003F000026F040E036FDF6ADF50596E5A6A080EEF
:10040000595C000E5A5813E2DF50EA6A180FE96E81
:10041000040EEA22EF50E66EDF50EA6A100FE96E32
:10042000040EEA22E552E750EF6EDF2AE5D70ED838
:100430000AD03DD808D0040E645C03E162964DD822
:1004400002D0000E01D0010EE55224D11ED9E65291
:10045000040104BF046B536A4F6A506A516A526ABE
:1004600055EC03F0DF6ADF50596E5A6A010E595C91
:10047000000E5A5819E2505017E1F76ADF34FE0BAC
:10048000F736F66EFA0EF6260D0EF7220900F5CFB6
:1004900059F00800F5CF5AF004D05AC0FAFF59506D
:1004A000F96EFBDFDF2ADFD79ED8E552F3D0020ECC
:1004B0004F5C0EE176D80401180E026F040E036F34
:1004C000080E016F00BD02D0C80E05D0880E03D003
:1004D000BCD8CCD88C0E006F1200040E555C0AE11B
:1004E00012C438FF0F013851000802E2050E01D096
:1004F000030E556E4F040FE110D8020E535C03E15A
:100500000401840E06D0040104BD02D0C80E01D03F
:10051000880E046F120025EF03F0B7D8020EE12613
:10052000080E515C000E52580DE251C0DEFF52C061
:10053000DDFF535002E1010E03D0530406E1020E29
:10054000536E03D0080EDE6EDD6A0401049304913D
:10055000010EDB500413DFCF05F4DE50515EDD5099
:10056000525A0001180EE26F040EE36F56A20CD02F
:1005700085D810E0E0C0F6FFE1C0F7FF0800F550B5
:1005800068D8F6E2DB06F4D779D804E087D8FCE235
:10059000DB06FAD7020EE15C02E2E16AE552E16EA7
:1005A00079D073D8020EE126030E04010015E76E20
:1005B000010EE7CFDBFF01C4DFFFDE505126DD5027
:1005C00052220001180EE06F040EE16F57D804E0CC
:1005D00065D8FCE2DB06FAD7020EE15C02E2E16AD2
:1005E000E552E16E57D06598505005E13FD8840E32
:1005F000006F040118D0040110AF17D05150165DE0
:100600005250175904E216C451F017C452F085DF56
:10061000010E4F6E2BD8800E006F0401180E066F6E
:10062000040E076FC80E046F1200020E4F6E040115
:10063000056BC80E046F0401080E016F180E026FDF
:10064000040E036FC80E006F12004F6A0401046BA2
:100650001200E2C0E9FFE3C0EAFFEF6EE22B000EFA
:10066000E323E02BE123DF06010E12000401080E54
:10067000016F100E026F040E036F1200D9CFE9FF55
:10068000DACFEAFFEE50ED101200D9CFE6FFE1CF4E
:10069000D9FF1200E552E7CFD9FF1200E0C0E9FF11
:1006A000E1C0EAFFEF5029EF03F004011051600BA5
:1006B000E842E842E842E842E842000901E012006C
:1006C0001151070A43E00B0A41E0070A34E0010A2E
:1006D00024E00B0A20E0020A1EE0030A1AE0080ADE
:1006E00010E0010A0CE00F0A08E0030A01E0120022
:1006F000010E506E040E556E1200A7EF03F0DDEFF1
:1007000003F0010E506E0001570EE06F000EE16F16
:100710000ED0F7EF03F025EF04F0010E506E1451E8
:100720000001E06FE16B580EE027000EE1235692C6
:10073000010E516E1200010E506E1451EA6A580FEC
:10074000E96E000EEA2212C4EFFF12001200800EC2
:100750000401105D31E11351030A20E0010A0BE0AE
:10076000030A29E1010E506E00013A0EE06F0D0EF2
:10077000E16F120E1ED0AAD8F00EF6260D0EB8D8D4
:10078000020E0001F76AE025F66EE151F72209003A
:10079000F5CF51F00A00F5CF52F00DD097D8F40EF6
:1007A000F6260D0EA5D8E0C0F6FFE1C0F7FF080061
:1007B000F550516E526A56821200010E506E0F0EA5
:1007C000E66E270EE66E0F0E9BD8010EE66E580EF3
:1007D000E66E000E95D812C457F00401125103E1E1
:1007E000050E556E1200060E556EEFEF04F0040173
:1007F000186B196B040110511F0B020A0EE0030A5B
:1008000009E0010A17E1010E506E56A013D0040151
:10081000188310D0010E506E0DD04AD801E0010EA1
:100820005ED8E2C0E9FFEA6EEF50040B03E004017A
:10083000010E186F500408E10001180EE06F040E5D
:10084000E16F5692020E516E1200040112050CE186
:1008500010511F0B000908E1010E506E030E115DCF
:1008600002E1568001D05690125121E110511F0B28
:1008700002081DE114510F0B000919E019D801E01D
:10088000010E2DD8030E0401115D02E1840E03D088
:1008900014AF07D0400EE2C0E9FFE3C0EAFFEF6EFD
:1008A0001200880EE2C0E9FFE3C0EAFFEF6E12001B
:1008B000010E506E14510F0B080DF3505A6A000FC1
:1008C000596E040E5A221451800B1200010E506E04
:1008D0001251F66EF76AD890F636F7361200040D0C
:1008E000F35000015924E26F000E5A20E36F12000A
:1008F000F7220900F5CFE0F00A00F5CFE1F0120091
:10090000E66E15EC06F0E552E552E55212000401E0
:1009100010511F0B010801E01200145101E01200F8
:10092000060E115D21E11351230A1DE0010A0DE0BD
:10093000030A19E1020E506E570405E100015E0E34
:10094000E06F0D0EE16F090E0CD0020E506E5704D1
:1009500005E10001D30EE06F0D0EE16F570403E1D6
:100960001D0E516E526A568204011051600BE8420E
:10097000E842E842E842E842010801E01200115171
:100980000B0A26E0080A19E0090A12E0080A09E041
:100990000B0A05E0080A01E01200EDEF04F0EEEFAB
:1009A00004F0020E506E00014A0EE06F000E0BD0F4
:1009B000020E506E13C44AF01200020E506E000177
:1009C0004B0EE06F000EE16F5692010E516E120059
:1009D000020E506E12C44BF01200120012004C6A4C
:1009E0000F011E0E276F0401400E096F200E0A6FC3
:1009F000040E0B6F880E086F0401600E0E6F040E5C
:100A00000F6F400E0C6F1200D9CFE6FFE1CFD9FF78
:100A1000E652FC0EDB50400805E2400EF36EFC0E81
:100A2000F3CFDBFFDF6AFC0EDB50DF5C0FE2DF5051
:100A30004DD8EF50E66EDF50EA6A600FE96E040EA3
:100A4000EA22E552E750EF6EDF2AEDD7FC0EDBCF4E
:100A50000DF4400E04010C170C7D880E0C13E552AA
:100A6000E552E7CFD9FF1200D9CFE6FFE1CFD9FF9A
:100A70004C6A040108BF25D0FC0EDBCF59F00951A8
:100A8000D880595403E2FC0E09C4DBFF4C6AFC0E0B
:100A9000DB504C5C0FE24C50EA6A200FE96E040E0A
:100AA000EA22EF50E66E4C5011D8E552E750EF6E57
:100AB0004C2AEDD70401400E096F0817087D880EF7
:100AC00008134C50E552E7CFD9FF1200E76EFD0E38
:100AD000DBCFE9FFFE0EDBCFEAFFE750E926000E91
:100AE000EA22120082AE04D065B604D00FD802D03C
:100AF00065B613D8550409E165BA07D0626A0F01DB
:100B0000366B36813689020E556E1200656A0F010A
:100B1000366B6586010E556E1200656A0F01366BE5
:100B2000556A12008DEF05F0555001E11200625038
:100B3000040B05E00F013651040B01E032D865B219
:100B400012006250010B05E00F013651010B01E06C
:100B50003BD86250100B05E00F013651100B01E03D
:100B60001FD86250200B05E00F013651200B01E029
:100B700019D8030E555C01E21200546A040E545C4D
:100B80000EE26250080B0BE00F013651080B07E034
:100B9000E5EC01F0000901E16296542AEFD712005A
:100BA000120012000F0126A10DD0800E0401005D7D
:100BB00007E1840E0401045D03E104018C0E006F63
:100BC0000F012691629A1200636A626A0F019F0EFA
:100BD000376F0F017B0E366F0F01386B0F0EE66E0D
:100BE000270EE66E0F0EE66E20D8E552E552E5526E
:100BF0000F01160E266F62A605D0629600D000D0B7
:100C00000000F9D7659825EC03F00401080E016F88
:100C10000401100E026F040E036F04018C0E006FAE
:100C20005690576A030E556E1200D9CFE6FFE1CFFA
:100C3000D9FFFD0EDBCFE9FFFE0EDBCFEAFFFC0E96
:100C4000DB5004E0EE6AFC0EDB06F9D7E552E7CF95
:100C5000D9FF12001DEE00F02DEE00F0F86AF66AE2
:100C6000100EF76E0800F550FF0808E1010EF66E51
:100C7000100EF76E0800F550FF0806E080AE02D0B7
:100C800000EF08F080AEFED701D812000DD80400A6
:100C900033D836D8060E555C05E16550020B02E1EB
:100CA0002BEC00F0F4D71200600ED36E9B8C580E24
:100CB0004D6E020E4E6E4DC059F04EC05AF04D06AC
:100CC000000E4E5A59505A10F6E165A604D06592AE
:100CD000656ACDEC01F0948E0F01140E396F556AE0
:100CE000566A576A1FEC00F08C968C9495969594F2
:100CF0000F01486B496B120072EC05F094EF05F0A0
:100D0000060E555C02E28C868C94060E555C14E14E
:100D10000001200EE65D4E0EE75902E38C868C94AE
:100D2000400EE65D9C0EE75904E38C968C84E66BDE
:100D3000E76BE62B000EE723120012010002000011
:100D40000008D8043C000200010200010902290049
:100D5000010100C032090400000203000000092163
:100D600011010001221D0007058103400001070554
:100D700001034000010403090434034D00690063CA
:100D80000072006F0063006800690070002000546A
:100D9000006500630068006E006F006C006F006704
:100DA000007900200049006E0063002E00260348F1
:100DB000004900440020005500530042002000423A
:100DC000006F006F0074006C006F006100640065CC
:100DD0000072000600FF0901A10119012940150058
:100DE00026FF00750895408100190129409100C037
:100DF0004C0D4C0D750D790DAD0D0E09C00EF36E39
:100E000000EE00F00E0E01D81200EA6002D0EE6A89
:0E0E1000FCD7F350E9601200EE6AFCD7000038
:061000005CEF4FF012004E
:0610080028EF08F01200C1
:0610180008EF25F01200B4
:10102A0003006C9F0000E7040000090000006A9FAB
:10103A000000FA05000002000000EC9E0000800299
:10104A0000007E000000DACFE4FFE2CFDAFFE9CF4A
:10105A00E4FFEACFE4FFF3CFE4FFF4CFE4FFE65284
:10106A00D9CFE6FFE1CFD9FF0A0EE126F294D6CF17
:10107A00C4F18A0E0101C425D66E09B28C820080A1
:10108A00050E0101855D6AE1045005E15F0E8314D6
:10109A00010186118C6E09A40BD0010E021403E122
:1010AA00010E031405E0262A000E272228222922EF
:1010BA0002A025D001018C511E2601018D511F224B
:1010CA0001018E51202201018F51212221AE17D018
:1010DA00219E0101868D01019407000E955B965BA6
:1010EA00975B09A405D02A2A000E2B222C222D2236
:1010FA000101945195119611971101E1029003A0F3
:10110A0025D001019051222601019151232201018A
:10111A009251242201019351252225AE17D0259EF2
:10112A000101868901019807000E995B9A5B9B5B16
:10113A0009A405D0322A000E3322342235220101B5
:10114A00985199119A119B1101E10390010E021411
:10115A0003E1010E031401E0009065D1060E0101BE
:10116A00855D01E0BBD009A40BD0010E021403E196
:10117A00010E031405E0262A000E2722282229221E
:10118A0002A051D001019C510101A42701019D51E6
:10119A000101A52301019E510101A62301019F51CD
:1011AA000101A7230101A45101018C270101A551C5
:1011BA0001018D230101A65101018E230101A751CD
:1011CA0001018F2301018C511E2601018D511F221D
:1011DA0001018E51202201018F51212221AE23D0FB
:1011EA007F0E2114216E0101868D01019407000EE4
:1011FA00955B965B975B09A405D02A2A000E2B22E1
:10120A002C222D2201018FAF04D00101868F8C8EF2
:10121A0003D00101869F8C9E01019451951196116C
:10122A00971101E1029003A051D00101A0510101DF
:10123A00A8270101A1510101A9230101A25101011C
:10124A00AA230101A3510101AB230101A851010104
:10125A0090270101A951010191230101AA5101011C
:10126A0092230101AB5101019323010190512226DE
:10127A00010191512322010192512422010193512A
:10128A00252225AE23D07F0E2514256E01018689DD
:10129A0001019807000E995B9A5B9B5B09A405D034
:1012AA00322A000E332234223522010193AF04D0B0
:1012BA000101868B8C8A03D00101869B8C9A0101DD
:1012CA00985199119A119B1101E10390010E021490
:1012DA0003E1010E031401E00090A5D0070E0101FD
:1012EA00855D01E0A0D002A09ED009A405D0262ADF
:1012FA00000E27222822292201019407000E955B5D
:10130A00965B975B0101945195119611971102E131
:10131A00029001D0009001019C510101A427010112
:10132A009D510101A52301019E510101A62301013D
:10133A009F510101A7230101A45101018C27010139
:10134A00A55101018D230101A65101018E2301013D
:10135A00A75101018F2301018C511E2601018D51D4
:10136A001F2201018E51202201018F51212221AE1B
:10137A0016D07F0E2114216E0101868D09A405D095
:10138A002A2A000E2B222C222D2201018FAF04D0F3
:10139A000101868F8C8E03D00101869F8C9E0101EC
:1013AA00A0510101A8270101A1510101A9230101AD
:1013BA00A2510101AA230101A3510101AB23010199
:1013CA00A851010190270101A951010191230101AD
:1013DA00AA51010192230101AB5101019323010199
:1013EA009051222601019151232201019251242276
:1013FA0001019351252225AE16D07F0E2514256EA4
:10140A000101868909A405D0322A000E332234222A
:10141A003522010193AF04D00101868B8C8A03D057
:10142A000101869B8C9A500E010186155CE00450DE
:10143A0006E10F0E8314010186118C6E12D0010190
:10144A0086AF02D08B8401D08B94010186AB02D087
:10145A00898401D08994010186BD8B8C010186B9EA
:10146A00898A010186AD1CD0010186AF0DD016060E
:10147A00000E175A185A195A09A405D02E06000E3A
:10148A002F5A305A315A0CD0162A000E1722182217
:10149A00192209A405D02E2A000E2F223022312229
:1014AA00010186A91CD0010186AB0DD01A06000ED7
:1014BA001B5A1C5A1D5A09A405D03606000E375A63
:1014CA00385A395A0CD01A2A000E1B221C221D2205
:1014DA0009A405D0362A000E372238223922AF0E47
:1014EA000101861754D1020E0101855D01E0A4D0E5
:1014FA0005A080D00101AF050A6E0101AD51AE1100
:10150A003AE10A50EA6A710FE96E000EEA22EF50D8
:10151A000001EA6A9C25E96E9D51EA22EF6A0A50A7
:10152A00E96EEA6AD890E936EA36890EE926000EAB
:10153A00EA22EE6AED6A0A50E96EEA6AD890E9365A
:10154A00EA36790EE926000EEA22EE6AED6A0A50B8
:10155A00EA6A710FE96E000EEA22EF6A0A50E96E32
:10156A00EA6AD890E936EA36610EE926000EEA22DE
:10157A00EE6AED6A3FD00A50E96EEA6AD890E93617
:10158A00EA36890EE926000EEA22B0C1EEFFB1C1A1
:10159A00EDFF0A50E96EEA6AD890E936EA36790E22
:1015AA00E926000EEA22ADC1EEFFAEC1EDFF0A50F8
:1015BA00EA6A710FE96E000EEA22ACC1EFFF0A5027
:1015CA00E96EEA6AD890E936EA36610EE926000E33
:1015DA00EA22EE50ED100EE10A50E96EEA6AD8905E
:1015EA00E936EA36610EE926000EEA22ADC1EEFFBF
:1015FA00AEC1EDFF0001A6510101AC5D1DE1000184
:10160A00A0510101AD1904E10001A1510101AE1976
:10161A000AE10101010EB96F0101B66B0101C15165
:10162A0001E08A9809D00101B96B0101010EB66F78
:10163A000101C15101E08A880101850502E0000E1D
:10164A0001D0010E5A6E020E0101855D02E0000E04
:10165A0001D0010E5A1014E0010187518811891135
:10166A008A110DE001018707000E885B895B8A5B9E
:10167A0001018751881189118A1101E0009087D0F0
:10168A00030E0101855D2DE101018B5124E0B2C1F8
:10169A005AF0B3C15BF0D8905B325A32D8905B32C1
:1016AA005A325A50BB6EBFC15CF0C0C15DF0040E25
:1016BA00D8905C365D36E804FBE1300E5C16000E0D
:1016CA005D16CF0EBA1400015C105A6E5DC05BF055
:1016DA005A50BA6E04D0BB6ACF0EBA14BA6E0080E2
:1016EA0056D0040E0101855D52E1010186510008C0
:1016FA0028E2045002E18D9001D08C920101860506
:10170A0003E18D848D82898C020E0101865D03E1DD
:10171A008D848D82899C030E0101865D03E18D947F
:10172A008D82899C040E0101865D03E18D848D9270
:10173A00899C050E0101865D03E18D948D92899C39
:10174A0005D0045002E18D8001D08C820101AC5198
:10175A00000806E2045002E18B9201D0899205D07A
:10176A00045002E18B8201D08982166A176A186ACC
:10177A00196A1A6A1B6A1C6A1D6A1E6A1F6A206A2B
:10178A00216A226A236A246A256A0E90008009A4C3
:10179A00FFD0010E001404E1080E091401E1F8D08B
:1017AA00050E0101855D02E0000E01D0010E5B6E9F
:1017BA00070E0101855D02E0000E01D0010E5A6E8E
:1017CA00060E0101855D02E0000E01D0010E5A10DD
:1017DA005B1001E1DDD0098E26C080F127C081F1BE
:1017EA0028C082F129C083F1ADA2FED783C1AEFF22
:1017FA00ADA2FED782C1AEFFADA2FED781C1AEFFB8
:10180A00ADA2FED780C1AEFF2AC080F12BC081F104
:10181A002CC082F12DC083F1ADA2FED783C1AEFFE9
:10182A00ADA2FED782C1AEFFADA2FED781C1AEFF87
:10183A00ADA2FED780C1AEFF1EC080F11FC081F1EC
:10184A0020C082F121C083F1ADA2FED783C1AEFFD1
:10185A00ADA2FED782C1AEFFADA2FED781C1AEFF57
:10186A00ADA2FED780C1AEFF8CC180F18DC181F1DE
:10187A008EC182F18FC183F1ADA2FED783C1AEFFC3
:10188A00ADA2FED782C1AEFFADA2FED781C1AEFF27
:10189A00ADA2FED780C1AEFF2EC080F12FC081F16C
:1018AA0030C082F131C083F1ADA2FED783C1AEFF51
:1018BA00ADA2FED782C1AEFFADA2FED781C1AEFFF7
:1018CA00ADA2FED780C1AEFF32C080F133C081F134
:1018DA0034C082F135C083F1ADA2FED783C1AEFF19
:1018EA00ADA2FED782C1AEFFADA2FED781C1AEFFC7
:1018FA00ADA2FED780C1AEFF22C080F123C081F124
:10190A0024C082F125C083F1ADA2FED783C1AEFF08
:10191A00ADA2FED782C1AEFFADA2FED781C1AEFF96
:10192A00ADA2FED780C1AEFF90C180F191C181F115
:10193A0092C182F193C183F1ADA2FED783C1AEFFFA
:10194A00ADA2FED782C1AEFFADA2FED781C1AEFF66
:10195A00ADA2FED780C1AEFF36C080F137C081F19B
:10196A0038C082F139C083F1ADA2FED783C1AEFF80
:10197A00ADA2FED782C1AEFFADA2FED781C1AEFF36
:10198A00ADA2FED780C1AEFFADA2FED70A0EAE6EE3
:10199A000C502DE081500B6E0B500D18E81C0C14E6
:1019AA0026E0010E0E1423E10BC0C9F40E80026A70
:1019BA00036A00800F6A106A116AFBC55AF05B6AF3
:1019CA005A50146EFAC515F0016A200E015C0FE236
:1019DA0001502F0D05010501FA51F324E96E0501A5
:1019EA000501FB51F420EA6EEF6A012AEED700A046
:1019FA0011D30101856B0F5001E1F4D209B28C8039
:101A0A0006B08C940401955103E00401010E956F10
:101A1A00045003E18C9C8C9802D08B9C899A1450B8
:101A2A005A6E5AC05BF05A6A15500F015A10E96E85
:101A3A005BC0EAFFEF50126E050E125C5EE31250B5
:101A4A0007085BE315C0E9FF14C0EAFFEECF85F192
:101A5A00EECF86F1EECF87F1EECF88F1EECF89F1A6
:101A6A00EECF8AF1EECF8BF1EECF8CF1EECF8DF186
:101A7A00EECF8EF1EECF8FF1EECF90F1EECF91F166
:101A8A00EECF92F1EECF93F1EECF94F1EECF95F146
:101A9A00EECF96F1EECF97F1EECF98F1EECF99F126
:101AAA00EECF9AF1EECF9BF1EECF9CF1EECF9DF106
:101ABA00EECF9EF1EECF9FF1EECFA0F1EECFA1F1E6
:101ACA00EECFA2F1EECFA3F1EECFA4F1EECFA5F1C6
:101ADA00EECFA6F1EECFA7F1EECFA8F1EECFA9F1A6
:101AEA00EECFAAF1EECFABF1080EE926000EEA22FC
:101AFA00E9CF15F0EACF14F0E2D1020E125C01E050
:101B0A0093D011502F0D05010501FA51F324E96E06
:101B1A0005010501FB51F420EA6EEFCF85F1115062
:101B2A002F0D05010501FA51F324E96E050105019E
:101B3A00FB51F420EA6EEE52EE52EECF87F1EECF71
:101B4A0088F1EECF89F1EFCF8AF111502F0D0501FF
:101B5A000501FA51F324E96E05010501FB51F42050
:101B6A00EA6EEE52270EE926000EEA22EECFADF11A
:101B7A00EDCFAEF111502F0D05010501FA51F324F5
:101B8A00E96E05010501FB51F420EA6EEE52260EBC
:101B9A00E926000EEA22EFCFACF111502F0D050114
:101BAA000501FA51F324E96E05010501FB51F42000
:101BBA00EA6EEE52290EE926000EEA22EFCFAFF1C5
:101BCA0011502F0D05010501FA51F324E96E0501A3
:101BDA000501FB51F420EA6EEE522A0EE926000EA8
:101BEA00EA22EECFB0F1EDCFB1F114505C6E5CC0D9
:101BFA005DF05C6A155000015C105A6E5DC05BF0C6
:101C0A005AC0DEFF5BC0DDFF2F0EDE26000EDD228E
:101C1A00DECF5AF0DDCF5BF05BC05AF05B6A5A50F8
:101C2A00146EDF50156E4BD112044DE111502F0D79
:101C3A0005010501FA51F324E96E05010501FB517D
:101C4A00F420EA6EEFCF85F111502F0D0501050141
:101C5A00FA51F324E96E05010501FB51F420EA6EFD
:101C6A00EE52EE52EECF87F1EECF88F1EECF89F148
:101C7A00EFCF8AF114505C6E5CC05DF05C6A15505F
:101C8A0000015C105A6E5DC05BF0020E5AC0DBFFA9
:101C9A00030E5BC0DBFFD950020FE96EDACFEAFF11
:101CAA002F0EEE26000EED22020EDBCF5AF0030EA7
:101CBA00DBCF5BF05BC05AF05B6A5A50146E020EBF
:101CCA00DB50156EFCD0030E125C75E111502F0D1E
:101CDA0005010501FA51F324E96E05010501FB51DD
:101CEA00F420EA6EEFCF85F111502F0D05010501A1
:101CFA00FA51F324E96E05010501FB51F420EA6E5D
:101D0A00EE52EE52EECF87F1EECF88F1EECF89F1A7
:101D1A00EFCF8AF111502F0D05010501FA51F32475
:101D2A00E96E05010501FB51F420EA6EEE52050E3B
:101D3A00E926000EEA22EFCF8BF111502F0D050193
:101D4A000501FA51F324E96E05010501FB51F4205E
:101D5A00EA6EEE522C0EE926000EEA22EECFB2F11E
:101D6A00EDCFB3F114505C6E5CC05DF05C6A155047
:101D7A0000015C105A6E5DC05BF0040E5AC0DBFFB6
:101D8A00050E5BC0DBFFD950040FE96EDACFEAFF1C
:101D9A002F0EEE26000EED22040EDBCF5AF0050EB2
:101DAA00DBCF5BF05BC05AF05B6A5A50146E040ECC
:101DBA00DB50156E84D0040E125C59E111502F0DC0
:101DCA0005010501FA51F324E96E05010501FB51EC
:101DDA00F420EA6EEFCF85F111502F0D05010501B0
:101DEA00FA51F324E96E05010501FB51F420EA6E6C
:101DFA00EE52EFCF86F111502F0D05010501FA5170
:101E0A00F324E96E05010501FB51F420EA6EEE5256
:101E1A00260EE926000EEA22EFCFACF114505C6ED2
:101E2A005CC05DF05C6A155000015C105A6E5DC0C2
:101E3A005BF0060E5AC0DBFF070E5BC0DBFFD95012
:101E4A00060FE96EDACFEAFF2F0EEE26000EED221C
:101E5A00060EDBCF5AF0070EDBCF5BF05BC05AF001
:101E6A005B6A5A50146E060EDB50156E28D0145059
:101E7A005C6E5CC05DF05C6A155000015C105A6EC5
:101E8A005DC05BF0080E5AC0DBFF090E5BC0DBFFCA
:101E9A00D950080FE96EDACFEAFF2F0EEE26000EB0
:101EAA00ED22080EDBCF5AF0090EDBCF5BF05BC0E8
:101EBA005AF05B6A5A50146E080EDB50156E070E04
:101ECA000101855D02E0000E01D0010E5B6E060E77
:101EDA000101855D02E0000E01D0010E5A6E050E69
:101EEA000101855D02E0000E01D0010E5A105B105F
:101EFA0046E001018BA908D087C11EF088C11FF0F6
:101F0A0089C120F08AC121F001018BAB08D087C1B9
:101F1A0022F088C123F089C124F08AC125F0010189
:101F2A008BA104D01E6A1F6A206A216A01018BA351
:101F3A0004D0226A236A246A256A01018BA505D086
:101F4A001E681F6820687F0E216E01018BA705D0CD
:101F5A002268236824687F0E256E01019451951129
:101F6A009611971102E0028001D002900101985166
:101F7A0099119A119B1102E0038001D0039009A4E0
:101F8A0014D0266A276A286A296A2A6A2B6A2C6A5E
:101F9A002D6A2E6A2F6A306A316A326A336A346A63
:101FAA00356A366A376A386A396A11502F0D05015F
:101FBA000501FA51F324E96E05010501FB51F420EC
:101FCA00EA6EEF6A112A1350115C08E3116AFBC525
:101FDA005AF05B6A5A50146EFAC515F00F5001E0B8
:101FEA000F0618D0040195050CE10401E80E986F5C
:101FFA00030E996F96C49AF497C49BF40401020ED7
:10200A00956F0101876B886B896B8A6B06B08C842C
:10201A0009B2898280AE078008A002D081A0078019
:10202A00045003E18C9C8C9802D08B9C899A09AE4F
:10203A0004D0F2948A0ED66E099E09A203D0899220
:10204A008C908C920A0EE15C02E2E16AE552E16E42
:10205A00E552E7CFD9FFE552E5CFF4FFE5CFF3FF2D
:10206A00E5CFEAFFE5CFE9FFE5CFDAFF110001018D
:10207A00C56BC66BC76BC86B11EC23F016EC23F06B
:10208A00D16BD26BD36BD46BD56BD66BD76BD86B4A
:10209A00D96BDA6BDB6BDC6BDD6BDE6BDF6BE06BFA
:1020AA00E16BE26BE36BE46BE56BE66BE76BE86BAA
:1020BA00E96BEA6BEB6BEC6BED6BEE6BEF6BF06B5A
:1020CA001200D9CFE6FFE1CFD9FFE652DF6A020E4E
:1020DA00DF5C2DE2DF50040DF3CFE9FFF4CFEAFF16
:1020EA008C0EE926010EEA22010EEE6EEE6AEE6A07
:1020FA00EE6ADF50040DF3CFE9FFF4CFEAFF940E46
:10210A00E926010EEA22EE6AEE6AEE6AEE6ADF500C
:10211A00040DF3CFE9FFF4CFEAFFA40EE926010E7E
:10212A00EA22EE6AEE6AEE6AEE6ADF2AD0D7010187
:10213A00856B0101866B0101876B886B896B8A6BE2
:10214A000101AD6BAE6B0101AC6B0101AF6B01011B
:10215A00B06BB16B0690096A92809F9C010EE66E85
:10216A00E66A1FEC31F0E552E552010EE66E0B0EFF
:10217A00E66E1FEC31F0E552E5528D8496948D821D
:10218A009692898C929C8D8096908B8294928C9C4C
:10219A00959C8C9E959E8C9895988C9A959A949ECF
:1021AA00828E000000000000000000000000000015
:1021BA000000000000000000000000000000000015
:1021CA000000000000000000948E829E0101010EB2
:1021DA00C16F05808A989398899692960101010E9B
:1021EA00B66F046A0101010EB96FDF6A200EDF5C67
:1021FA0009E2DF50EA6A580FE96E010EEA22EF6A35
:10220A00DF2AF4D70101BA6BBB6BBC6BBD6B076AE3
:10221A000101C36B0101010EC26F0F6A106A116AD4
:10222A00010E136EFBC54EF04F6A4E50146EFAC57E
:10223A0015F09380F19E0880939681960B6A0C6A3A
:10224A000D6A0E907AEC1DF0D58CD59AD596D59458
:10225A00D592D580D66AD58EF184F294F28AE55267
:10226A00E552E7CFD9FF120024EC21F0030ED7EC98
:10227A0021F07BEC23F0E66AD950E8EC23F0040164
:10228A00845101E0ABD0DF0420E12FEC24F007E118
:10229A000101010EC16F0590E5EC21F00ED09DEC15
:1022AA0021F0010EEE1805E1ED5003E10101C16BC9
:1022BA0003D00101010EC16F0580000EE66EE66AC9
:1022CA00B9C1E6FFA4EC22F087D0020EDF5C2DE153
:1022DA002FEC24F008E1046A96909492959C959EBE
:1022EA009598959A1BD09DEC21F0010EEE180CE101
:1022FA00ED500AE1010EB6EC22F094949294949C6B
:10230A00929A9592929268D09DEC21F0020EEE1864
:10231A0063E1ED5061E1020EB6EC22F094849284FE
:10232A00948C928A9582928257D0040EDF5C07E1E0
:10233A00010EDBCFA0F0020EDBCFA1F04DD0050ECF
:10234A00DF5C07E1010EDBCF9EF0020EDBCF9FF0D0
:10235A0043D0080EDF5C0FE19DEC21F0080ED88017
:10236A00EE54000EED5403E2080EEEEC22F0010EDC
:10237A00DBCF9AF031D0090EDF5C0FE19DEC21F042
:10238A00060ED880EE54000EED5403E2060EEEEC73
:10239A0022F0010EDBCF9BF01FD00A0EDF5C03E1B7
:1023AA00F5EC22F009D00B0EDF5C03E1F5EC22F02C
:1023BA0013D00C0EDF5C07E1010EDBCFA4F0020E96
:1023CA00DBCFA5F009D00D0EDF5C06E12FEC24F07F
:1023DA0002E0088001D008902FEC21F0030EE15CA6
:1023EA0002E2E16AE55222EF21F042EC24F0E10E2A
:1023FA00E66E010E39EC23F0E50EE66E010E91EC65
:10240A0024F02AEC23F028E10101C2511DE0D15148
:10241A00D211D311D41105E1D951DA11DB11DC1132
:10242A0003E051EC22F010E1E151E211E311E41171
:10243A0005E1E951EA11EB11EC1103E056EC22F047
:10244A0003E131EC22F007D011EC23F06CEC22F01E
:10245A00E66AADEC21F0E552E3EF21F042EC24F01C
:10246A004CEC24F0E50EE66E010E39EC23F08BEC11
:10247A0024F032E10101C25127E0D151D211D31126
:10248A00D4110AE1D951DA11DB11DC1105E1DD5170
:10249A00DE11DF11E01103E051EC22F015E1E15108
:1024AA00E211E311E4110AE1E951EA11EB11EC112D
:1024BA0005E1ED51EE11EF11F01103E056EC22F0B7
:1024CA0003E131EC22F007D011EC23F0DFCFE6FF75
:1024DA00E66AADEC21F0E552E3EF21F024EC21F0BD
:1024EA00110EE12646EC23F0F4EC24F0D950010F4A
:1024FA00E0EC24F0090F63EC23F04CEC24F0D95003
:10250A00050FE0EC24F00D0F63EC23F0FDEC24F052
:10251A0055E10101C25106E05BEC22F003E131EC26
:10252A0022F04BD0FBEC21F0D96BDA6BDB6BDC6B66
:10253A00E96BEA6BEB6BEC6BDFCFE6FF010EE66E45
:10254A0079D8E552E552010EDBCFD1F1020EDBCF8D
:10255A00D2F1030EDBCFD3F1040EDBCFD4F1050E9B
:10256A00DBCFE1F1060EDBCFE2F1070EDBCFE3F1C1
:10257A00080EDBCFE4F1090EDBCFD9F10A0EDBCF6F
:10258A00DAF10B0EDBCFDBF10C0EDBCFDCF10D0E3B
:10259A00DBCFE9F10E0EDBCFEAF10F0EDBCFEBF169
:1025AA00100EDBCFECF1000E0101BEEC22F0C6ECFE
:1025BA0022F016EC23F01DEC24F0E552110EE15C3A
:1025CA0002E2E16AE55222EF21F055EC24F04CECEC
:1025DA0024F08BEC24F00EE10101C25106E05BEC21
:1025EA0022F003E131EC22F004D0FBEC21F01DECE7
:1025FA0024F0E552E3EF21F055EC24F0E10EE66E0B
:10260A00010E91EC24F02AEC23F012E10101C251EF
:10261A0006E05BEC22F003E131EC22F008D0FBEC9F
:10262A0021F06CEC22F0010EE66EADEC21F0E552E1
:10263A00E3EF21F024EC21F0050EE126DE6ADE6AE2
:10264A00DE6ADD6ADD52DD520EB02DD209B40BD03E
:10265A00D880030E0101CEEC22F005E2030ECD6F05
:10266A00CE6BCF6BD06BFE0EDB5037E10101800ED3
:10267A00D81516E0800ED41519E1000E00EC24F0EE
:10268A00D16DD21FD223D31FD323D41FD423D96D04
:10269A00DA1FDA23DB1FDB23DC1FDC23BEEC22F08C
:1026AA00800EE8151AE0800EE41504E031EC22F001
:1026BA00E552F9D1000E08EC24F0E16DE21FE223A5
:1026CA00E31FE323E41FE423E96DEA1FEA23EB1F78
:1026DA00EB23EC1FEC23C6EC22F001012A6B2B6BD7
:1026EA002C6B2D6B2E6BD9C140F0DAC141F0DBC1E6
:1026FA0042F0DCC143F0020E28EC22F04050010106
:10270A00D15D4E6E4150D2594F6E4250D359506EE0
:10271A004350D459516EDDC140F0DEC141F0DFC1F2
:10272A0042F0E0C143F0060E28EC22F04E5040245D
:10273A000101D16F4F504120D26F50504220D36FC8
:10274A0051504320D46FE9C140F0EAC141F0EBC1D6
:10275A0042F0ECC143F0020E28EC22F04050010195
:10276A00E15D4E6E4150E2594F6E4250E359506E50
:10277A004350E459516EEDC140F0EEC141F0EFC152
:10278A0042F0F0C143F0060E28EC22F04E504024ED
:10279A000101E16F4F504120E26F50504220E36F38
:1027AA0051504320E46F01012F6B09A416D0FD0E8E
:1027BA00DB500DE12F892F8BCDC12BF1CEC12CF12E
:1027CA00CFC12DF1D0C12EF10101CD6B03D0010192
:1027DA00030ECD6FCE6BCF6BD06BCDC14EF0010E19
:1027EA0077EC22F03EE0040EDB6AD90EE96E010EA8
:1027FA00EA6E0101D151EE244E6ED251EE204F6E97
:10280A00D351EE20506ED4511AEC21F002E6B4EC0A
:10281A0021F01DE329EC21F01CE1DD0EE96E010E29
:10282A00EA6ED951EE244E6EDA51EE204F6EDB512C
:10283A00EE20506EDC511AEC21F002E6B4EC21F0E5
:10284A0006E329EC21F005E1800EE01502E0A7EC91
:10285A0022F0040EDB5003E001012F8502D00101B2
:10286A002F81CDC14EF0020E77EC22F03CE0040E2F
:10287A00DB6A1BEC23F00101E151EE244E6EE251BA
:10288A00EE204F6EE351EE20506EE4511AEC21F027
:10289A0002E6B4EC21F01DE329EC21F01CE1ED0E77
:1028AA00E96E010EEA6EE951EE244E6EEA51EE200F
:1028BA004F6EEB51EE20506EEC511AEC21F002E60D
:1028CA00B4EC21F006E329EC21F005E1800EF015C5
:1028DA0002E0A7EC22F0040EDB5003E001012F878F
:1028EA0002D001012F83DD0EE96E010EEA6EEE5071
:1028FA000101D95DD96FEE50DA59DA6FEE50DB5922
:10290A00DB6FEE50DC59DC6FED0EE96E010EEA6EFC
:10291A00EE50E95DE96FEE50EA59EA6FEE50EB5975
:10292A00EB6FEE50EC59EC6F0401C60502E18D9095
:10293A008B92D1C130F1D2C131F1D3C132F1D4C1BC
:10294A0033F1FE0EDB5009E0C9C138F1CAC139F1D1
:10295A00CBC13AF1CCC13BF102D004EC22F0D9C18F
:10296A0048F1DAC149F1DBC14AF1DCC14BF1DDC101
:10297A0040F1DEC141F1DFC142F1E0C143F1E1C101
:10298A0034F1E2C135F1E3C136F1E4C137F1FE0EAB
:10299A00DB5006E001013C6B3D6B3E6B3F6B02D0A6
:1029AA000DEC22F0E9C14CF1EAC14DF1EBC14EF157
:1029BA00ECC14FF1EDC144F1EEC145F1EFC146F171
:1029CA00F0C147F1FE0EDB5003E00101070E02D011
:1029DA000101060E296F09AA5AD0D2EC24F04FEC55
:1029EA0023F059EC24F06E0E4E6E910E3DEC20F061
:1029FA0048C1E6FF49C1E6FF4AC1E6FF4BC1E6FF0F
:102A0A004FEC23F0690E4E6E910E3DEC20F040C162
:102A1A00E6FF41C1E6FF42C1E6FF43C1E6FF4FECD4
:102A2A0023F0D9EC24F04FEC23F068EC24F05A0E92
:102A3A004E6E910E3DEC20F04CC1E6FF4DC1E6FF13
:102A4A004EC1E6FF4FC1E6FF4FEC23F0550E4E6E26
:102A5A00910E3DEC20F044C1E6FF45C1E6FF46C1B8
:102A6A00E6FF47C1E6FF4FEC23F0500E4E6E910E83
:102A7A003DEC20F02FC14EF04F6A506A516A2FC1C7
:102A8A00E6FF84EC24F04FEC23F031EC21F009BC92
:102A9A000AD013500F5CFDE20EB005D058EC20F0BE
:102AAA0001E3106A0F2A050EE15C02E2E16AE552CF
:102ABA0022EF21F0ABEC23F0D50EE66E010EA3EC6B
:102ACA0024F0E66EE50EE66E010E32EC23F0040108
:102ADA00845101E0120089DA0401845101E01200F4
:102AEA002FEF21F024EC21F0250EE126DE6ADD6AC3
:102AFA00020EDB6A030EDB6A040EDB6A050EDB6A72
:102B0A00060EDB6A070EDB6A080EDB6A090EDB6A51
:102B1A000A0EDB6A0B0EDB6A0C0EDB6A0D0EDB6A31
:102B2A000E0EDB6A0F0EDB6A100EDB6A110EDB6A11
:102B3A00120EDB6A130EDB6A140EDB6A150EDB6AF1
:102B4A00160EDB6A3CEC10F0C6EC24F0030E37ECF0
:102B5A0020F0E66AD950020FE0EC24F0060FE0EC10
:102B6A0024F00A0FE0EC24F00E0FE0EC24F0120F30
:102B7A00A3EC23F00101C25101E17BD0120EDB501C
:102B8A00010871E3DECF4EF0DDCF4FF0010E4E5C4F
:102B9A00000E4F5868E3CDEC24F0A80ED880EE540E
:102BAA00610EED5460E3020EDBCF41F0030EDBCF82
:102BBA0042F0040EDBCF43F0050E60EC22F002E691
:102BCA00A3EC21F050E3D950020FDBEC21F002E62E
:102BDA00BDEC21F048E3060EDBCF41F0070EDBCF58
:102BEA0042F0080EDBCF43F0090E60EC22F002E659
:102BFA00A3EC21F038E3D950060FDBEC21F002E612
:102C0A00BDEC21F030E30A0EDBCF41F00B0EDBCF37
:102C1A0042F00C0EDBCF43F00D0E60EC22F002E620
:102C2A00A3EC21F020E3D9500A0FDBEC21F002E6F5
:102C3A00BDEC21F018E30E0EDBCF41F00F0EDBCF17
:102C4A0042F0100EDBCF43F0110E60EC22F002E6E8
:102C5A00A3EC21F008E3D9500E0FDBEC21F002E6D9
:102C6A00BDEC21F003E231EC22F04AD00401845198
:102C7A0048E10EB046D009AA39D04A0E4E6E910EDE
:102C8A003DEC20F0DECF4EF0DDCF4FF0EDEC20F042
:102C9A00410E4E6E910E3DEC20F0D950020F3FECE2
:102CAA0024F0380E4E6E910E3DEC20F0D950060FEE
:102CBA003FEC24F02D0E4E6E910E3DEC20F0D950D3
:102CCA000A0F3FEC24F0220E4E6E910E3DEC20F0DE
:102CDA00D9500E0F3FEC24F0160E4E6E910E3DECBD
:102CEA0020F0120ED8EC23F031EC21F0F40E4E6EE7
:102CFA00900E3DEC20F031EC21F0E66AE4EC2CF089
:102D0A00E552250EE15C02E2E16AE55222EF21F08A
:102D1A0017EC24F0010EDF6E46EC23F0010EE66E8E
:102D2A00D90EE66E010EA3EC24F0E66EE90EE66E0D
:102D3A00010EA3EC24F00101C95D000ECA59000E70
:102D4A00CB59000ECC5904E2010EC96FCA6B09D0E7
:102D5A00D880A80ED6EC22F006E2A80EC96F610E42
:102D6A00CA6FCB6BCC6B13500F5CFDE2DF0408E13A
:102D7A00FCEC22F003E1855101E1DF6AF28EF6D71D
:102D8A0016C040F017C041F018C042F019C043F015
:102D9A00DEEC22F00101D925D56F3D50DA21D66F3C
:102DAA003E50DB21D76F3F50DC21D86F1AC040F06C
:102DBA001BC041F01CC042F01DC043F0DEEC22F003
:102DCA000101E925E56F3D50EA21E66F3E50EB210E
:102DDA00E76F3F50EC21E86F16EC23F014D82FEC84
:102DEA0021F0E3EF21F046EC23F0E66AD50EE66E19
:102DFA00010E39EC23F0E50EE66E010E32EC23F0FB
:102E0A0002D82FEF21F0FCEC23F009AA1BD0EE0E1A
:102E1A004E6E900E3DEC20F0C9C1E6FFCAC1E6FF36
:102E2A00CBC1E6FFCCC1E6FFFDEC20F0730E4E6E7F
:102E3A00910E3DEC20F0F1EC21F05F0E4E6E910EFA
:102E4A0077EC24F00EB0A3D0D880A80E0101D6ECFE
:102E5A0022F003E35BEC22F006E1010EE66EB6EC2B
:102E6A0038F0E55294D051EC22F004E156EC22F00D
:102E7A0001E18DD0CDC12FF180EC22F002E18D90DD
:102E8A008B920101800ED81502E035EC22F0800EFB
:102E9A00E81502E03DEC22F0D50EE96E010EEA6E6D
:102EAA00030EEB50E819E8AE02D0E83508D0E55138
:102EBA00EE5CE651EE58E751EE58E851EE582AE337
:102ECA0061EC21F089EC22F0010156EC22F01CE0C1
:102EDA00B5EC23F011EC21F0BEEC23F0CCEC20F0A1
:102EEA0004E10101010E346F11D077EC21F007E102
:102EFA0001013469356936697F0E376F34D045EC84
:102F0A0022F092EC22F02FD00101346B356B366B34
:102F1A00376B29D061EC21F092EC22F0010151ECDF
:102F2A0022F01CE0BEEC23F011EC21F0B5EC23F00A
:102F3A00CCEC20F004E10101010E306F11D077ECE6
:102F4A0021F007E101013069316932697F0E336F7F
:102F5A000AD045EC22F089EC22F005D00101306B51
:102F6A00316B326B336B10EC24F00DEC22F003EC76
:102F7A0023F009AA02D03EEC23F013500F5CFDE2C5
:102F8A000EB005D058EC20F001E3106A0F2A040EA7
:102F9A00E15C02E2E16AE55222EF21F0ABEC23F0B8
:102FAA00D90EE66E010E91EC24F01BEC23F0010120
:102FBA00D951EE24D56FDA51EE20D66FDB51EE20CF
:102FCA00D76FDC51EE20D86F1BEC23F0EE50D95DA1
:102FDA00E56FEE50DA59E66FEE50DB59E76FEE50C7
:102FEA00DC59E86F02D82FEF21F0FCEC23F00EB089
:102FFA0012D109AA1BD0E40E4E6E900E3DEC20F0C1
:10300A00C5C1E6FFC6C1E6FFC7C1E6FFC8C1E6FF04
:10301A00FDEC20F0DE0E4E6E900E3DEC20F0F1EC51
:10302A0021F0D80E4E6E900E77EC24F00101C251B9
:10303A000CE0C551C611C711C81105E0D880030EAE
:10304A00CEEC22F002E2060EB9D0CDC12FF151EC3E
:10305A0022F031E156EC22F02EE10101010E296F36
:10306A00A00E0101C55D860EC659010EC759000E94
:10307A00C85907E3A00EC56F860EC66F010EC76F4B
:10308A00C86BC5C12BF1C6C12CF1C7C12DF1C8C18E
:10309A002EF1190E456E466A476A486A9BEC22F081
:1030AA007EEC4EF03CC02BF13DC02CF13EC02DF120
:1030BA003FC02EF1A4D080EC22F002E18D908B92D9
:1030CA000101800ED81502E035EC22F0800EE815D9
:1030DA0002E03DEC22F00A0E4E6ED70E4F6EA30EA2
:1030EA00506E4C0E516E9BEC22F068EC23F02BECE8
:1030FA0044F0DDEC23F0010151EC22F02FE0BEECAC
:10310A0023F034EC21F00FE2C25108E0C3A102D04F
:10311A0071EC21F0B50E4E6E900E4BD0C96BCA6B96
:10312A00CB6B800ECC6F5BEC22F00FE1C25108E052
:10313A00C3A102D071EC21F0920E4E6E900E39D0DE
:10314A00010EC96FCA6BCB6BCC6BC9C130F1CAC156
:10315A0031F1CBC132F1CCC133F105D00101306B71
:10316A00316B326B336B10EC24F0010156EC22F018
:10317A0038E0B5EC23F034EC21F00FE2C25108E05C
:10318A00C3A102D071EC21F06F0E4E6E900E11D0D9
:10319A00C96BCA6BCB6B800ECC6F5BEC22F018E16B
:1031AA00C25111E0C3A102D071EC21F04C0E4E6E57
:1031BA00900E3DEC20F031EC21F0050EE66EB6ECF7
:1031CA0038F0E55228D0010EC96FCA6BCB6BCC6BB5
:1031DA00C9C134F1CAC135F1CBC136F1CCC137F11D
:1031EA0005D00101346B356B366B376B0DEC22F071
:1031FA00010103EC23F009AA02D03EEC23F009BC3A
:10320A000AD013500F5CFDE20EB005D058EC20F046
:10321A0001E3106A0F2A040EE15C02E2E16AE55258
:10322A0022EF21F024EC21F0030ED0EC23F00AEC7B
:10323A0023F037EC20F00401845144E1F29E050E9C
:10324A000101855D06E0060E855D03E0070E855DDA
:10325A0003E1DE52010EDD6E0F5003E0DE52010E75
:10326A00DD6E856B020EDB6A200EF36E020EDBCF7B
:10327A00F4FFF350F45C08E2020EDB50E7EC24F0B2
:10328A00EF6A020EDB2AF0D7106A116AFBC54EF00C
:10329A004F6A4E50146EFAC515F00F6ADF0409E141
:1032AA00045003E18D808B8204D0040402E18C82F5
:1032BA008982F28EB6EC24F0C3B102D031EC21F04F
:1032CA002FEC21F0030EE15C02E2E16AE55222EF03
:1032DA0021F0D4EC23F0B9C14EF04F6A506A516A1A
:1032EA004EAE03D04F68506851684EC0E6FF84EC7A
:1032FA0024F01AEC24F0C3B102D031EC21F02FEF04
:10330A0021F024EC21F0030ED0EC23F08450040BBE
:10331A0008E18450020B05E18050400B02E1010EE6
:10332A0023D08450040B09E08450020B06E180503C
:10333A00400B03E1020EF36E19D08450040B08E12E
:10334A008450020B05E08050400B02E1040E0CD0C1
:10335A008450040B08E08450020B05E08050400BB7
:10336A0002E1080E01D0100EF36E020EF3CFDBFF5E
:10337A00045008E184B003D0020EDB50DF6E82B243
:10338A0010D009D004040DE183B203D0020EDB5041
:10339A00DF6E80B206D0020EDB50E76E010EE7CF79
:1033AA00DBFFDFCF4EF04F6A5DEC23F0FDEC20F03F
:1033BA0071EC21F0B6EC24F0C3B102D031EC21F06B
:1033CA002FEC21F0030EE15C02E2E16AE55222EF02
:1033DA0021F024EC21F0020EE126DE6ADD6AFAEC25
:1033EA0024F00AEC23F0030E37EC20F00401845198
:1033FA000FE10101B90504E120EC23F0E66A04D0EB
:10340A0020EC23F0010EE66EA4EC22F02FEC21F062
:10341A00020EE15C02E2E16AE55222EF21F0F8ECE9
:10342A0023F066EC22F0E3EC24F0B2EC22F0030F76
:10343A00A3EC23F0ADEC22F00401845124E1030E45
:10344A00DB50070802E266EC22F0DF50030802E2D2
:10345A00030EDF6E030EDB50030F0001A65D07E0CB
:10346A00E5EC21F0030EDB50030F0001A66F010EFD
:10347A00DBCFE6FF020EDBCFE6FFDFCFE6FFA4ECF1
:10348A0022F02FEC21F0050EE15C02E2E16AE5523E
:10349A0022EF21F024EC21F0060EE126FE0EDB04D9
:1034AA0003E1CCEC21F049D0FE0EDB50020805E125
:1034BA00CCEC21F0040EDB6A42D0FE0EDB5003088E
:1034CA0032E1CCEC21F0040EDB6AA0C09EF0A1C070
:1034DA009FF0F29E050EDB6A200EF36E050EDBCF1F
:1034EA00F4FFF350F45C1DE2050EDB50E7EC24F028
:1034FA00EF50020813E1050EDB5023EC24F0EF50E5
:10350A000001A65D0BE1050EDB5033EC24F0270E1B
:10351A002EEC23F0A0C0EEFFA1C0EDFF050EDB2AC2
:10352A00DBD7F28E0CD09EC0DEFF9FC0DDFF020EFD
:10353A00A4C0DBFF030EA5C0DBFFA7EC22F089863F
:10354A00C2C4BEF4C3C4BFF4C4C4C0F4C5C4C1F485
:10355A00040EDBCFE6FFFC0EDBCFE6FFFD0EDBCF72
:10356A00E6FF020EDBCFE6FF030EDBCFE6FFA6C0C7
:10357A00E6FF20EC23F028EC24F0060EE15C02E2E0
:10358A00E16AE55222EF21F0FCEC23F07BEC23F018
:10359A00E76E020EE7CFDBFF040184512DE1020E34
:1035AA00DB502AE1C9EC24F0E76E030EE7CFDBFF1C
:1035BA000401845121E1030EDB501EE109BC1AD03B
:1035CA0013500F5CFDE2105033EC24F0DFCFEFFF15
:1035DA00105023EC24F0010EDBCFEFFF10502F0D1B
:1035EA008CEC23F0040EEF6E102A1350105C01E3EA
:1035FA00106A0F2A2FEC21F0040EE15C02E2E16A64
:10360A00E55222EF21F0FAEC24F0FE0E0101BA5D38
:10361A00FF0EBB59FF0EBC59FF0EBD5905E2BA2B6E
:10362A00000EBB23BC23BD232FEF21F0FAEC24F0BC
:10363A000101BA51BB11BC11BD1105E0BA07000E58
:10364A00BB5BBC5BBD5B2FEF21F024EC21F0050EC8
:10365A00E126C6EC24F0070E37EC20F0ADEC22F0A0
:10366A00DB500BE1DFCFBAF1010EDBCFBBF1020E6B
:10367A00DBCFBCF1030EDBCFBDF12FEC21F0050E41
:10368A00E15C02E2E16AE55222EF21F0D4EC23F098
:10369A00BAC1E6FFBBC1E6FFBCC1E6FFBDC1E6FF9A
:1036AA001AEC24F0C3B102D02EEC22F02FEF21F055
:1036BA0024EC21F0020EEBEC24F07BEC23F0C9ECB5
:1036CA0024F0040184510DE1010EDB501F0803E2CE
:1036DA00DE521F0EDD6EE6EC22F0DFCFEFFF2FEC9D
:1036EA0021F0020EE15C02E2E16AE55222EF21F0EA
:1036FA0024EC21F0020ED0EC23F0C9EC24F00401F2
:10370A00845116E1010EDB501F0803E2DE521F0E40
:10371A00DD6EE6EC22F0EFCF4EF04F6A5DEC23F05F
:10372A001AEC24F0C3B102D02EEC22F02FEC21F0D7
:10373A00020EE15C02E2E16AE55222EF21F0D4ECEA
:10374A0023F007504E6E4F6A506A516AE66E84EC57
:10375A0024F01AEC24F0C3B102D02EEC22F007B008
:10376A0007902FEF21F09DBCFED7D4EC23F000C1C7
:10377A004EF001C14FF0EDEC20F071EC21F016C1D2
:10378A004EF017C14FF0EDEC20F00101C3B102D0A9
:10379A002EEC22F02FEF21F017EC24F0E4D8DF6EA4
:1037AA00D4EC23F00F0EDF14DF6E0101B95103E0F0
:1037BA00100EDF10DF6E07A003D0200EDF10DF6EC1
:1037CA000401945104E0400EDF10DF6E946B0EA0EA
:1037DA0003D0800EDF10DF6E020EE66EDFCF4EF0F2
:1037EA004F6A5DEC23F0ACEC49F0526E050EE15ED7
:1037FA0052502EEC22F007B00790E3EF21F0F8ECDC
:10380A0023F0030EDB6AE3EC24F0ADEC22F0B2EC19
:10381A0022F0030FA3EC23F00401845101E09CD0B1
:10382A009DEC21F0FF0ED880EE54030EED5405E214
:10383A00010EDB68030E25EC23F0DF50010802E2DB
:10384A00010EDF6E030EDB50010802E266EC22F085
:10385A00DF0409E1040EDB50030805E10101BF6B37
:10386A00020EC06F06D0010EDBCFBFF1020EDBCF16
:10387A00C0F1CAB415D0CB68FC0ECA140009CA6ECE
:10388A009D920F0152815293F00EBA140C09BA6E2E
:10389A003F0EBA140009BA6E0E010E0ECC6FCA841E
:1038AA00030EDB502AE1DF5023E0BFC14EF0C0C156
:1038BA004FF0D8904F324E32D8904F324E324E504F
:1038CA00BB6EBFC150F0C0C151F0040ED890503643
:1038DA005136E804FBE1300E5016000E5116CF0E99
:1038EA00BA14000150104E6E51C04FF0E85003D088
:1038FA00BB6ACF0EBA14BA6E2DD009BC2BD01350A6
:10390A000F5CFDE2105033EC24F02C0E2EEC23F069
:10391A00BFC1EEFFC0C1EDFF10502F0D5EEC21F0CC
:10392A00EE52EE6AEE6AEE6AEE6A10502F0D5EEC07
:10393A0021F0050E2EEC23F0DFCFEFFF10502F0DF4
:10394A008CEC23F0030EEF6E102A1350105C01E387
:10395A00106A0F2A2FEC21F0050EE15C02E2E16AFF
:10396A00E55222EF21F024EC21F0040ED7EC21F0ED
:10397A00030EDB6AFCEC22F002E0010EDF6E8551D9
:10398A0002E0010EDF6E0F5006E0010EDF6EF36EED
:10399A00030EF3CFDBFFDF5008E094519511961127
:1039AA00971103E0DE52010EDD6EDF5008E09851F8
:1039BA0099119A119B1103E0010E25EC23F0F28E66
:1039CA00030EDBCFE6FF020EDB50E8244F6E010E3A
:1039DA00DB50040DF3CF4EF0DF50080DF3504E10BC
:1039EA004F10E552E7104E6E040EE15C02E2E16A06
:1039FA00E552E16E4E5037EF24F0F8EC23F0030E57
:103A0A00DB6AB1DFADEC22F0010EE66EE66EC8ECC1
:103A1A002CF0E552E552040EDBA002D066EC22F04F
:103A2A00040EDBA203D0010E25EC23F0040EDBA466
:103A3A0003D0DE52010EDD6E040EDBA602D0010EAB
:103A4A00DF6EDFCF4EF04F6AEDEC20F071EC21F023
:103A5A00010ED8EC23F071EC21F0020ED8EC23F021
:103A6A0071EC21F0030ED8EC23F031EC21F0050EB5
:103A7A00E15C02E2E16AE55222EF21F024EC21F056
:103A8A00080EE126D4EC23F0F29E16C0DFFF010EE9
:103A9A0017C0DBFF020E18C0DBFF030E19C0DBFFE5
:103AAA00040E1AC0DBFF050E1BC0DBFF060E1CC08E
:103ABA00DBFF070E1DC0DBFFF28ED9CFE9FF01EC59
:103ACA0021F071EC21F0D950040F3FEC24F00101F0
:103ADA00C3B102D031EC21F02FEC21F0080EE15CE9
:103AEA0002E2E16AE55222EF21F0F29E166A176AB3
:103AFA00186A196A1A6A1B6A1C6A1D6A1E6A1F6A90
:103B0A00206A216A226A236A246A256AF28E1200CE
:103B1A00FAEC24F0EADF2FEF21F0FCEC23F000C3EB
:103B2A00DFFF2BDB02E05DDBFEE101C352F095DA39
:103B3A0002E057DBFEE102C352F08FDA02E051DB0A
:103B4A00FEE103C352F09FDA04E3ADA2FED760DBC5
:103B5A0003D0ADA2FED70CDB81EC21F004E3ADA2C9
:103B6A00FED756DB03D0ADA2FED702DB85EC21F0EF
:103B7A0004E3ADA2FED74CDB03D0ADA2FED7F8DA40
:103B8A0089EC21F004E3ADA2FED742DB03D0ADA25B
:103B9A00FED7EEDA8DEC21F004E3ADA2FED738DBD6
:103BAA0003D0ADA2FED7E4DA91EC21F004E3ADA292
:103BBA00FED72EDB03D0ADA2FED7DADA95EC21F0E0
:103BCA0004E3ADA2FED724DB03D0ADA2FED7D0DA40
:103BDA0099EC21F004E3ADA2FED71ADB03D0ADA223
:103BEA00FED7C6DAAE6E000E04C3DFFFC6DA02E005
:103BFA00F8DAFEE105C352F030DA02E0F2DAFEE169
:103C0A0006C352F02ADA02E0ECDAFEE107C352F008
:103C1A003ADA04E3ADA2FED7FBDA03D0ADA2FED7AF
:103C2A00A7DA6ADB04E3ADA2FED7F2DA03D0ADA2CB
:103C3A00FED79EDA65DB04E3ADA2FED7E9DA03D04C
:103C4A00ADA2FED795DA60DB04E3ADA2FED7E0DAD7
:103C5A0003D0ADA2FED78CDA5BDB04E3ADA2FED7BC
:103C6A00D7DA03D0ADA2FED783DA56DB04E3ADA2DE
:103C7A00FED7CEDA03D0ADA2FED77ADA51DB04E35F
:103C8A00ADA2FED7C5DA03D0ADA2FED771DA4CDBFE
:103C9A0004E3ADA2FED7BCDA03D0ADA2FED768DA40
:103CAA00AE6E000E08C3DFFF68DA02E09ADAFEE1C0
:103CBA0009C352F0D2D902E094DAFEE10AC352F003
:103CCA00CCD902E08EDAFEE10BC352F0DCD904E370
:103CDA00ADA2FED79DDA03D0ADA2FED749DA0CDB3E
:103CEA0004E3ADA2FED794DA03D0ADA2FED740DA40
:103CFA0007DB04E3ADA2FED78BDA03D0ADA2FED771
:103D0A0037DA02DB04E3ADA2FED782DA03D0ADA232
:103D1A00FED72EDAFDDA04E3ADA2FED779DA03D0B4
:103D2A00ADA2FED725DAF8DA04E3ADA2FED770DA3F
:103D3A0003D0ADA2FED71CDAF3DA04E3ADA2FED7B4
:103D4A0067DA03D0ADA2FED713DAEEDA04E3ADA246
:103D5A00FED75EDA03D0ADA2FED70ADAAE6E000E47
:103D6A000CC3DFFF0ADA02E03CDAFEE10DC352F0CF
:103D7A0074D902E036DAFEE10EC352F06ED902E0DF
:103D8A0030DAFEE10FC352F07ED904E3ADA2FED7CA
:103D9A003FDA03D0ADA2FED7EBD9AEDA04E3ADA287
:103DAA00FED736DA03D0ADA2FED7E2D9A9DA04E308
:103DBA00ADA2FED72DDA03D0ADA2FED7D9D9A4DAA7
:103DCA0004E3ADA2FED724DA03D0ADA2FED7D0D940
:103DDA009FDA04E3ADA2FED71BDA03D0ADA2FED769
:103DEA00C7D99ADA04E3ADA2FED712DA03D0ADA29C
:103DFA00FED7BED995DA04E3ADA2FED709DA03D01D
:103E0A00ADA2FED7B5D990DA04E3ADA2FED700DAA7
:103E1A0003D0ADA2FED7ACD9AE6E000E10C3DFFF41
:103E2A00ACD902E0DED9FEE111C352F016D902E0A4
:103E3A00D8D9FEE112C352F010D902E0D2D9FEE17C
:103E4A0013C352F020D904E3ADA2FED7E1D903D0BF
:103E5A00ADA2FED78DD950DA04E3ADA2FED7D8D9E8
:103E6A0003D0ADA2FED784D94BDA04E3ADA2FED7C4
:103E7A00CFD903D0ADA2FED77BD946DA04E3ADA2EF
:103E8A00FED7C6D903D0ADA2FED772D941DA04E370
:103E9A00ADA2FED7BDD903D0ADA2FED769D93CDA0F
:103EAA0004E3ADA2FED7B4D903D0ADA2FED760D940
:103EBA0037DA04E3ADA2FED7ABD903D0ADA2FED761
:103ECA0057D932DA04E3ADA2FED7A2D903D0ADA204
:103EDA00FED74ED9AE6E000E14C3DFFF4ED902E0F4
:103EEA0080D9FEE115C352F0B8D802E07AD9FEE1D2
:103EFA0016C352F0B2D802E074D9FEE117C352F0E9
:103F0A00C2D804E3ADA2FED783D903D0ADA2FED7AF
:103F1A002FD9F2D904E3ADA2FED77AD903D0ADA244
:103F2A00FED726D9EDD904E3ADA2FED771D903D0C5
:103F3A00ADA2FED71DD9E8D904E3ADA2FED768D950
:103F4A0003D0ADA2FED714D9E3D904E3ADA2FED7BC
:103F5A005FD903D0ADA2FED70BD9DED904E3ADA257
:103F6A00FED756D903D0ADA2FED702D9D9D904E3D8
:103F7A00ADA2FED74DD903D0ADA2FED7F9D8D4D978
:103F8A0004E3ADA2FED744D903D0ADA2FED7F0D840
:103F9A00AE6E000E18C3DFFFF0D802E022D9FEE1B0
:103FAA0019C352F05AD802E01CD9FEE11AC352F0E2
:103FBA0054D802E016D9FEE11BC352F064D804E3D8
:103FCA00ADA2FED725D903D0ADA2FED7D1D894D9B8
:103FDA0004E3ADA2FED71CD903D0ADA2FED7C8D840
:103FEA008FD904E3ADA2FED713D903D0ADA2FED771
:103FFA00BFD88AD904E3ADA2FED70AD903D0ADA2AD
:10400A00FED7B6D885D904E3ADA2FED701D903D02D
:10401A00ADA2FED7ADD880D904E3ADA2FED7F8D8B9
:10402A0003D0ADA2FED7A4D87BD904E3ADA2FED7B4
:10403A00EFD803D0ADA2FED79BD876D904E3ADA2C0
:10404A00FED7E6D803D0ADA2FED792D8AE6E040E44
:10405A00E15C02E2E16AE552F0D04CDB1FDB080EBC
:10406A001F0B1200E66E3AEC36F0E552A9EF24F087
:10407A004F6E506A4EC0E6FFE66E50C0E6FF8FEC08
:10408A0049F0A9EF24F036DBDFCF80F1010EDBCF58
:10409A0081F1020EDBCF82F1030EDBCF83F1010146
:1040AA0083390F0B4FD31050E7EC24F029C1EEFFF0
:1040BA002AC1EEFF2BC1EEFF2CC1EEFF2DC1EEFF90
:1040CA002EC1EEFF2FC1EEFF30C1EEFF31C1EEFF70
:1040DA0032C1EEFF33C1EEFF34C1EEFF35C1EEFF50
:1040EA0036C1EEFF37C1EEFF38C1EEFF39C1EEFF30
:1040FA003AC1EEFF3BC1EEFF3CC1EEFF3DC1EEFF10
:10410A003EC1EEFF3FC1EEFF40C1EEFF41C1EEFFEF
:10411A0042C1EEFF43C1EEFF44C1EEFF45C1EEFFCF
:10412A0046C1EEFF47C1EEFF48C1EEFF49C1EEFFAF
:10413A004AC1EEFF4BC1EEFF4CC1EEFF4DC1EEFF8F
:10414A004EC1EEFF4FC1EEFF50C1EEFF51C1EEFF6F
:10415A0052C1EEFF53C1EEFF54C1EEFF55C1EEFF4F
:10416A0056C1EEFF57C1EEFF102A1350105C120021
:10417A00410E01018425F60F1200010EDB6A020EC0
:10418A00DB6A030EDB6A8ADA080E1F0B120012ECD6
:10419A0044F0F8DAC3DA51C049F02BEC44F01ADBE8
:1041AA00AC0E4E6EC50E4F6EA70E506E470E516E78
:1041BA00B5DA496E7EEC44F00DDB70DA466A476A7E
:1041CA00800E486E3F0E04DB5FEC45F0010A1200D8
:1041DA006FDA4FEF23F0E66AC8EC2CF0E552E552AD
:1041EA001200D8904E364F3650365136E806120035
:1041FA00E6EC49F0E552A8D3DACFEAFFEECFE6FFC4
:10420A00EECFE6FFEECFE6FFEFCFE6FF4FEF23F06C
:10421A00300E01018425120012EC44F0B3DAA8DB57
:10422A0052DA7EEC44F0DDEF23F0EE20516E7ADBB9
:10423A00AFDBD890EB50000A1200E16E13D3D9CF4E
:10424A00E6FFE1CFD9FF120029DA4E504F10501085
:10425A0051101200E66A0AD3020EE66E07D312EC78
:10426A0044F0000EDFCF46F0010EDBCF47F0020E1E
:10427A00DBCF48F0030EDBCF49F07EEC44F01FECB5
:10428A0045F040C0C9F141C0CAF142C0CBF143C0B8
:10429A00CCF1D880000E01014054000E4154000EAA
:1042AA004254800E43541200E66E000EDA20E66E87
:1042BA0012002DDAEE5212005BDB10EC44F062DAE7
:1042CA00AC0E466EC50E476EA70E486E470E496E77
:1042DA007EEC44F01FEF45F02C0EE66E26EC29F03A
:1042EA00E5521200DBD9466A476A486A4F0E70DA0D
:1042FA0056EC45F0010A1200AE6E0F0E831522D25B
:10430A00AE6E82390F0B1ED2AE6E0F0E82151AD206
:10431A00AE6E81390F0B16D2AE6E0F0E811512D208
:10432A00AE6E80390F0B0ED2AE6E0F0E80150AD20A
:10433A00D950010FE96EDACFEAFF1200D880000ED9
:10434A004154800E4254000E4354000E445412004D
:10435A001FEC13F0E552E552E66AE4EF2CF0000E8A
:10436A00EE5C000EEE58000EEE58000EEE581200EB
:10437A00000EEE5C800EEE58FF0EEE58FF0EEE5861
:10438A001200E66AD9CFE6FFDACFE6FF1200A0C034
:10439A00DEFFA1C0DDFF020EA2C0DBFF030EA3C039
:1043AA00DBFF120013DB020EDB6A1200E96EDACFC2
:1043BA00EAFFD880030EEB50FF0A1200E55252D2F0
:1043CA00E66A000EE66EE66AE66EE66AA6C0E6FFF2
:1043DA00E66EE66A28EF24F0D5C1E6FFD6C1E6FF0D
:1043EA00D7C1E6FFD8C1E6FF4FEF23F0D56BD66BF6
:1043FA00D76BD86BE56BE66BE76BE86B1200D5C140
:10440A0038F1D6C139F1D7C13AF1D8C13BF112001E
:10441A00E5C13CF1E6C13DF1E7C13EF1E8C13FF13A
:10442A00120030C1E6FF31C1E6FF32C1E6FF33C1F7
:10443A00E6FF120034C1E6FF35C1E6FF36C1E6FFEA
:10444A0037C1E6FF1200456E466A476A486AEBEFD3
:10445A0044F0010EE66E0AD2060EE66EB6EF38F0AA
:10446A00800E01012A112A6F000E010100EF24F0CB
:10447A00200E01012A112A6F000E010108EF24F013
:10448A00DECF41F0DECF42F0DECF43F0DDCF44F0A5
:10449A00DD52DD521FEF45F0D551D611D711D81193
:1044AA001200E551E611E711E8111200C951CA11CB
:1044BA00CB11CC111200DBCF44F04434000E441867
:1044CA001200010EF36E030EF3CFDBFF1200DD6B59
:1044DA00DE6BDF6BE06BED6BEE6BEF6BF06BDFCFE0
:1044EA00E6FF12004E164F6A506A516A4E504F103C
:1044FA0050105110120001012B6B2C6B2D6B2E6B7F
:10450A002A6B0401C605120040C030F141C031F1E6
:10451A0042C032F143C033F1120040C034F141C00D
:10452A0035F142C036F143C037F11200C5C140F03F
:10453A00C6C141F0C7C142F0C8C143F012004FECF6
:10454A001AF002D2010EF36E040EF3CFDBFF120053
:10455A00E76E040EE7CFDBFF1200010EE66ED950BC
:10456A001200046E96809482958C958E9588958A11
:10457A001200DD6DDE1FDE23DF1FDF23E01FE023D5
:10458A001200ED6DEE1FEE23EF1FEF23F01FF02355
:10459A001200CD55000ECE55000ECF55000ED05547
:1045AA001200C955610ECA55000ECB55000ECC55E6
:1045BA00120045684668476848687EEC4EF03C50F1
:1045CA001200010EDB50EA6A580FE96E010EEA2268
:1045DA001200F36E010EF3CFDBFF020EDB6A12004C
:1045EA00010EDBCFA2F0020EDBCFA3F01200F29E87
:1045FA0001018751881189118A1112004C6B4D6B88
:10460A004E6B4F6B050E296F1200010EE66ED9CF65
:10461A00E6FFDACFE6FF1200C96BCA6BCB6BCC6B35
:10462A001200CD6BCE6BCF6BD06B1200E90EE96E28
:10463A00010EEA6E1200DECFE6FFDDCFE6FF1200C2
:10464A00F36E020EF3CFDBFF1200DF6E040184511A
:10465A001200E926000EEA22120070D9E66ECD0E8B
:10466A00E66E010EF0EF24F0E66E060EFBDCE66A5B
:10467A00120093D9BDDD18D997D9BADD24D931EF03
:10468A0021F03CEC10F0B1D9E66AC90EE66E010ED3
:10469A00F0EF24F002EC4AF0E55256D179D9EECF88
:1046AA004EF0EECF4FF0EECF50F0EFCF51F01200B8
:1046BA00506A516A4EC0E6FF84EF24F0F5DD060E1B
:1046CA00D1DCE66A120010EC44F041C052F042C05C
:1046DA0053F043C054F044C055F041C046F042C0C4
:1046EA0047F043C048F044C049F032D14AD9010EDC
:1046FA0037EF20F0536A546A556A52504E1253509B
:10470A004F12545050125550511297EF24F0FA514B
:10471A00F324E96EFB51F420EA6E120039D9EECF88
:10472A0041F0EECF42F0EECF43F0EFCF44F04EC06F
:10473A0046F04FC047F050C048F01200B5DD010EF8
:10474A0037EF20F0846FE850090812003CEC10F0B3
:10475A004CD9E66AC50EE66E010E3DD9E66A12002C
:10476A00E5C140F0E6C141F0E7C142F0E8C143F0DB
:10477A001200D5C140F0D6C141F0D7C142F0D8C12C
:10478A0043F0120041C04EF042C04FF043C050F017
:10479A0044C051F012001AD9E66EF0EF20F0010E73
:1047AA00E66EF0EF20F0DBCF4EF04F6AEDEF20F02F
:1047BA0041C0DEFF42C0DEFF43C0DEFF44C0DDFF72
:1047CA00DD52DD521200010F6FDD030E37EF20F0CC
:1047DA00496EBED044C0EDFF43C0EDFF42C0EDFFBD
:1047EA0041C0EFFF12002BDD050ED7EF21F027DDC8
:1047FA00040EE1261200D56DD61FD623D71FD72364
:10480A00D81FD8231200E56DE61FE623E71FE7232A
:10481A00E81FE8231200F3DD0101486B496B4A6B7C
:10482A004B6B12000CDDE6521200E2DC01011200B1
:10483A00DFCFE6FF010EE66EADEF21F02F0D39DD79
:10484A00260E2EEF23F0A6EC42F04E6E080EE15E25
:10485A004E5012006DDDEE50ED1012002F0D0501C5
:10486A005EEF21F0E552E7CFD9FF1200E4EC2CF01D
:10487A00E5521200E96E01EF21F0D4DF3CEC10F0B2
:10488A00B4D8ADD8D50EE66E010EEEDEB7D0DD0E89
:10489A00E66E010EE9DEE10EE66E010E39EF23F057
:1048AA00C1DFEFDE9CD8AAD0730E4E6E910E3DEC9E
:1048BA0020F038C1E6FF39C1E6FF3AC1E6FF3BC145
:1048CA00E6FFFDEF20F05F0E4E6E910E3DEC20F0FC
:1048DA003CC1E6FF3DC1E6FF3EC1E6FF3FC1E6FF40
:1048EA00FDEF20F03DEC20F0E5C1E6FFE6C1E6FF72
:1048FA00E7C1E6FFE8C1E6FFCDDE31EF21F04FC0A8
:10490A00E6FF50C0E6FF51C0E6FF1200E90EE66E70
:10491A00010EAADEFDEF24F0A7DEE90EE66E010E17
:10492A0032EF23F04EC0DFFF010E4FC0DBFF020E55
:10493A0050C0DBFF030E51C0DBFF1200E66E060E0D
:10494A0037EC20F0010E1200E552E552E552120052
:10495A004EC041F04FC042F050C043F051C044F045
:10496A001200010EDBCF4EF04F6AA2DE1AEF24F0DE
:10497A00C9C140F0CAC141F0CBC142F0CCC143F039
:10498A00120033D8C6EF21F0E8DD010FA3EF23F0C0
:10499A00D9CFE9FFDACFEAFF1200780E4E6E910EF8
:1049AA003DEC20F016EF22F0640E4E6E910E3DECB7
:1049BA0020F01FEF22F082DED950120097DECDDD03
:1049CA00E8EF23F02F0D05018CEF23F0E126DF6AD3
:1049DA00010EDB6A1200E66E070E37EF20F0E66A78
:1049EA00D10EE66E010E39EF23F0E66AF0EF20F001
:1049FA00ED0EE66E010E31DE2AEF23F0D90EE66ED9
:104A0A00010E39EF23F0D8CFE4FFE0CFE4FFE46EE4
:104A1A00DACFE4FFE9CFE4FFEACFE4FFF3CFE4FF24
:104A2A00F4CFE4FFE6526CEC3AF0A4A645D1A49682
:104A3A000001602B00019B510001605D01E29FD0E3
:104A4A00606B0001A5EC39F0EF6A79907B6A7A6AAB
:104A5A000001992B00019A510001995D01E3996BBC
:104A6A0008EC3BF0EA22EE50ED1001E188D0F4ECBC
:104A7A003AF0EECF58F0EFCF59F05850561802E1FD
:104A8A00595057185FE009B289864FEC3AF0EA228A
:104A9A00EE50ED1051E0F4EC3AF00401EE50565CA1
:104AAA00CF6FEE505758D06FE83422E2CF5100084A
:104ABA00000ED0551DE200014FEC3AF010EC39F02F
:104ACA0004015750D019E8AE02D0D03504D0CF51E6
:104ADA00565CD05157580AE200014FEC3AF020ECEC
:104AEA003AF05650EE265750ED222CD0000124D031
:104AFA00CFC456F0D0C457F0566C571E000E57223A
:104B0A0000014FEC3AF0EA22EECF58F0EFCF59F01D
:104B1A0059505718E8AE02D0573404D05650585C52
:104B2A005750595809E24FEC3AF020EC3AF05650F7
:104B3A00EE5E5750ED5A06D0F4EC3AF056C0EEFF4E
:104B4A0057C0EDFFA5EC39F0120EEF6EF29E000190
:104B5A0096EC3AF057C056F0576A5650B66E96EC35
:104B6A003AF05650B56EF00EB4140009B46EF00E59
:104B7A00B4140909B46E7980F28E09B289960401D7
:104B8A00000ED8807A55000E7B552EE2882B000E37
:104B9A0089237A51885D7B51895926E3886B896B11
:104BAA00030E7E5D1FE27C51EA6A200FE96E010E58
:104BBA00EA2280CFEFFF7C51EA6A230FE96E010EE9
:104BCA00EA2281CFEFFF7C51EA6A260FE96E010ED5
:104BDA00EA2282CFEFFF7C2B030E7C5D01E37C6B24
:104BEA007E2B02D07A6B7B6B000ED8807F55000E2D
:104BFA0080551CE2000ED8808E55000E8F5516E2A5
:104C0A008A2B000E8B237F518A5D80518B590EE3CC
:104C1A008A6B8B6B030E835D07E2812B030E815D2A
:104C2A0001E3816B832B02D07F6B806B8E518F11D6
:104C3A000BE0050E8D5D07E3C18C9E9C9D8CC280A6
:104C4A00C2828D6B01D08D2B0101BE5101E0BE07DE
:104C5A000401BE51BF11C011C1110BE0BE07000E05
:104C6A00BF5BC05BC15BBE51BF11C011C11101E185
:104C7A008996020E955D20E1985199111DE09807D9
:104C8A00000E995B9851991117E19A519B1114E002
:104C9A009A07000E9B5B9A519B110AE1045003E1AB
:104CAA008D808B8202D08C828982030E956F04D00C
:104CBA00E80E986F030E996F9EAC4FD09E9CC1ACC4
:104CCA0007D0C19C010E0401906F916B8C6B2AD0A6
:104CDA00C450586E596E586AC35000015810566E27
:104CEA0059C057F004018C51E96EEA6A65EC3AF052
:104CFA00EA2256C0EEFF57C0EDFF0B0E8C5D0EE1A7
:104D0A008C51E96EEA6A65EC3AF010EC39F092518E
:104D1A00565C9351575802E2010E946FD89090371F
:104D2A0091378C2B100E8C5D0EE290518E15566EBB
:104D3A0091518F15576E5650571005E18C2BD8900C
:104D4A0090379137EFD7100E8C5D02E39D9C05D00A
:104D5A008C51040DF328C26EC282E552E552E7CFA8
:104D6A00D9FFE552E5CFF4FFE5CFF3FFE5CFEAFF40
:104D7A00E5CFE9FFE5CFDAFFE550E5CFE0FFE5CF84
:104D8A00D8FF1000D9CFE6FFE1CFD9FF020EE12606
:104D9A00DE6ADD6AE2CFD1F4E1CFD2F4D1C44EF0BB
:104DAA004EC04FF04E6A0401D25104014E10D36F27
:104DBA004FC0D4F4D3C4DEFFD4C4DDFF080EDE2610
:104DCA00000EDD22D9CFE9FFDACFEAFFBF0ED88085
:104DDA00EE540E0EED540BE3DECFE9FFDDCFEAFF12
:104DEA00EE0EEF6EDF2A010E01E3DB2AEBD7020E8D
:104DFA00E15C02E2E16AE552E16EE552E7CFD9FFF2
:104E0A00120011EC3BF0BF0EF36E010EF3CFDBFF85
:104E1A000E0EF36E020EF3CFDBFFF28C010EDBCF28
:104E2A00E9FF020EDBCFEAFFEF50EE0806E1010EC2
:104E3A00DB06020EF3E2DB06F1D7E8EC39F00401F7
:104E4A004E50CD5D4F50CE5906E2010EDBCFCDF468
:104E5A00020EDBCFCEF4F28C030EE15C02E2E16AD1
:104E6A00E552E16EE4EF38F015EC3BF0896A92689E
:104E7A0004018E6B8F6B8A6A93688B6A94688C962E
:104E8A008C9495969594928E010EBD6F846B826B6D
:104E9A00816B836B7D6B7C6B7E6B7A6B7B6B7F6BC1
:104EAA00806B886B896B8A6B8B6B8C6B7682768056
:104EBA00769C769A76887696FA0E776EDE6ADD6A40
:104ECA00A0EC39F0100E4E5C000E4F5813E2B3EC12
:104EDA0039F0010ED890E936EA36E806FBE1000E11
:104EEA00E926010EEA22EE6AED6ADF2A010EE8E3FC
:104EFA00DB2AE6D70401B76BB86BB56BB66BDE6A13
:104F0A00DD6AB1EC3AF00AE2B3EC39F0000EE926B8
:104F1A00020E12EC3AF0F5E3DB2AF3D7DE6ADD6A19
:104F2A00B1EC3AF00AE2B3EC39F0400EE926020E8F
:104F3A0012EC3AF0F5E3DB2AF3D7DE6ADD6AA0EC7D
:104F4A0039F0000E4E5C010E4F580AE2B3EC39F00C
:104F5A00000EE926030E12EC3AF0F1E3DB2AEFD752
:104F6A000401B96BBA6BBB6BBC6B856B866B876BC9
:104F7A000F01498FBE0EC16ED08E7694A386A59678
:104F8A0066EC10F0D7EC41F076845DEC35F0040164
:104F9A00C96BCA6BCB6BCC6B0E6ABE6BBF6BC06B3B
:104FAA00C16B600EC26FEA0EC36FC46BC56B010E94
:104FBA00C66FCD6BCE6B926B936B966B976B986B40
:104FCA00996B9A6B9B6B956B946BF28EF28C020EBB
:104FDA00E15C02E2E16AE552E16EE4EF38F00401D5
:104FEA0084513EE0010E0101C31507E0050E0401DC
:104FFA00845D03E02C0EF7EC38F004018451080AB2
:10500A0026E00F0A20E0010A1AE0030A25E0010A55
:10501A0012E0070A0CE0010A06E0030A1DE1040E89
:10502A004E6E930E17D0EA0E4E6E920E13D0D00E1D
:10503A004E6E920E0FD0B30E4E6E920E0BD0930E92
:10504A004E6E920E07D07B0E4E6E920E03D0530E0A
:10505A004E6E920EBEEC38F0E8EC38F00401846B28
:10506A0012000401CA511DE0010E0E1414E0CB51C6
:10507A0012E1340E4E6E920EBEEC38F0020EE66E5F
:10508A00C9C44EF04F6AEBEC38F0E8EC38F0040192
:10509A00010ECB6F1200010E0E1403E1CB5101E099
:1050AA00CB6B1200D8EC38F0050EE126EFEC39F0A4
:1050BA00ECEC37F004017E5100080AE2D8EC31F03A
:1050CA0004017D2B030E7D5D01E17D6B7E07F2D726
:1050DA00835100080AE2F7EC31F00401822B030E37
:1050EA00825D01E1826B8307F3D7200E0501E76E2B
:1050FA00BC19E8AE02D0E73402D0E750BC5D01E249
:10510A0098D06550020B01E094D0400EE66E400E36
:10511A00E66E020EE66ED0EC46F01CEC3BF0E76E53
:10512A00020EE7CFDBFFDB50000801E381D0030E5C
:10513A00DB6A020EDB50F36E030EB8EC39F001E3C2
:10514A0077D0030EDB50EA6A400FE96E020EEA22BC
:10515A00040EEFCFDBFF09A805D0DBCFE6FF20EC7A
:10516A004FF0E5520401EC5160E1E75123E10D0EE5
:10517A004E6E040EDB504E5C06E00A0E4F6E040EB5
:10518A00DB504F5C17E1010EE76F0401D2EC39F0F6
:10519A000D0EEF6EB72B09B08B80F5D809B08B9046
:1051AA000401B76BB86B0401010EEB6F18DF59DF0E
:1051BA0079D82BD0040EDB5008080EE10401B75150
:1051CA0000080AE2B707D2EC39F0EF6A310E4E6EE8
:1051DA00920EBEEC38F019D0040EDB500D0815E023
:1051EA00040EDB500A0811E0200EF36E040EB8EC30
:1051FA0039F00BE30401D2EC39F0040EDBCFEFFFF8
:10520A000401E76BEB6B0401B72B0401B7514E6E37
:10521A004F6A000E4E1809E1010E4F1806E1030EFF
:10522A004DEC39F00401B76BB86B030EDB2A81D75A
:10523A0039D8050EE15C02E2E16AE552E16EE4EF7B
:10524A0038F06CEC3AF0B5C4DFFFDF2A400E1AECF6
:10525A0039F001E1DF6A0401B651DF5C01E122D8CD
:10526A000401B551EA6A000FE96E020EEA22FE0E47
:10527A00DBCFEFFFB52B400EB55D01E1B56BB65143
:10528A00B55D03E1020E4DEC39F0FE0EDBCF4EF0B8
:10529A004F6A4EBE4F684EC0F3FF4FC0F4FFE5524F
:1052AA00E4EF38F06CEC3AF00401B551B65D1DE05C
:1052BA000501A45105E05CEC47F09EEC3BF0F8D701
:1052CA000401B651D880B55507E2B651B55D56EC22
:1052DA0039F0B5C4B6F407D0400ED880B65556ECAE
:1052EA0039F00401B66B5CEC47F0E552E4EF38F0B4
:1052FA0015EC3BF00401D0EC38F0F6EC39F0F3CFC2
:10530A00C7F40401F9EC38F004E1010E4F1801E189
:10531A00B86BC751DE6EDD6AD0EC38F02C0825E098
:10532A00D0EC38F00D0821E0D0EC38F00A081DE086
:10533A00D0EC38F0F6EC39F0F3CFC8F40401F9EC0C
:10534A0038F004E1010E4F1801E1B86BC7C450F000
:10535A00C7C451F0506AC851000150244E6E000E65
:10536A0051204F6E4EC0DEFFDD6EA0EC39F04EC00C
:10537A00F3FF4FC0F4FF020EE15C02E2E16AE5527C
:10538A00E16EE4EF38F0D8EC38F0090EE126DE6A77
:10539A00DD6A020EDB6A030EDB6A050EDB6A010EAA
:1053AA00F36E060EF3CFDBFF0401C76BC86BCC515B
:1053BA0001E191D0060EDB6A040EB7C4DBFFDB50B5
:1053CA0003E0040EDB0602D0040EDB68040E90EC48
:1053DA0039F0EF502C0816E0050EF36EDBCFF4FF20
:1053EA00E850F45C0FE2040EDB50B85D0BE0040EEB
:1053FA00DB5003E0040EDB0602D0040EDB68050E68
:10540A00DB2AE4D7040E90EC39F0EF502C085DE16A
:10541A00070EB8C4DBFF040EDBCFB8F4E66AD95036
:10542A00020F1CEC3AF0070EDBCFB8F4080EB8C432
:10543A00DBFF040EDB50F36E080EDB50F35C18E062
:10544A00080E90EC39F0030EDBCFE7FFEF50E726AA
:10545A00030EE7CFDBFF080EDB2ADB504E6E4F6AE6
:10546A00E850E7E1010E4F18E4E1080EDB6AE1D7E4
:10547A00030EDB1C010FE76E030EE7CFDBFF020E04
:10548A00DB50F36E030EDB50F35C0BE1010EF36E9F
:10549A00060EF3CFDBFF040E90EC39F00D0EEF6E23
:1054AA001AD00101C3A103D023DF75EC39F00B0E2A
:1054BA004E6E920EBEEC38F0030ECEEC39F040EC94
:1054CA003AF0050E4DEC39F056D212DF33EC3AF0D1
:1054DA00080E4DEC39F0060EDB5001E14AD208DF26
:1054EA00F3CFDEFFF4CFDDFF000EDFCF42F0010E77
:1054FA00DBCF43F0520E421802E1540E431801E189
:10550A00F0D1550E421802E1510E431801E1E7D1DC
:10551A004D0E421802E1480E431801E1DDD1520E48
:10552A00421802E1530E431801E1D3D1520E421838
:10553A0002E1510E431801E1C9D1420E421802E1BB
:10554A00520E431801E1BFD1540E421802E1510E26
:10555A00431801E1B5D1540E421802E1530E431823
:10556A0001E1ABD1530E421802E1430E431801E1A7
:10557A00A1D1530E421802E1510E431801E197D10D
:10558A004D0E421802E1580E431801E18DD1530E17
:10559A00421802E1450E431801E183D1430E421835
:1055AA0002E1410E431801E179D14D0E421802E1A0
:1055BA00510E431801E16FD1320E421802E1530E27
:1055CA00431801E165D1450E421802E1530E431812
:1055DA0001E15BD1470E421802E1510E431801E185
:1055EA0051D1430E421802E1510E431801E147D14D
:1055FA004B0E421802E1430E431801E13DD14C0E15
:10560A00421802E1420E431801E133D1440E421816
:10561A0002E14E0E431801E129D1490E421802E176
:10562A004E0E431801E11FD1420E421802E1510EFB
:10563A00431801E115D14C0E421802E1510E4318EC
:10564A0001E10BD14C0E421802E1530E431801E15D
:10565A0001D14E0E421802E1510E431801E1F7D072
:10566A004E0E421802E1530E431801E1EDD0430EEB
:10567A00421802E1530E431801E1E3D04D0E4218DD
:10568A0002E1450E431801E1D9D0450E421802E164
:10569A00510E431801E1CFD0500E421802E1510ECB
:1056AA00431801E1C5D0500E421802E1540E4318C6
:1056BA0001E1BBD0500E421802E1530E431801E13A
:1056CA00B1D04D0E421802E1530E431801E1A7D0A2
:1056DA00570E421802E14D0E431801E19DD0520EB9
:1056EA00421802E14D0E431801E193D0440E4218CC
:1056FA0002E1500E431801E189D04F0E421802E12F
:10570A00500E431801E17FD0490E421802E1500EB3
:10571A00431801E175D0410E421801E143506DE092
:10572A00560E421801E1435065E0490E421801E164
:10573A0043505DE04F0E421801E1435055E0550ECB
:10574A00421802E1430E43184DE0430E421801E1AC
:10575A00435045E0520E421801E143503EE04D0EDF
:10576A00421802E14C0E431835E0330E421802E1AA
:10577A00540E43182CE0440E421802E1540E43180A
:10578A0023E0330E421802E14C0E43181AE0540E7D
:10579A00421802E14C0E431811E04D0E421802E184
:1057AA00430E431808E00401C85101E0A7D00101E3
:1057BA00C3A19FD099D077EC15F0C5D001EC13F0B6
:1057CA00C2D033EC12F0BFD073EC12F0BCD0EAECCA
:1057DA0012F0B9D0FAEC11F0B6D014D9B4D0F2EC78
:1057EA0030F0B1D016D9AFD0A2EC31F0ACD0D8ECB1
:1057FA0031F0A9D0EEEC31F0A6D0F7EC31F0A3D01D
:10580A0034EC33F0A0D0AFEC33F09DD095EC32F00D
:10581A009AD076EC32F097D05BEC32F094D05FEC11
:10582A0015F091D014EC1AF08ED0EEEC19F08BD062
:10583A006EEC19F088D086EC19F085D0C9EC1AF014
:10584A0082D039EC11F07FD02AEC1BF07CD04BECE3
:10585A001BF079D05DEC1BF076D07DEC1BF073D099
:10586A00A4EC1BF070D008EC1BF06DD01BEC1BF005
:10587A006AD066EC34F067D0B8EC34F064D0B8EC97
:10588A001BF061D0D1EC1BF05ED004EC1CF05BD0B5
:10589A004CEC42F058D002EC1DF055D088EC31F0B7
:1058AA0052D017EC19F04FD0D3EC17F04CD043EC90
:1058BA001DF049D08DEC1DF046D0A0EC35F043D058
:1058CA00D7EC35F040D06EEC34F03DD075EC34F0C6
:1058DA003AD085EC34F037D08DEC16F034D0F3DBC7
:1058EA0032D0F8EC16F02FD09AEC39F02C0EF7ECF7
:1058FA0038F099EC3AF09FEC3AF01CD00101C3A1C0
:10590A0007D09AEC39F0DAEC39F02C0EF7EC38F0D3
:10591A0099EC3AF0DAEC39F09FEC3AF0ADEC3AF067
:10592A00C7C4E6FF24EC3AF0B7EC3AF0020EE66E92
:10593A00C8C44EF04F6AEBEC38F0270EF7EC38F09B
:10594A00050E4DEC39F00401D0EC38F00D0811E0E9
:10595A0084510FE1520E4E6E4F6ADF504E1803E12A
:10596A00DE52DD504F1805E033EC3AF0070E4DECED
:10597A0039F0B7C4B8F4090EE15C02E2E16AE55213
:10598A00E16EE4EF38F06CEC3AF02C0EDF6E010EAB
:10599A000101C31503E1FE0EDB500EE09AEC39F06B
:1059AA000401C85102E0DAEC39F0FD0EDB5004E0E4
:1059BA00DFCFE6FF46DCE552E552E4EF38F0D8ECFB
:1059CA0038F00101C3A104D0EF0E4E6E910E16D02D
:1059DA000401BD5108E0FE0EDB5005E1EC0E4E6EEF
:1059EA00910EBEEC38F0FE0EDB50020804E1E90E1F
:1059FA004E6E910E03D0E60E4E6E910EBEEC38F04E
:105A0A00E4EF38F033EC3AF051EC39F04BDC39EF93
:105A1A0027F0D9CFE6FFE1CFD9FF040EE126E66AE7
:105A2A00E66AB1DFE552E552E66AD9CFE6FFDACF98
:105A3A00E6FF030EE66E3AEC36F0E552E552E55221
:105A4A00E552E66AD950020FE66E000EDA20E66EDB
:105A5A00020EE66E3AEC36F0E552E552E552E552B0
:105A6A000401845101E025D3010E4E6E4F6ADF50C6
:105A7A004E1803E1DE52DD504F181EE1D950020FD5
:105A8A00E96EDACFEAFFEE50ED100BE0010E4E6E32
:105A9A004F6A020EDB504E1803E1030EDB504F181B
:105AAA0004E1020EDBCFBDF406D0060EE66EB6ECBC
:105ABA0038F0E552FED2FAD2020E4E6E4F6ADF502D
:105ACA004E1803E1DE52DD504F181EE1D950020F85
:105ADA00E96EDACFEAFFEE50ED100BE0010E4E6EE2
:105AEA004F6A020EDB504E1803E1030EDB504F18CB
:105AFA0004E1020EDBCFC2F106D0060EE66EB6EC6A
:105B0A0038F0E552D6D2D2D2030E4E6E4F6ADF502B
:105B1A004E1803E1DE52DD504F1820E1D950020F32
:105B2A00E96EDACFEAFFEE50ED1003E106908C94AD
:105B3A0014D0010E4E6E4F6A020EDB504E1803E16E
:105B4A00030EDB504F1803E106808C9406D0060E34
:105B5A00E66EB6EC38F0E552ACD2A8D2040E4E6E20
:105B6A004F6ADF504E1803E1DE52DD504F181DE137
:105B7A00020EDBCF4EF0030EDBCF4FF04F3404E2C0
:105B8A004E502008000E4F5407E2200EF36E020E0C
:105B9A00F3CFDBFF030EDB6AB8EC1CF0000901E06F
:105BAA00FBD7020EDB50136E81D20A0E4E6E4F6A7D
:105BBA00DF504E1803E1DE52DD504F1820E1D95074
:105BCA00020FE96EDACFEAFFEE50ED1003E10101B0
:105BDA00C39114D0010E4E6E4F6A020EDB504E185E
:105BEA0003E1030EDB504F1803E10101C38106D024
:105BFA00060EE66EB6EC38F0E5525BD257D2320E9C
:105C0A004E6E4F6ADF504E1803E1DE52DD504F18D8
:105C1A000FE1D950020FE96EDACFEAFFEE50ED102C
:105C2A0003E10401C66B03D00401010EC66F3ED224
:105C3A00330E4E6E4F6ADF504E1803E1DE52DD50CE
:105C4A004F1811E1FF0EE76E020EDBCF4EF0030E86
:105C5A00DBCF4FF0E7504E164F6A4E500C6E0C5089
:105C6A0001E10E9023D2340E4E6E4F6ADF504E1869
:105C7A0003E1DE52DD504F180EE1FF0EE76E020E11
:105C8A00DBCF4EF0030EDBCF4FF0E7504E164F6AD4
:105C9A004E500D6E0BD2350E4E6E4F6ADF504E18B7
:105CAA0003E1DE52DD504F1814E1010E4E6E4F6AC9
:105CBA00020EDB504E1803E1030EDB504F1804E1CD
:105CCA000401010ECA6F04D00401CA6B0401CB6B34
:105CDA00EDD1360E4E6E4F6ADF504E1803E1DE529A
:105CEA00DD504F1812E1010E4E6E4F6A020EDB5064
:105CFA004E1803E1030EDB504F1804E10401010EB4
:105D0A00CC6F02D00401CC6BD1D13C0E4E6E4F6ADF
:105D1A00DF504E1803E1DE52DD504F180DE1020E3E
:105D2A00DBCF92F4030EDBCF93F4FF0E040192173C
:105D3A00030E04019317BAD13D0E4E6E4F6ADF501F
:105D4A004E1803E1DE52DD504F1837E1F29EF29C05
:105D5A00020EDBCF96F4030EDBCF97F404019651C3
:105D6A00971109E10401956B0401986B996B040181
:105D7A009A6B9B6B1FD004019551030A14E0020A27
:105D8A000FE0010A0DE0020A01E00AD096C49AF473
:105D9A0097C49BF40401E80E986F030E996F0AD01A
:105DAA000401010E956F0401986B996B04019A6BBB
:105DBA009B6B00D0F28CF28E79D1FA0E4E6E4F6A3E
:105DCA00DF504E1803E1DE52DD504F1822E1D95060
:105DDA00020FE96EDACFEAFFEE50ED1002E1099206
:105DEA0017D0010E4E6E4F6A020EDB504E1803E1B9
:105DFA00030EDB504F1806E1098295929590929214
:105E0A00929606D0060EE66EB6EC38F0E55251D1FF
:105E1A004DD1FB0E4E6E4F6ADF504E1803E1DE5233
:105E2A00DD504F182FE1D950020FE96EDACFEAFFA1
:105E3A00EE50ED1003E10996099423D0010E4E6E3F
:105E4A004F6A020EDB504E1803E1030EDB504F1867
:105E5A0012E109840996EC0EE66E4BEC4FF0E5521E
:105E6A00020EE66EE66A1C0EE66E45EC4EF0E55250
:105E7A00E552E55206D0060EE66EB6EC38F0E5526B
:105E8A0018D114D1FC0E4E6E4F6ADF504E1803E142
:105E9A00DE52DD504F182FE1D950020FE96EDACFEA
:105EAA00EAFFEE50ED1003E10996099423D0010EA2
:105EBA004E6E4F6A020EDB504E1803E1030EDB50A2
:105ECA004F1812E109860984EC0EE66E4BEC4FF08E
:105EDA00E552020EE66EE66A1C0EE66E45EC4EF0E0
:105EEA00E552E552E55206D0060EE66EB6EC38F0FB
:105EFA00E552DFD0DBD0FD0E4E6E4F6ADF504E18F2
:105F0A0003E1DE52DD504F182DE1D950020FE96E40
:105F1A00DACFEAFFEE50ED1002E1099822D0010E25
:105F2A004E6E4F6A020EDB504E1803E1030EDB5031
:105F3A004F1811E10988EC0EE66E4BEC4FF0E55272
:105F4A00020EE66EE66A1C0EE66E45EC4EF0E5526F
:105F5A00E552E55206D0060EE66EB6EC38F0E5528A
:105F6A00A8D0A4D0FE0E4E6E4F6ADF504E1803E141
:105F7A00DE52DD504F181AE109829592959092925D
:105F8A008C908C808C908C808C908C808C908C8067
:105F9A008C908C808C908C808C908C808C908C8057
:105FAA008C908C808C908C80EBD780D04E684F6A16
:105FBA00DF504E1803E1DE52DD504F181EE1D95072
:105FCA00020FE96EDACFEAFFEE50ED1002E1099A0C
:105FDA0013D0010E4E6E4F6A020EDB504E1803E1CB
:105FEA00030EDB504F1802E1098A06D0060EE66E50
:105FFA00B6EC38F0E5525DD059D04E6A010E4F6EBC
:10600A00DF504E1803E1DE52DD504F181EE1D95021
:10601A00020FE96EDACFEAFFEE50ED1002E1099CB9
:10602A0013D0010E4E6E4F6A020EDB504E1803E17A
:10603A00030EDB504F1802E1098C06D0060EE66EFD
:10604A00B6EC38F0E55235D031D0010E4E6E010E65
:10605A004F6EDF504E1803E1DE52DD504F1820E13B
:10606A00D950020FE96EDACFEAFFEE50ED1003E1E4
:10607A000990948014D0010E4E6E4F6A020EDB50C6
:10608A004E1803E1030EDB504F1803E10980949088
:10609A0006D0060EE66EB6EC38F0E5520AD006D007
:1060AA00060EE66EB6EC38F0E55203D0E66A87DCF7
:1060BA00E552040EE15C02E2E16AE552E16EE55264
:1060CA00E7CFD9FF12006CEC3AF07FEC3AF0010E00
:1060DA00C9EC38F00401845101E07CD0DF0406E108
:1060EA00020EE66EC9C44EF04F6A18D0020E1AECC0
:1060FA0039F006E1200EE66EE66AE66AE66A40D004
:10610A00030E1AEC39F002E1135020D0040E1AECF7
:10611A0039F007E106EC27F0FDEC39F0EBEC38F04A
:10612A004FD0050E1AEC39F00CE1FDEC39F0EBEC2E
:10613A0038F0E8EC38F0F29C0401CD6BCE6BF28CAF
:10614A0045D0060E1AEC39F004E10F5043EC39F051
:10615A0015D03C0E1AEC39F005E192C44EF093C406
:10616A004FF008D03D0E1AEC39F00DE196C44EF00E
:10617A0097C44FF0506A516A4EC0E6FF24EC3AF0D9
:10618A00FFEC3AF01DD0C80E1AEC39F01CE1F29E71
:10619A001EC0E6FF1FC0E6FF20C0E6FF21C0E6FFE3
:1061AA00FFEC3AF02C0EF7EC38F022C0E6FF23C0E1
:1061BA00E6FF24C0E6FF25C0E6FFFFEC3AF0F28EC8
:1061CA00E8EC38F003D08EEC3AF003D0E66AE4EC5F
:1061DA002CF0E552E552E4EF38F0D8EC38F0050E31
:1061EA002BEC3AF0010EE9EC3AF0EDEC3AF0E66A03
:1061FA00D950030F1CEC3AF0E66AD950040F2AEC86
:10620A003BF010E1DF50926E010EDB50936E020EEE
:10621A00DB50946E030EDB50956E040EDB50966EC7
:10622A0051EC39F0050EE15C02E2E16AE552E16EF9
:10623A00E4EF38F0D8EC38F0FE0EDB50100805E237
:10624A00100EF36EFE0EF3CFDBFFFD0EDB502BE0DC
:10625A00FE0EDB506AEC4FF0F35004018E13F4503B
:10626A008F13080EF36EFE0EB8EC39F00DE2010E34
:10627A00F36EFE0EDB5003E00CEC39F0FDE1F35057
:10628A00F31C0F0148173DD0FE0EDB500C0839E312
:10629A0004EC3AF004E0E846FE0B4E06FCE1E81C8A
:1062AA000F0149172ED0FE0EDB506AEC4FF0F3CFE8
:1062BA004EF0F4CF4FF04E1E4F1E4E5004018E1773
:1062CA004F508F17080EF36EFE0EB8EC39F00CE241
:1062DA00010EF36EFE0EDB5003E00CEC39F0FDE12B
:1062EA00F3500F0148130DD0FE0EDB500C0809E3E2
:1062FA0004EC3AF004E0E846FE0B4E06FCE10F011E
:10630A004913E4EF38F02EEC3BF0E9EC3AF0010FD8
:10631A002AEC3BF00AE1010EDBCFE6FFDFCFE6FF16
:10632A0089DFE552E55251EC39F0020EE15C02E2F6
:10633A00E16AE552E16EE4EF38F02EEC3BF0C9EC8D
:10634A0038F067EC39F027E1010EDB5002E1DF504B
:10635A00896E37EC3AF01FE1010EDB5002E1DF50A3
:10636A008A6E37EC3AF017E1010EDB5002E1DF509A
:10637A008B6E37EC3AF00FE1010EDB5002E1DF5091
:10638A008C6E37EC3AF007E1010EDB5002E1DF5088
:10639A008D6E51EC39F0020EE15C02E2E16AE552DF
:1063AA00E16EE4EF38F0010EE66EE66E03EC3BF0C8
:1063BA0080503CEC3AF081503CEC3AF082503CEC94
:1063CA003AF083503CEC3AF0845020EC3BF0E8EF92
:1063DA0038F075EC39F0B20E4E6E9A0EBEEC38F00B
:1063EA00E8EF38F011EC3BF0DF6A010EF36EDB6E7A
:1063FA00020EDB6AE66A010EE66E03EC3BF09DBC18
:10640A00FED7DF6ADFCF4EF0100EE76E4E18E8AE09
:10641A0002D0E73402D0E7504E5C3DE2010EDB5079
:10642A0004018E1500014E6E020EDB5004018F1519
:10643A0000014F6E4E504F1021E02C0EF7EC38F051
:10644A00DFCF4EF0ADEC3AF04EAE03D04F68506855
:10645A00516840EC3AF03A0EF7EC38F0DFCFE9FF3A
:10646A00EA6AE9BEEA6865EC3AF0EA22EECF4EF053
:10647A00EFCF4FF0506A516A40EC3AF0E8EC39F04D
:10648A00D8904E364F36010E4EC0DBFF020E4FC07B
:10649A00DBFFDF2AB7D7020ED6EC3AF0030EE15C37
:1064AA0002E2E16AE552E16EE4EF38F00DEC3BF00E
:1064BA00030EE9EC3AF0020F2AEC3BF00AE1BEECDB
:1064CA003AF005E2B3EC39F0020EDBCFEFFF51EC04
:1064DA0039F0030EE15C02E2E16AE552E16EE4EFB3
:1064EA0038F011EC3BF07FEC3AF0030EC9EC38F0CF
:1064FA00040184510DE1BEEC3AF005E2B3EC39F047
:10650A00020EEFCFDBFF020ECEEC39F019EC3BF0B6
:10651A00030EE15C02E2E16AE552E16EE4EF38F073
:10652A0023EC3BF001E093D0020EDB50010801E2BC
:10653A0087D0010EDB50070801E282D0410E1AEC27
:10654A0039F016E1020EDB500AE116EC39F003E0ED
:10655A000CEC39F0FDE1F350F31C921674D016ECF2
:10656A0039F003E00CEC39F0FDE1F35092126BD0F4
:10657A00420E1AEC39F016E1020EDB500AE116EC73
:10658A0039F003E00CEC39F0FDE1F350F31C9316FB
:10659A005AD016EC39F003E00CEC39F0FDE1F35077
:1065AA00931251D0430E1AEC39F016E1020EDB5069
:1065BA000AE116EC39F003E00CEC39F0FDE1F35096
:1065CA00F31C941640D016EC39F003E00CEC39F0C9
:1065DA00FDE1F350941237D0440E1AEC39F016E16B
:1065EA00020EDB500AE116EC39F003E00CEC39F04C
:1065FA00FDE1F350F31C951626D016EC39F003E0B2
:10660A000CEC39F0FDE1F35095121DD0450E1AEC51
:10661A0039F016E1020EDB500AE116EC39F003E01C
:10662A000CEC39F0FDE1F350F31C96160CD016EC85
:10663A0039F003E00CEC39F0FDE1F350961203D087
:10664A008EEC3AF003D0E66AE4EC2CF0E552030E45
:10665A00E15C02E2E16AE552E16EE4EF38F011EC46
:10666A003BF0020EDB6A7FEC3AF0050EE9EC3AF0F9
:10667A00010F2AEC3BF066E1010EDB50070850E3FC
:10668A00410E1AEC39F00AE116EC39F003E00CEC91
:10669A0039F0FDE1F350801439E029D0420E1AECAA
:1066AA0039F00AE116EC39F003E00CEC39F0FDE1BF
:1066BA00F35081141CE12AD0430E1AEC39F00AE196
:1066CA0016EC39F003E00CEC39F0FDE1F3508214DA
:1066DA000EE11CD0440E1AEC39F00BE116EC39F03D
:1066EA0003E00CEC39F0FDE1F35083140FE0010EE6
:1066FA0010D0450E1AEC39F013E116EC39F003E02C
:10670A000CEC39F0FDE1F350841402E1000E01D0E3
:10671A00010EE76E020EE7CFDBFFDB5009E003D084
:10672A008EEC3AF00ED0010EF36E020EF3CFDBFFC1
:10673A00020ECEEC39F040EC3AF0010EE66EE4ECD3
:10674A002CF0E552030EE15C02E2E16AE552E16EE9
:10675A00E4EF38F023EC3BF001E093D0020EDB507B
:10676A00010801E287D0010EDB50070801E282D05E
:10677A00410E1AEC39F016E1020EDB500AE116EC72
:10678A0039F003E00CEC39F0FDE1F350F31C891603
:10679A0074D016EC39F003E00CEC39F0FDE1F3505B
:1067AA0089126BD0420E1AEC39F016E1020EDB5058
:1067BA000AE116EC39F003E00CEC39F0FDE1F35094
:1067CA00F31C8A165AD016EC39F003E00CEC39F0B7
:1067DA00FDE1F3508A1251D0430E1AEC39F016E15A
:1067EA00020EDB500AE116EC39F003E00CEC39F04A
:1067FA00FDE1F350F31C8B1640D016EC39F003E0A0
:10680A000CEC39F0FDE1F3508B1237D0440E1AEC40
:10681A0039F016E1020EDB500AE116EC39F003E01A
:10682A000CEC39F0FDE1F350F31C8C1626D016EC73
:10683A0039F003E00CEC39F0FDE1F3508C121DD075
:10684A00450E1AEC39F016E1020EDB500AE116EC9D
:10685A0039F003E00CEC39F0FDE1F350F31C8D162E
:10686A000CD016EC39F003E00CEC39F0FDE1F350F2
:10687A008D1203D08EEC3AF003D0E66AE4EC2CF0E9
:10688A00E552030EE15C02E2E16AE552E16EE4EFF1
:10689A0038F0D9CFE6FFE1CFD9FFE652DF6AFF0E23
:1068AA00DF5C0AE2E868E85005E0E80600D000D0BC
:1068BA0000D0F9D7DF2AF3D7E552E552E7CFD9FF5F
:1068CA001200F29EF29C6592656AE3DF0FEF00F018
:1068DA001200F29EF29C6592656ADBDFFF001200ED
:1068EA0075EC39F08050080B01E0010E20EC3BF00A
:1068FA000101C3B103D0020ED6EC3AF051EF39F0E0
:10690A00D8EC38F0060E2BEC3AF0070EC9EC38F04A
:10691A00010EE66ED950040F1CEC3AF0E76E050E34
:10692A00E7CFDBFF0401845116E1DFCFC2F4010E89
:10693A00DBCFC3F4020EDBCFC4F4030EDBCFC5F406
:10694A00050EDB5006E1040EDB5002E0898601D019
:10695A00899651EC39F0060EE15C02E2E16AE552F1
:10696A00E16EE4EF38F0D8EC38F0100EE12633ECA3
:10697A003AF0E8EC38F0E66AD950010FF2EC38F058
:10698A00E66A73D930EC3AF0E66ADBEC3AF0010ECB
:10699A00E9EC3AF0040FF2EC38F0020EE9EC3AF0C6
:1069AA00020FF2EC38F0030EE9EC3AF00A0FF2ECBF
:1069BA0038F0060EE9EC3AF0060FF2EC38F0070E62
:1069CA00E9EC3AF00E0FF2EC38F0040EE9EC3AF08A
:1069DA000F0FF2EC38F0050ED7DBDE0E4E6E910E7D
:1069EA00C8DB010ECEEC39F04EAE03D04F685068CA
:1069FA005168FAEC3AF0D60E4E6E910EBADBDFCF42
:106A0A004EF0ADEC3AF019EC3BF0CE0E4E6E910E14
:106A1A00B0DB040EDBCF4EF0050EDBCF4FF0506A31
:106A2A00516A4FAE02D050685168FAEC3AF0C60E7D
:106A3A004E6E910E9EDB020EDBCF4EF0030EDBCFC5
:106A4A004FF0506A516A19EC3BF0BE0E4E6E910E31
:106A5A0090DBD9500A0FCFDB33EC3BF084EC3AF0F1
:106A6A00D950060FC8DBFFEC3AF0ADDBAE0E4E6E26
:106A7A00910E7FDB0E0EA6EC3AF0A60E4E6E910E2C
:106A8A0078DB0F0EA6EC3AF084EC3AF0080EE66ECC
:106A9A005AEC3AF084EC3AF0E66A5AEC3AF051ECE5
:106AAA0039F0100EE15C02E2E16AE552E16E87D349
:106ABA006CEC3AF0DF6A110EDF5C04E2CFDBEF6ABE
:106ACA00DF2AF9D7C4EC3AF0DF6A100EDF5C21E264
:106ADA00C5DBEF5080081DE3C1DBEFCF4EF0200E7F
:106AEA004E5C17E3BBDBEF50E66E180E02014F6AED
:106AFA00FA254E6EFB51C2EC39F0B0DBEF50E66E70
:106B0A00020E4F6AFC254E6EFD51C2EC39F0DF2AA7
:106B1A00DCD7DF50E824180FFAC2E9FFFBC2EAFF0C
:106B2A00EF6EDF50E824020FFCC2E9FFFDC2EAFF64
:106B3A00EF6EE55244D315EC3BF0DF6A33EC3AF0E2
:106B4A00010EDB6A110EF36E010EB8EC39F00BE29E
:106B5A00010EDB50EA6AD50FE96E040EEA22EF6AEB
:106B6A00010EDB2AEFD7100EE66EE0EC3AF03AD8C7
:106B7A001CEC3BF0DF6EE668FB0EE66EE66AC9ECDB
:106B8A003AF0DDEC4CF0E3EC39F063DBA7EC4AF0C9
:106B9A00E3EC39F081DB020EE15C02E2E16AE552E4
:106BAA00E16E0DD36CEC3AF09BDBDF6A110EDF5C11
:106BBA0004E254DBEF6ADF2AF9D7C4EC3AF0800E1C
:106BCA000401D55D09E2D551200806E2E0EC3AF06D
:106BDA00A0EC49F0E552E5520101C3A1F4DA5CDB0D
:106BEA00E552EDD26CEC3AF0DF6A73DBEF6A0D0E18
:106BFA004E6E0401D0DA4E5C02E1040E0AD0CBDA02
:106C0A002C080AE00101C3A102D02C0EEBDA44ECF5
:106C1A003AF03EDB000E27D0E7DA04E1010E4F1806
:106C2A0001E1B86B89EC3AF009E02C0E4F6EB3DA49
:106C3A004F5C04E0FC0EDB50DF5C02E3DF5013D054
:106C4A00AADAE66E46DBE552E750EF6ECDDA04E1EA
:106C5A00010E4F1801E1B86BDF2AFD0EDB2AFE0E8A
:106C6A00E1E3DB2ADFD7E552AAD29DDA090EE12653
:106C7A00080EDB6A0401845102E0050E2FD189EC6B
:106C8A003AF004E1FB0EDB501EE11BD084DA2C083B
:106C9A000CE0FB0EDB5007E10101C3A102D02C0E70
:106CAA00A1DAEDDBF5DA020E19D19EDA04E1010E62
:106CBA004F1801E1B86B89EC3AF007E1FB0EDB50A3
:106CCA0002E1040EE5DA030E09D12D0E4E6E63DAE7
:106CDA004E5C20E1040E64DB1DE0050E506EFE0ED4
:106CEA00DB50505C17E0FE0EDB0401E1BDD0030E61
:106CFA003FDB01E1B9D0070E53DB01E1B5D0010E4C
:106D0A00F36E080EF3CFDBFF6FDA04E1010E4F18C2
:106D1A0001E1B86B040E2CDB09E0050E41DB06E04D
:106D2A000A0E06DBE4D81CEC3BF031D0B851B7DBD5
:106D3A00EFCF4EF0000E4EC0DFFF4CDB050E18DB26
:106D4A001FE1000EDFCFE6FF010EDBCFE6FF37ECD7
:106D5A004FF0E552E552F3CF4EF0F4CF4FF0506AC0
:106D6A00516A4FAE02D0506851684EC0DFFF010E23
:106D7A004FC0DBFF020E50C0DBFF030E51C0DBFF2A
:106D8A00040132DA04E1010E4F1801E1B86B080E72
:106D9A00DB503EE0FE0EDB5006E155DA800E72DA79
:106DAA00000EEE5461E3020EE3DA06E14CDA000E5D
:106DBA00EE54800E67DA58E3060EF2DA06E143DA99
:106DCA00000E60DA800EEE544FE38FDA080EDB50C5
:106DDA0053E0040EDBCF40F0050EDBCF41F0060E88
:106DEA00DBCF42F0070EDBCF43F0456846684768C1
:106DFA0048687EEC4EF0040E3CC0DBFF050E3DC039
:106E0A00DBFF060E3EC0DBFF070E3FC0DBFF34D0C0
:106E1A00FE0EDB5006E117DA7F0EEE54000E32DA70
:106E2A0023E3FE0EDB0404E178DB000E2BDA1CE31D
:106E3A00020E9EDA04E171DB7F0E24DA15E3030EFB
:106E4A00AFDA04E16ADBFF0E1DDA0EE3060E506EBE
:106E5A00FE0EDB50505C0CE160DBFF0EEE54FF0EC1
:106E6A00EE547F0EEE5404E2060E12DA010E36D00C
:106E7A00070E7EDA01E039DAFE0EDB50070A21E05E
:106E8A00010A17E0050A11E0010A0FE0030A08E007
:106E9A00050A06E0010A04E0050A02E0040E1ED013
:106EAA003DDA040EDBCFEFFF18D075DBDBCFEDFF49
:106EBA0014D071DBDBCFEEFF060EDBCFEEFF070E41
:106ECA000AD02CDADFCFEEFF010EDBCFEEFF020E87
:106EDA00DBCFEEFF030EDBCFEEFF000E4E6E090E88
:106EEA00E15C02E2E16AE552E16E4E5068D198DB5C
:106EFA00F0D9EE6AEE6AEE6AEE6A010EDB6AFC0E01
:106F0A00DB50F36E010E2FDA4FE20401B851C7DAF3
:106F1A00EFCFDFFF300EDF5C42E3DF5039083FE39B
:106F2A00D8D9EECF4EF0EECF4FF0EECF50F0EFCFF4
:106F3A0051F00A0E456E466A476A486A4EC040F0EA
:106F4A004FC041F050C042F051C043F07EEC4EF0C9
:106F5A003CC04EF03DC04FF03EC050F03FC051F033
:106F6A00300EDF5C526E536A546A556AE8504E26F8
:106F7A0053504F225450502255505122AAD94EC034
:106F8A00EEFF4FC0EEFF50C0EEFF51C0EEFF04010E
:106F9A002BD907E1010E4F1804E1B86B02D0000E9D
:106FAA0004D0010EDB2AABD7010E4E6E020EE15C55
:106FBA0002E2E16AE552E16E4E5001D17C0E4E6E5C
:106FCA00910ED7D87EC44EF0C3DA19EF3BF0050113
:106FDA00BC5108E0010E4E6E6550020B01E0010E35
:106FEA004E5C17E1E5D90BE1ED51EE1111E18C860A
:106FFA00A00EED6F0F0EEE6F010EEF6F1200ED5146
:10700A00EE1152E18C96A00EED6F0F0EEE6FEF6B44
:10701A001200BC0509E0020EBC5D06E0040EBC5D70
:10702A0003E0100EBC5D17E1C3D90BE1ED51EE117F
:10703A0011E18C86200EED6F4E0EEE6F010EEF6F92
:10704A001200ED51EE1130E18C96200EED6F4E0ECE
:10705A00EE6FEF6B1200200EBC5D26E1A9D907E1A5
:10706A00ED51EE1121E18C86DDD9010E15D0EF0527
:10707A0007E1ED51EE1118E18C96D4D9020E0CD02D
:10708A00020EEF5D0BE1ED51EE110EE18C86A00EC2
:10709A00ED6F860EEE6F030EEF6F1200ED51EE11DB
:1070AA0003E18C96BFD9EF6B12007DD8AFD9E8AE59
:1070BA0002D04E3403D0E750D8804E5423E3FD0E5D
:1070CA00DB5010E023D9F6BEF768B3D804E0E846EF
:1070DA00FE0B4F06FCE14E6E19D9F6BEF768FAD9D7
:1070EA00EF1210D013D9F6BEF768A3D804E0E84629
:1070FA00FE0B4F06FCE1E81C4E6E08D9F6BEF76897
:10710A00E9D9EF165CD04FD881D9E8AE02D04E3417
:10711A0003D0E750D8804E5423E3FD0EDB5011E133
:10712A00F5D8F6BEF76885D804E0E846FE0B4F06A8
:10713A00FCE1E81C4E6EEAD8F6BEF768D3D9EF1622
:10714A000FD0E4D8F6BEF76874D804E0E846FE0B20
:10715A004F06FCE14E6EDAD8F6BEF768C3D9EF12D5
:10716A002ED021D80401845103E1FE0EDBCF84F432
:10717A0026D04F6E506A4EC0E6FFE66E50C0E6FF5C
:10718A008FEC49F01CEF3BF0E66E6FDD30EF3AF022
:10719A0056D9FFEF3AF0B85182D9EF5012002EDAE1
:1071AA00E66ADBEF3AF0D9CFE6FFE1CFD9FF12006A
:1071BA009951E96EEA6AD890E936EA361200E55240
:1071CA00E7CFD9FF1200010ED6EF3AF0506A516AA2
:1071DA004EC0E6FF34D9B7EF3AF0E66E000EDA2079
:1071EA00E66E1200E66EECD1B82BB8514E6E4F6ABD
:1071FA00000E4E181200E96EDACFEAFFEECFE6FF74
:10720A00EECFE6FFEECFE6FFEFCFE6FF1200D89013
:10721A00F336E8061200EA22EECF56F0EFCF57F027
:10722A001200010EF36EDB5012004E6EDF504E5C00
:10723A001200410EF6269B0EF7220800F5504F6EFB
:10724A00010E4F521200D9CFE9FFDACFEAFFD880F8
:10725A001200B1D9100EE66EC9EF3AF0DF50EA6AB1
:10726A00D50FE96E040EEA221200F7220900F5CFC3
:10727A00E9FF0800F5CFEAFF4E5012004E6E68D9BA
:10728A00E66E1200EE54000EEE54000EEE5412009A
:10729A00E66E67DFE5521200E66AE4EC2CF0E5528E
:1072AA001200DF6EDFCFE6FFB6514F6A000F4E6E57
:1072BA00020E4F224EC0E6FF4FC0E6FF0FEC47F02A
:1072CA001CEF3BF0E76E010EE7CFDBFF04018451B0
:1072DA001200FD0EDBCFE9FFFE0EDBCFEAFF120044
:1072EA00010EE66EE66A03EF3BF0D9CFE9FFDACF8B
:1072FA00EAFF040EEECFDBFF050EEECFDBFF060E34
:10730A00EECFDBFF070EEECFDBFF1200FE0EDBCF68
:10731A00F6FFF76A1200DB5054EF3AF0FC0EDBCFAF
:10732A00E9FFFD0EDBCFEAFF1200C7C4E6FF48D132
:10733A00E66EDBEF3AF0DECF4EF0DDCF4FF0120013
:10734A009951EA6A710FE96E000EEA22EF500001C4
:10735A00EA6A9C25E96E9D51EA221200DECFE9FF16
:10736A00DDCFEAFF1200DBCFF4FFF350F45C12002A
:10737A004E6EFE0EDB504E5C12004F22DF50E824A8
:10738A004E24E96E000E4F20EA6EE552E750EF6E8A
:10739A001200DBCF4EF0ADEF3AF0B75154EF3AF0AE
:1073AA004F6EFE0EDB504F5C1200C8C4E6FF08D1D8
:1073BA000401ED07000EEE5BEF5112004E6E080E4F
:1073CA00E15E4E501200010EDBCF4EF0020EDBCF13
:1073DA004FF01200010EDB6A020EDB6A030EDB6A53
:1073EA001200E66EE66A37EC4FF0E552E5521200FB
:1073FA00030EE66ECDC44EF0CEC44FF01200FE0E60
:10740A00DB50F80F4E6E010E4E521200FE0EDBCF0D
:10741A004EF0190EE76E4E181200EA22EF6ADF2AC2
:10742A00010E1200100EED6F270EEE6F1200D5DE60
:10743A00010EC9EF38F0EFDEE6D8EA2212004FC09B
:10744A00E6FF50C0E6FF51C0E6FF1200E126E66AF9
:10745A00E66AD4EF38F0EBD8E5521200E66AE66A3B
:10746A0003EF3BF0010E64DF8FDE67EF39F0E3D8FC
:10747A002C0EF7EF38F04EC0E6FFCDEF38F0840E51
:10748A004E6E910E76DE040186DEACDE270EAADE93
:10749A00050E12008DDE890EE926000E1200EA6A38
:1074AA00000FE96E030EEA221200D950060FA3DE7E
:1074BA00ACEC49F04E6E050EE15E4E50E8EF38F046
:1074CA00D890E936EA36000EE926010E12006BDE84
:1074DA00E6521200D890F636F7360F0EF6269B0EB5
:1074EA003AEF39F0D890F636F736DD0EF6269A0ED0
:1074FA003AEF39F0010EE66EE66ED4EF38F0B60ECA
:10750A004E6E910EBEEF38F00D0E4E6E44DE4E5C9E
:10751A001200060EE66EB6EF38F095DEFF0EEE5458
:10752A00120071D810EF39F0F10E4E6E910E21DE75
:10753A009AEF39F03A0E56DE020EE66EC7C44EF0E6
:10754A001200DBCFE6FF26EC29F0E552E8EF38F02F
:10755A004F6A506A516A1200EEDE400E4E5C000E0F
:10756A004F581200ACEC49F0526E050EE15E5250D3
:10757A001200E1DE000E4E5C100E4F58120069DE5A
:10758A00FCEC4DF0E3EF39F0E66AE66AF80EE66ED7
:10759A00E66AE66A1200C2DE040EDBCFEEFF050ED3
:1075AA001200E66EE4EC2CF0E5521200D9CFE6FFA9
:1075BA00DACFE6FF1200D50EE66E040EE66E120072
:1075CA0026EC29F0E5521200DFDDE66AD9501200F6
:1075DA00010F2DDFE66AD950020F1CEF3AF0E8DD01
:1075EA00790EE926000E20EF3AF04EC0E6FF27DFBB
:1075FA0033EF3BF0E6EC49F030EF3AF0C8EC2CF010
:10760A00E552E5521200D4DD610EE926000E1200A1
:10761A00CADD030E2BEF3AF0C6DD030EE126120097
:10762A00C2DD020EE126120026DFE8EF38F0E5524D
:10763A00E552E552120022DECDEF38F0E9DF050E01
:10764A00C3DFC6DF040184511200F1DE0401845154
:10765A001200A9DD020EFADE010E120002EC4AF057
:10766A00FADEE8EF38F0A2EC41F0A098636A626AA9
:10767A000F01266B81EC41F00F0140EC41F0DF6A0B
:10768A00DF504E6E4F6A0C0E4E5C000E4F5810E2E1
:10769A00DF50040DF3CFE9FFF4CFEAFF000EE9262D
:1076AA00040EEA22EE6AEE6AEE6AEE6ADF2AE8D78A
:1076BA00658C0F01386B6598659C62A607D0629647
:1076CA000501D36BD86BD96BDA6BF7D70501010EBD
:1076DA00EC6FED6FEE6BEF6BE06BDF6A030EDF5C56
:1076EA0011E2EA6ADF34A5EC41F0EA22EE6AED6AB9
:1076FA00EA6ADF34ACEC41F0EA22EE6AED6A01ECA8
:10770A0041F0ECD70501080EC96F040ECA6F0F01CC
:10771A00160E266F0401300E026F040E036F400E20
:10772A00016F840E006F0501BD6BBC6BE552D3EF90
:10773A0040F0A2EC41F082BE06D0656A0F01366BBA
:10774A000501BC6B6FD00501BC510CE1656A0F01E4
:10775A00366B40EC41F065B602D06586FCD7050170
:10776A00010EBC6FBC050AE165BA08D0626A0F0156
:10777A00366B368136890501020EBC6F6250040BE6
:10778A0006E00F013651040B02E0629447DB65B252
:10779A0049D06250010B09E00F013651010B05E097
:1077AA0062DF0501040EBC6F62906250100B06E0A6
:1077BA000F013651100B02E026DB629862AC10D042
:1077CA000F0136AD05D047EC41F0730EC0EC40F026
:1077DA00629C0501EA5101E0EA07EA5101E1F4D8A5
:1077EA006250200B05E00F013651200B01E0FADA56
:1077FA006250020B0CE00F013651020B08E047EC15
:10780A0041F0E6687F0EE66EB3EC41F0636A040E5F
:10781A000501E76EBC19E8AE02D0E73402D0E750A2
:10782A00BC5D02E2A1982FD00F0136A72BD0DF6AE8
:10783A00040EDF5C27E262A625D064CFE1F50501DC
:10784A00E151780BE842E842E842E26F6296E1B51C
:10785A0004D0E251BAEC41F003D0E251BFEC41F05E
:10786A00EA22EF70E25102E1E6DA0AD0000EE66E91
:10787A00E66AE10EE66E050EE66E720EC0EC40F0A8
:10788A00DF2AD6D7A198E552D3EF40F073EC41F046
:10789A00FD0EDBA403D0E66A38EC41F0FD0EDBA254
:1078AA0004D0010EE66E38EC41F0FE0EDB504F6A52
:1078BA00260F4E6E0F0E32EC41F0C4EC40F0FD0E76
:1078CA00DBCFEFFF020EE15C02E2E16AE552E16E14
:1078DA00D3EF40F073EC41F0FD0EDB5003E0BBEC5C
:1078EA0040F002D0F2EC40F01EEC41F0D9CFE9FFB3
:1078FA00DACFEAFFEE50ED1003E1F36AF46A28D01A
:10790A00C4EC40F0CEEC41F0FB0EDBCFEEFFFC0EF8
:10791A00DBCFEDFFC4EC40F0EE52FA0EDBCFEFFF07
:10792A00400EC4EC41F0880ED3EC41F0FD0EDB5062
:10793A0003E0BBEC40F002D0F2EC40F0EA22EF7434
:10794A00DECF4EF0DDCF4FF04EC0F3FF4FC0F4FF55
:10795A00020EE15C02E2E16AE552E16ED3EF40F029
:10796A0073EC41F0FE0EDB5003E18AEC41F009D0E2
:10797A00F7EC40F061EC41F0F7EC40F0010F61ECFC
:10798A0041F0020EE15C02E2E16AE552E16ED3EFF8
:10799A0040F0CEEC40F065A816D09BEC41F0400ECA
:1079AA00EE16EE6AEE6AEE6A9BEC41F0EE7CDEDBE6
:1079BA00EA22EF74400E4E6E9BEC41F04E50EF16E9
:1079CA009BEC41F0EF7CEAD30501EC5122E1010E78
:1079DA00EC6FED511EE1010EED6F020ED05D07E175
:1079EA00D3DBEE52EF6AD0DBC80EEF6E1200D00581
:1079FA0010E1E36BDFDBEE52400EEF6EDBDB6DEC8A
:107A0A0041F0D8DB840EEF6E010EE36FABDB800E24
:107A1A00EF6E12000501EE6BEF6B020ED05D06E110
:107A2A00C8EC41F0CCDB5CEC41F010D0D45104013D
:107A3A00365D0501D5510401375904E236C4D4F53F
:107A4A0037C4D5F561D8A0DBBADB9EDBC80EEF6E72
:107A5A00120073EC41F0000EDE6E040EDD6EC2DB26
:107A6A00040DF4CF4FF0D9CFE9FFDACFEAFFF35094
:107A7A00EE264F50ED2283DBEF9EFD0EDB5002E136
:107A8A00ACDB01D073DBEA22DECFEEFFDDCFEDFF08
:107A9A0076DBEF9C74DB040EE926000EEA22EF8CFB
:107AAA00020EE15C02E2E16AE552E16E77D3659883
:107ABA000501D3BF0DD0D8AF09D0020ED06FEF5158
:107ACA0001E1A8DF0501ED6BEC6B12008AEF41F0D2
:107ADA00040130AF0DD00501010ED06FEE5101E166
:107AEA0099DF0501ED6BEC6BEB510DE1E9EF3CF031
:107AFA000501020ED06F36DB840EEF6EED6BEC6B78
:107B0A00EB5101E161DF1200A2EC41F0400EDF6EA1
:107B1A000501D45D000ED5590AE2D4C5DFFFCF5165
:107B2A0002E1010E03D0CF0502E1020ECF6FDF5052
:107B3A004F6AE850D45DD46F4F50D559D56F24DBC6
:107B4A00EE52DFCFEFFF380EDD6F040EDE6FD3B1DA
:107B5A000DD0DF5017E0D1C5F6FFD2C5F7FFD12B04
:107B6A00000ED2230800F55057DBF3D7DF500AE0A6
:107B7A00D1C5E9FFD2C5EAFFD12B000ED223EF50BF
:107B8A004BDBF4D7E5520AD3A9DB14DBEE52EFCF75
:107B9A00DFFFDFCF4EF04E500501D95D000EDA59F6
:107BAA0002E2D9C5DFFFDF504E6E4F6AE850D95D59
:107BBA00D96F4F50DA59DA6F010EDB6ADF50F36E74
:107BCA00010EDBCFF4FFF350F45C16E2010EDB503A
:107BDA00EA6A380FE96E040EEA22EF50E66ED6C55D
:107BEA00E9FFD7C5EAFFD62B000ED723E552E750A7
:107BFA00EF6E010EDB2AE2D7000ED880D955000EAF
:107C0A00DA550DE2C0DBDBDAD5DAEF50400B03E1DF
:107C1A004EDBC80E02D04BDB880EEF6E12D0A2DA12
:107C2A00840EEF6EDB51DC1107E005D0DCC5FAFFEC
:107C3A000501DB51F96EFADF0501D89FEB5101E12D
:107C4A00C3DE020EE15C02E2E16AE552E16EA6D20F
:107C5A0074DB0501D38F50DB300EE66EE66AE66A06
:107C6A00000EE66E040EB1DA658CDF6A030EDF5C85
:107C7A0002E2C2DAFBD7010EE66EE66AE66ABE0ED9
:107C8A00E66E050EA2DA659C0501080EC96F040EA0
:107C9A00CA6F000EBF6F040EC06FBFC5C1F5C26FB9
:107CAA0032C4BDF5BD5102E1100E0BD0010EE66ED5
:107CBA00E66ABD0EE66E050EE66E010E5CDA050199
:107CCA00200EBC6FE5526AD2800E0401305D4EE18F
:107CDA000501C00ED36F04013351030A25E0010ADE
:107CEA0009E0030A41E105016C0ED16F9D0ED26FC6
:107CFA00120E34D03251F66EF76AD890F636F7364D
:107D0A00C10EF6269D0EF7220900F5CFD1F50A001D
:107D1A00F5CFD2F5020E0501BCDAF5CFD4F5030E84
:107D2A00B8DAF5CFD5F51200040E325D1AE2050174
:107D3A00D38104013251E96EEA6AD890E936EA360B
:107D4A00F60EE926020EEA22EECFD1F5EDCFD2F5F4
:107D5A00D1C5E9FFD2C5EAFFEF500501D46FD56B53
:107D6A0012000501D36B12000501D36B1200B6DABB
:107D7A000401386B396B30511F0B020A11E0030AF8
:107D8A000CE0010A1EE10501D38F040138810501C7
:107D9A00DF0517E10401388314D00501D38F11D010
:107DAA000501D38F040134BF02D0B6DA01D0B9DAA3
:107DBA0040DABFDA06E0E3D9EF50040B02E0010E25
:107DCA00386F0501D3AF07D0380ED16F040ED26FCA
:107DDA00D381020ED46F020EE15C02E2E16AE5523F
:107DEA00E16EDCD10F0126A10CD0E4D9EF50800856
:107DFA0007E1CAD9EF50840803E1DCD98C0EEF6E93
:107E0A002691629A12000F013685629865820501F1
:107E1A00010EE06F14DA750EC0EF40F00501E06B59
:107E2A000EDA740EA8D965920F01369562A402D0B3
:107E3A006294FCD7120081DA05012D0EEA6FFD0E5D
:107E4A00E11539E17E0EE115E8407F0B040DF3CF11
:107E5A00BFF5F4CFC0F5000EBF27040EC023BFC57F
:107E6A00C1F5C0C5C2F5C175A5D9EF503C0BE842B2
:107E7A00E8420D081EE1DF6A080EDF5C16E29AD9B5
:107E8A00020EE926000EC2D9EF50E66EDF50EA6A0A
:107E9A00300FE96E040EEA22E552E750EF6E8AD9F6
:107EAA0078DAEE2AEF22DF2AE7D784D911DA0AD85C
:107EBA0007D023D805D0FD0EE115040801E12CD81E
:107ECA00E5526CD10501CF6BEB6BEE6BEF6BE36B9D
:107EDA00D06B5AD9EF9EC97557D9EF9EC975E7D9A4
:107EEA00EF9ED36BD46BD56BD86BD96BDA6B51D849
:107EFA00A6D9030E40D95CEF3DF0020E0501D05D14
:107F0A0002E1C9EF3DF0D06BE35104E12BD98C0EAD
:107F1A00EF6E1200E36B120010DA36D9EF50400B05
:107F2A0001E0010EDF6E0501C975080EBC5D0BE1AB
:107F3A0032C438FF0F01385103E00501100E02D098
:107F4A000501040EBC6FD00513E11ED938D9DCDD5A
:107F5A00020E0501CF5D03E117D9840E07D0DF5069
:107F6A0003E112D9C80E02D00FD9880EEF6E0FD0D6
:107F7A00D8AF0CD0DB51DC1107E005D0DCC5FAFF25
:107F8A000501DB51F96EFADF0501D89FD06BE55286
:107F9A0005D104013051600BE842E842E842E84268
:107FAA00E842000901E0120031510C0A45E00B0ACF
:107FBA003FE00C0A31E0010A22E00B0A1EE0020A45
:107FCA001CE0030A18E0080A10E0010A0CE00F0A94
:107FDA0008E0030A01E012000501D38F080EBC6F06
:107FEA00120069EF3EF02DEF3EF00501BD0ED16F94
:107FFA00050ED26F0CD0BCEF3EF022EF40F03451A8
:10800A000501D16FD26BBE0ED127050ED223D381C3
:10801A00010ED46FD38F12000501D38F040134519E
:10802A00EA6ABE0FE96E050EEA2232C4EFFF1200B9
:10803A0006D9020EC0EF40F01200ABD8050EE126B9
:10804A000401320510E130511F0B00090CE1050152
:10805A00D38F030E0401315D04E10501010EDF6FC8
:10806A0002D00501DF6B0401325101E074D03051B6
:10807A001F0B020870E134510F0B00096CE03451F8
:10808A000F0B020868E3200E0501BC5D64E1D38F83
:10809A00040134BF04D040D9CCD8D7D803D041D9B1
:1080AA00C8D8D7D8EA22020EEFCFDBFFF9D8010BE6
:1080BA0003E1000EDF9401D0DF8434BF02D02CD953
:1080CA0001D02FD9EA22DECFEEFFDDCFEDFF030E7E
:1080DA00315D0CE12ED907E034BF02D0B6D801D009
:1080EA00B8D8EA22EF82840E59D935D0DF7421D963
:1080FA0006E045D8EF9E43D8EF8CF4D802D03FD89B
:10810A00EF8CDF74CDD8020B02E113D90DE0040124
:10811A0034BF02D09AD801D09CD8EA22EF923B0E03
:10812A004E6E2DD9DFD802D03B0E29D90401345125
:10813A000F0B4F6A260F4E6E0F0E4F22030E4EC0C4
:10814A00DBFF040E4FC0DBFF030EDBCFE9FF040E9B
:10815A00DBCFEAFFEF90050EE15C02E2E16AE5524D
:10816A00E16E1CD010D9B4D85CEF41F0FE0EEA6A79
:10817A00DB34A5EF41F0E66EE66AB3EF41F0DECFFD
:10818A00E9FFDDCFEAFF1200C9C5E9FFCAC5EAFF68
:10819A001200D9CFE6FFE1CFD9FF1200E552E7CFAF
:1081AA00D9FF120034510F0BE96EEA6AD890E9360A
:1081BA00EA361200BFC5E9FFC0C5EAFF1200E9D8D6
:1081CA00380EEE6E040EED6E1200E66E06EC4FF0FF
:1081DA004E6E050EE15E4E501200FE0EEA6ADB3468
:1081EA00ACEF41F0FD0EDB50E824506EFE0EDB5082
:1081FA00040DF35050241200DF50BCD8EA22EF6A73
:10820A00DF50B3D8EA22EF6ADF2A1200EA22EE50E0
:10821A00EFCFEAFFE96E1200E66EDDC5E9FFDEC5C3
:10822A00EAFFDD2B000EDE23E552E750EF6EDF0694
:10823A001200EA22EECFDEFFEDCFDDFF1200000EC4
:10824A00E66EE66AE66EE66A120034510F0BBAEF82
:10825A0041F034510F0BBFEF41F04F224EC0DEFF09
:10826A004FC0DDFF1200FE0EDBCFE6FF2EEC3DF025
:10827A00E552E5521200160E396F9F0E376F7B0ECC
:10828A00366F1200010EE66EE66A000EE66EE66AC8
:10829A001200F76AD125F66ED251F72208001200B1
:1082AA00D950020FE96EDACFEAFFEF501200C1C5CA
:1082BA00E9FFC2C5EAFF1200040DF3CF4EF0F4CF76
:1082CA004FF0000E4E26040EC8DF840ED3EF41F0A5
:1082DA0060D8300EEE6E040EED6E12005ADF020EFA
:1082EA00E1261200020EE66EE66ADECFE6FFDDCF79
:1082FA00E6FF050EC0EF40F0020EE66EE66AE66A99
:10830A00270EE66E0F0EEAEF40F02CDF8C0EEF6EB2
:10831A003BDF840EEF6E120045DFC30EE926050E21
:10832A00120040DFC90EE926050E12001FDF0BEF0F
:10833A0041F025DFEF50800B12002BDFE6521200CE
:10834A00FE0BEA36E96EC90EE926050E1200FE0B8F
:10835A00EA36E96EC30EE926050E1200F3EC4BF07D
:10836A004E6E060EE15E4E501200EA6AE70FE96EA3
:10837A00050E1200EA6AE40FE96E050E1200FFDE2E
:10838A00E850EF16120093DFEE52400EEF6E5CEFEC
:10839A0041F0020EE926000EEA221200F0DEE85051
:1083AA00EF121200F9D9E6520001606B996BDF6A8D
:1083BA00080EDF5C13E2EAD9610EE926000E15DA2F
:1083CA00CBD9EF6AE3D9790EE926000E0EDADED9A7
:1083DA00890EE926000E09DADF2AEAD70001C60E5D
:1083EA009C6F0E0E9D6F3F0E79140009796ECF0EA9
:1083FA0079140009796E79827B6A7A6A79900F0119
:10840A0052815293F00EB4140909B46E0001080E99
:10841A009A6F030E9B6FC60E9E6F3B0E9F6F250EC3
:10842A00A06F580EA16F040EA66F900EA26F010ED8
:10843A00A36F900EA46F010EA56F000EE66EE66A9A
:10844A00010EE66E4FEC1AF0E552E552E5528996B6
:10845A00E552A7D1A1D9E652DF6A080EDF5C09E22C
:10846A007BD9EFCF4EF0FE0EDB504E5C09E0DF2ADF
:10847A00F4D7DF6A080EDF5C07E26ED9EF5002E13B
:10848A00DF2803D0DF2AF6D7000EE5528AD184D935
:10849A00070EE126DE6ADD6A020EDB6A030EDB6A7C
:1084AA00040EDB6A050EDB6A060EDB6A010EE66E57
:1084BA00D9CFE6FFDACFE6FF030E3CD9020F7DD90A
:1084CA00010E38D9030F79D9030E34D9050F75D99E
:1084DA00030E83D9E66AE66AC8EC2CF0E552E55247
:1084EA000401845127E1020EDB50180805E2060E4A
:1084FA00E66EB6EC38F01DD0010EE66E050EDBCF47
:10850A00E6FF060EDBCFE6FF030EDBCFE6FF040E27
:10851A00DBCFE6FF020EDBCFE6FFDECFE6FFDDCFE5
:10852A00E6FF0FD84E6E080EE15E4E50E66AE4ECA6
:10853A002CF0E552070EE15C02E2E16AE552E16ED7
:10854A0030D12AD9020EE126FC0EDBCFE6FF82DF0C
:10855A00E552E76E010EE7CFDBFFDB5002E1000ECA
:10856A00C3D00BD902E1C9D8BDD0010EDB044E6ECF
:10857A0000019A514E5C01E3B5D0FC0EDB5018089D
:10858A0001E2B0D0FC0EDB50070802E10101C16B29
:10859A00D6D810E1E66AFC0EDBCFE6FF88EC38F0AD
:1085AA00E552E552E66AFC0EDBCFE6FF5AEC38F0FC
:1085BA00E552E552F70EDB046AE113500F5CFDE267
:1085CA00FC0EDB50040801E1C9D809BC8BD0D0D815
:1085DA00020EEF6EF80EDBCF4EF0F90EDBCF4FF046
:1085EA00506A516A190E456E466A476A486A4EC011
:1085FA0040F04FC041F050C042F051C043F07EEC11
:10860A004EF03CC04EF03DC04FF03EC050F03FC06F
:10861A0051F0AED8EE52EE523CC0EEFF4FC0EEFF24
:10862A0050C0EEFF51C0EEFF80D8290EE926000E99
:10863A00EA22010EDBCFEFFF78D8260EE926000EDC
:10864A00EA22FC0EDBCFEFFF70D8270EE926000ED8
:10865A007BD86BD82A0EE926000EA7D866D8EE5228
:10866A00D880000EEE54000EEE54190EEE54000E91
:10867A00EE5406E25AD8EE52EE6AEE6AEE6AEE6AF4
:10868A00102A1350105C01E3106A0F2A2BD005A0A0
:10869A0029D0FC0EDB50040801E160D86ED802E153
:1086AA002CD812D08FD8890EE926000E7ED88AD807
:1086BA00790EE926000E48D88DD8FC0EDBCFEFFFE5
:1086CA003ED802E19DD840D8FC0EDB500001A65DE1
:1086DA0009E10101010EB96F0101B66B0101C15136
:1086EA0001E08A98010EDB504E6E020EE15C02E256
:1086FA00E16AE552E16E4E5054D06CD8EF50000159
:10870A00EA6A9C25E96E9D51EA22EF6A5BD8890ED6
:10871A00E926000E6AD856D8790EE926000E65D8E1
:10872A0059D8EF6A6DD8FAEF43F010502F0D61D87F
:10873A00EE52120052D8010EE66ED950120060D8DD
:10874A00EA22EE50ED101200EA22FD0EDBCFEEFF18
:10875A00FE0EDBCFEDFF1200DF5057D08986C2C470
:10876A00BEF4C3C4BFF4C4C4C0F4C5C4C1F4120087
:10877A0010502F0D0501FEEF43F0D950FD0FE96EA1
:10878A00FF0EDA20EA6EEE50ED101200EA6ADF34CC
:10879A00FE0BEA36E96E1200D9CFE6FFE1CFD9FF28
:1087AA001200E552E7CFD9FF1200EA22FA0EDBCF18
:1087BA00EEFFFB0EDBCFEDFF1200E66E000EDA20B5
:1087CA00E66E1200010EDB04E96EEA6AD890E93619
:1087DA00EA361200010EDB0418D0E66E3AEC36F0E7
:1087EA00E552E552E552E5521200EA22EE6AED6AD6
:1087FA001200FA51F324E96EFB51F420EA6E1200DA
:10880A00E1DF610EE926000E1200EA6A710FE96ED5
:10881A00000EEA2212003B9E0CD03B9E43AE09D0CA
:10882A00406C411E421E431EE86A412242224322F4
:10883A003B8E43C03DF042C03CF041C04DF040C0C9
:10884A004CF09E0E3E6E3F6AD9EF45F03B6A15EC3E
:10885A0046F02DEC46F03BB6BDEF45F03BA205D005
:10886A003BBABDEF45F0C4EF45F03BBAD0EF45F057
:10887A003BA005D03BB8BDEF45F0D0EF45F03BB883
:10888A00C4EF45F03F6A7F0E44243E6EE86A3F22F9
:10889A0049503E5EE86A3F5A1A0E4A6E446A4C6A6A
:1088AA004D6A3C6A3D6A4650415E4750425A4850BA
:1088BA00435A000E445A09E746504126475042227D
:1088CA0048504322000E442201D04C8AD8904136A7
:1088DA00423643364436D8904C364D363C363D36D1
:1088EA004A2EE1D7435042104110D8A44C8AD9EFFE
:1088FA0045F03B6A15EC46F02DEC46F03BB6BDEF71
:10890A0045F03BA205D03BB8BDEF45F0C4EF45F0BA
:10891A003BAA05D03BB0BDEF45F0C4EF45F03BB0F4
:10892A0002D03BA802D0D0EF45F03F6A4950442418
:10893A003E6EE86A3F227E0E3E5EE86A3F5A4C6A05
:10894A004D6A3C6A3D6A48504302F4CF3DF0F3CF8A
:10895A003CF047504302F3504D26F4503C22000E9F
:10896A003D2248504202F3504D26F4503C22000E5C
:10897A003D2246504302F3504C26F4504D22000E3D
:10898A003C223D2247504202F3504C26F4504D22DD
:10899A00000E3C223D2248504102F3504C26F4502E
:1089AA004D22000E3C223D2246504202F4504C26F3
:1089BA00000E4D223C223D2247504102F4504C26E3
:1089CA00000E4D223C223D22D9EF45F03A6AE86A70
:1089DA0048AEF8EF44F0456C461E471E481E462234
:1089EA00472248223A1E43AE03EF45F0406C411E2F
:1089FA00421E431E4122422243223A1EE2EC4EF01C
:108A0A0043BE1AEF45F03AAE000C406C411E421EBE
:108A1A00431EE86A4122422243223C6C3D1E3E1E0E
:108A2A003F1E3D223E223F22000C3ABE0AEF45F08D
:108A3A003B88FF0C3B6A15EC46F03BB629EF45F044
:108A4A003BA20FD03BB407D07F0E436EFF0E426E9F
:108A5A00416E406E25D0800E436E01D0436A000EEF
:108A6A00F6D73BB0FBD7406A9F0E4460EBD77E0E29
:108A7A004464F4D79E0E445C07E0D89043324232F5
:108A8A0041324032442AF6D73BA40AD0406C411EF8
:108A9A00421E431EE86A41224222432243AEDED7E7
:108AAA00120068EC45F03BB6000C3BB0000C3BB43E
:108ABA00000C010C68EC45F03BB6000C3BB0000C16
:108ACA003BA4000C010C3B6A15EC46F02DEC46F079
:108ADA003BB612003BAE08D03BA004D03BA802D064
:108AEA003B8012003B9012004950445C0BE1485015
:108AFA00435C08E14750425C05E14650415C02E1B3
:108B0A003B801200D8A002D03B8E10D0445049C0FE
:108B1A0044F0496E435048C043F0486E425047C043
:108B2A0042F0476E415046C041F0466E4950445C9F
:108B3A0010E0FF0F09E03B903BB403D03BAE3B840F
:108B4A0012003BAE3B941200492AD8904832473271
:108B5A0046324650415E4750425A4850435A43BEF5
:108B6A00EAD7D890413642364336442EF8D7C8D78A
:108B7A007F0E446EFF0E436E426E416E12007F0EF0
:108B8A003BBEFF0E446E02D07F0E446E800E436ED3
:108B9A00426A416AF3D73BAE04D0800E446E436A00
:108BAA00F7D7446A436AF4D73D503C104D104C1035
:108BBA00F8E03FBEF0D73DBE0CD03E503F10EBE090
:108BCA00D8904C364D363C363D363E06D8A03F0648
:108BDA00F2D73F50D4E13E28D2E04CAE11D07F0EFE
:108BEA004C1402E14DA00CD04D2AE86A3C223D22E9
:108BFA0007E3D8803D323C324D323E2A3E28BFE060
:108C0A003E50C9E04DC041F03CC042F03D34436E95
:108C1A003E30446E4332449E3BBE448EC3EF45F021
:108C2A004336443602E33B843B7E06E13B80446A9A
:108C3A00436A426A416A1200442803E0D8804332F8
:108C4A001200D890433202E13B8212003B861200A6
:108C5A004836493602E33B8C3B7E06E13B88496A4B
:108C6A00486A476A466A1200492803E0D8804832AF
:108C7A001200D8904832EAE13B8A120004013051CE
:108C8A001F0B010801E012003051600BE842E84274
:108C9A00E842E842E842010801E01200345103E0E8
:108CAA00340501E012003151220A31E0030A24E0BE
:108CBA00010A15E0210A0DE0010A01E0120005018E
:108CCA00B40ED16F050ED26F080ED46FD56BD38157
:108CDA0021D00501B40ED16F050ED26F1BD036C458
:108CEA00D9F537C4DAF50501940ED66F050ED76F9C
:108CFA00DB6BDC6BD88F12000501940ED16F050E69
:108D0A00D26F070ED46FD56BC10ED36F120032C467
:108D1A00AFF50501D38F12000501946B4B0E956FC9
:108D2A00966B976B986B996B080E9A6FA36B1A0EDA
:108D3A00E66E010EE66E4BEC3CF0E552E5521E0E75
:108D4A00E66E020EE66E4BEC3CF0E552E5521CD99B
:108D5A000501AD6BAE6BA46B120041D965D9050E46
:108D6A00421801E1435002E0000E14D048D905012F
:108D7A00AB514E1804E1AC514F1801E105D93FD966
:108D8A000501AD514E1805E1AE514F1802E1A46B31
:108D9A00A96B010E29D123D90501A36BAB51AC11E3
:108DAA0002E1000E05D032D9EF50800B01E0010E2E
:108DBA0000092DE1FC0EDBCF4EF028D9EE52EF5020
:108DCA00D8804E5405E222D9EE52FC0EEFCFDBFFDB
:108DDA00A36BFC0EDB50A35D19E2A351EA6A540FA0
:108DEA00E96E050EEA22EF50E66EA351E76EFD0E1C
:108DFA00DBCFE9FFFE0EDBCFEAFFE750E926000EE4
:108E0A00EA22E552E750EF6EA32BE3D7BDD805015E
:108E1A00A351EAD0E4D80501A45107E1E9D8FC0E30
:108E2A00DBCFA9F5010EAA6FA46FDED004D917E132
:108E3A00C0D8DF2AFF0EDF5C0BE0010EDBCFE9FFB3
:108E4A00DB2A020EDBCFEAFF01E3DB2AEF50F1E176
:108E5A00CFD8DFCFA9F50501010EAA6FA46F030EC3
:108E6A00E15C02E2E16AE552E16EBED0E4D818E1C3
:108E7A00A0D8DF2AFF0EDF5C0CE0010EDBCFF6FF85
:108E8A00DB2A020EDBCFF7FF01E3DB2A0800F550ED
:108E9A00F0E1AED8DFCFA9F50501AA6B010EA46FE8
:108EAA00030EE15C02E2E16AE552E16E9DD097D8D9
:108EBA00020EE1260501AD51AE1102E1000E08D005
:108ECA00ADC5E9FFAEC5EAFFEF50800B01E0010E28
:108EDA00000953E1030EA45D01E1A46BA4514DE026
:108EEA00020EA45D09E1E66A000EE66EE66A59D84A
:108EFA000501030EA46F41D0A4053FE1400E4E6E5A
:108F0A004F6AA9514E5C000E4F5803E2400EDF6EC5
:108F1A0002D0A9C5DFFFDF50A95DA96F140EA76FA4
:108F2A00050EA86F010EDFCFDBFFAA510BE1010E80
:108F3A00DB5012E0A5C5F6FFA6C5F7FF0800F550FD
:108F4A0041D8F5D7010EDB5007E0A5C5E9FFA6C554
:108F5A00EAFFEF5037D8F6D70501A95107E1400ECD
:108F6A00DF5C02E1020E01D0030EA46FDFCFE6FF41
:108F7A00140EE66E050EE66E14D8020EE15C02E2ED
:108F8A00E16AE552E16E30D0400EE66E540EE66EAE
:108F9A00050EE66EE66A3FD8F3CFABF5F4CFACF533
:108FAA001200010EE66E37D8F3CFADF5F4CFAEF569
:108FBA001200DF6A39D8DE5242C0DEFF43C0DDFF4D
:108FCA00DD521200A7C5E9FFA8C5EAFFEF6EA72B7D
:108FDA00000EA823A52BA623010EDB061200D9CF6B
:108FEA00E6FFE1CFD9FF1200E552E7CFD9FF120021
:108FFA00FD0EDBCFA5F5FE0EDBCFA6F51200FB0EAC
:10900A00DBCF4EF0FC0EDBCF4FF01200ABC5E9FF11
:10901A00ACC5EAFF1200020EE66E6FEC3CF04E6E33
:10902A00050EE15E4E501200FD0EDBCF42F0FE0E41
:10903A00DBCF43F01200D3DF030EE1260501A45172
:10904A0012002130204572723A203C6178697332ED
:10905A003E2073746570207261746520746F6F208E
:10906A00736C6F77002130204572723A203C617828
:10907A006973323E2073746570207261746520745E
:10908A006F6F2068696768002130204572723A2044
:10909A003C61786973313E20737465702072617423
:1090AA006520746F6F20736C6F77002130204572D2
:1090BA00723A203C61786973313E2073746570207E
:1090CA007261746520746F6F206869676800205345
:1090DA0041323D00205341313D004475726174694B
:1090EA006F6E3D00526174653D00434D20636F6DA4
:1090FA006D616E642064697361626C656420696E77
:10910A002074686973206275696C6400204469720E
:10911A00656374696F6E3D002043656E7465725FA6
:10912A00593D002043656E7465725F583D002044C6
:10913A006573745F593D0020446573745F583D0040
:10914A00467265713D002053453D00204A323D007C
:10915A002041323D002053323D002052323D002052
:10916A004A313D002041313D002053313D0052310A
:10917A003D005374617475733D0021352045727248
:10918A003A204E65656420636F6D6D61206E657867
:10919A00742C20666F756E643A20270050617261E4
:1091AA006D383D00506172616D373D0050617261EA
:1091BA006D363D00506172616D353D0050617261DE
:1091CA006D343D00506172616D333D0050617261D2
:1091DA006D323D00506172616D313D000D0A000A29
:1091EA000D004F4B000A002138204572723A205573
:1091FA006E6B6E6F776E20636F6D6D616E64202784
:10920A00002139204572723A20436865636B737591
:10921A006D20696E636F72726563742C2065787055
:10922A00656374656420002008004C696D697420C8
:10923A0073776974636820747269676765726564B5
:10924A002E20506F7274423D0021313020457272D7
:10925A003A204E6F20636865636B73756D20666F85
:10926A00756E6420627574207265717569726564C1
:10927A00002137204572723A204578747261207055
:10928A006172616D65746572002136204572723AA9
:10929A0020496E76616C696420706172616D6574D3
:1092AA0065722076616C7565002134204572723AC8
:1092BA00204D697373696E6720706172616D6574A0
:1092CA006572287329002133204572723A20525858
:1092DA0020427566666572206F76657272756E00D9
:1092EA002132204572723A205458204275666665CA
:1092FA0072206F76657272756E0021312045727226
:10930A003A20496E76616C696420737465702072C4
:10931A0061746500DDD8D0D80DE0CED8F3D8D95025
:10932A00FC0FE96EFF0EDA20EA6EEE2A000EEE223C
:10933A00EE22F1D7F7D0CCD8D6D808E0D4D8E2D8E4
:10934A00FD0EDB2AFE0EF8E3DB2AF6D7EBD0EED8C9
:10935A000F0E4E6E4F6A506AD950BFD8EE504E1655
:10936A00EE504F16EE505016EE504EC0FEF14E50D3
:10937A00090802E3300E01D0370EFE25C8D873D88B
:10938A00040ED890513250324F324E32E806F9E18B
:10939A00FB0E4EC0DBFFFC0E4FC0DBFFFD0E50C0C4
:1093AA00DBFFFE0E51C0DBFF0101FD07FA0EDB50A9
:1093BA0002E0FA0EDB06C0D8CBE1FA0EDB50C8E1B8
:1093CA006CD0B4D85DD897D83CC0FEF1300E0101FC
:1093DA003C249DD855D88FD8FB0E40C0DBFFFC0E2D
:1093EA0041C0DBFFFD0E42C0DBFFFE0E43C0DBFFC8
:1093FA000101FD07A1D8E6E150D06AD8E1506DD845
:10940A00D890030EEB50000A08E6000EEE5C000E40
:10941A00EE58000EEE58000EEE5815E22D0E72D8D8
:10942A002FD845684668476848687EEC4EF0FB0EC0
:10943A003CC0DBFFFC0E3DC0DBFFFD0E3EC0DBFF88
:10944A00FE0E3FC0DBFFD95048D8EECFE6FFEECF85
:10945A00E6FFEECFE6FFEFCFE6FFB3DFE552E552D8
:10946A00E552E5525FD0FB0EDBCF4EF0FC0EDBCFB0
:10947A004FF0FD0EDBCF50F0FE0EDBCF51F01200A5
:10948A00FB0EDBCF40F0FC0EDBCF41F0FD0EDBCF55
:10949A0042F0FE0EDBCF43F01200FD2BFD514F6A66
:1094AA00F10F4E6E010E4F224EC0E6FF4FC0E6FF8F
:1094BA0042DFE552E55236D0FC0EDBCFF6FFFD0E59
:1094CA00DBCFF7FFFE0EDBCFF8FF0800F5501200E6
:1094DA00D9CFE6FFE1CFD9FF1200FB0FE96EFF0EED
:1094EA00DA20EA6E1200FD0EDBCFE9FFFE0EDBCFBB
:1094FA00EAFFEF5012000A0E456E466A476A486A4A
:10950A00E2EF4EF0E66E26EC29F0E5521200E66E26
:10951A00FD51EA6AF10FE96E010EEA22E552E750BF
:10952A00EF6E1200E552E7CFD9FF1200D1DF010139
:10953A00FC6B0A0EFD6F120096DF4E504F10501052
:10954A0051101200D9CFE6FFDACFE6FFE1CFD9FFFB
:10955A00E2CFDAFF060EE12402E3E168E652E16EA9
:10956A00DF6A010EDB6AD950FA0FE96EFF0EDA20C4
:10957A00EA6E020EEECFDBFF030EEECFDBFF040E28
:10958A00EECFDBFF050EEECFDBFFD950FA0FE96E07
:10959A00FF0EDA20EA6E060EE76ED890030EEB3263
:1095AA00020EEB32010EEB32EF32E706F6E1D9504A
:1095BA00FA0FE96EFF0EDA20EA6E060EE76ED89011
:1095CA00EF36010EEB36020EEB36030EEB36E706EC
:1095DA00F6E1D950FA0FE96EFF0EDA20EA6E400E74
:1095EA00EE26000EEE22000EEE22000EEE22FA0EFB
:1095FA00DBCF52F0FB0EDBCF53F0FC0EDBCF54F087
:10960A00FD0EDBCF55F0D950020FE96E000EDA20BD
:10961A00EA6EEE50525C4E6EEE5053584F6EEE505C
:10962A005458506EEE505558516E4E50DF6ED95008
:10963A00F80FE96EFF0EDA20EA6EEE50ED1065E0E3
:10964A00040EDB50F86E030EDB50F76E020EDB5091
:10965A00F66EDF50DF0600091AE0F60EDBCFE9FFEF
:10966A00DB2AF70EDBCFEAFF01E3DB2AEF50F56EC8
:10967A000D00F80EDB06DBCF4EF0F90E01E2DB0639
:10968A00DBCF4FF04E504F1001E101D0E2D7040E6C
:10969A00DB50F86E030EDB50F76E020EDB50F66EEF
:1096AA00A684F2AE04D0F29EDE52010EDD6E550E95
:1096BA00A76EAA0EA76EA682A694010EDB5003E03F
:1096CA00F28E010EDB6A400EDF6E400E4E6E4F6A5E
:1096DA00506A516AD950020FE96E000EDA20EA6E1A
:1096EA00EE504E26EE504F22EE505022EE505122AE
:1096FA00020E4EC0DBFF030E4FC0DBFF040E50C04C
:10970A00DBFF050E51C0DBFF92D7060EE15C02E2D9
:10971A00E16AE552E16EE552E5CFDAFFE7CFD9FF1C
:10972A001200C7EC26F005D89EEC3BF057EC28F067
:10973A00FBD7D9CFE6FFE1CFD9FF020EE1260F0111
:10974A0048694969600ED36E9B8C580EDE6E020E14
:10975A00DD6EDFCF4EF0DF06010EDBCF4FF001E208
:10976A00DB064E504F10F5E1948E39EC27F038ECB9
:10977A003BF0020EE15C02E2E16AE552E16EE5527B
:10978A00E7CFD9FF1200120012001200120043EFB5
:10979A0046F0120091EF46F00501DF051EE10501D2
:1097AA00E0051BE1F1DF65920501E06B0201100E95
:1097BA00FE6F0E0EFF6FFE07000EFF5BFE51FF11DC
:1097CA00FAE16584080EFE6F070EFF6FFE07000EB2
:1097DA00FF5BFE51FF11FAE165941200D9CFE6FF53
:1097EA00E1CFD9FFFD0EDBCF42F0FE0EDBCF43F017
:1097FA00050E421801E1435036E0E868421802E1DA
:10980A007F0E43182FE0030E421801E1435028E06F
:10981A00020E421801E1435021E0010E421801E113
:10982A0043501AE0740E421801E1435013E0750EDA
:10983A00421801E143500CE0730E421801E1435013
:10984A0005E0720E42180FE143500DD09EDF0BD097
:10985A009ADF09D099DF07D09DDF05D09ADF03D0C0
:10986A0096DF01D093DF010EE552E7CFD9FF120050
:10987A00D9CFE6FFE1CFD9FF0501FB0EDBCF00F51B
:10988A00FC0EDBCF01F5FD0EDBCF02F5FE0EDBCFC2
:10989A0003F5036725D0026723D0126B800E106F81
:1098AA000B6F0B510B03F350005DF4500159D8B004
:1098BA0008D012C50BF5104310510B1310BF09D075
:1098CA00F0D70BC512F5104310510B1310BF01D07E
:1098DA00E8D712C5F3FFF46AE552E7CFD9FF1200C1
:1098EA00126B136B106B0B6B800E116F0A6F0BC52B
:1098FA0005F50AC504F5B0EC4CF00C51005D0D51AC
:10990A0001590E5102590F510359D8B00ED0000F08
:10991A0012C50BF513C50AF51133103311510A1389
:10992A0010510B13D8B00FD0E2D7000F0BC512F5A8
:10993A000AC513F51133103311510A1310510B13C1
:10994A00D8B001D0D4D712C5F3FF13C5F4FFE5523E
:10995A00E7CFD9FF120005510503F4CF0DF5F3CF78
:10996A000CF504510403F4CF0FF5F3CF0EF50551AE
:10997A000403F3500D27F4500E23E86A0F23045111
:10998A000503F3500D27F4500E23E86A0F23120043
:10999A00C00EF36E00EE00F00E0E01D81200EA605F
:1099AA0002D0EE6AFCD7F350E9601200EE6AFCD7E7
:1099BA00D9CFE6FFDACFE6FFE1CFD9FFE2CFDAFF70
:1099CA00E652E652E652E652E652DF6AD950FA0FFA
:1099DA00E96EFF0EDA20EA6E010EEECFDBFF020E11
:1099EA00EECFDBFF030EEECFDBFF040EEECFDBFF85
:1099FA00F60EDBCF4EF0F70EDBCF4FF0F80EDBCFD3
:109A0A0050F0F90EDBCF51F048D84E50EE5C4F5073
:109A1A00EE585050EE585150EE5833E2030EDB50D8
:109A2A00F86E020EDB50F76E010EDB50F66EA6845E
:109A3A00A688F2AE03D0F29E010EDF6E550EA76E17
:109A4A00AA0EA76EA682DF5001E0F28E4E6A040EBD
:109A5A004F6E506A516A21D8EE504E26EE504F2270
:109A6A00EE505022EE505122010E4EC0DBFF020E84
:109A7A004FC0DBFF030E50C0DBFF040E51C0DBFFFB
:109A8A00B7D7050EE15C02E2E16AE552E16EE55202
:109A9A00E5CFDAFFE7CFD9FF1200D950010FE96EFF
:109AAA00000EDA20EA6E12004542427631335F61D7
:109ABA006E645F61626F7665204542204669726D09
:109ACA00776172652056657273696F6E20332E3125
:109ADA002E3500920F920F920F930F930F930F93BD
:109AEA000F930F930F930F930F940F940F940F9458
:109AFA000F940F940F940F940F950F950F950F9540
:109B0A000F950F950F890F890F890F8A0F8A0F8A70
:109B1A000F8A0F8A0F8A0F8A0F8A0F8B0F8B0F8B70
:109B2A000F8B0F8B0F8B0F8B0F8B0F8C0F8C0F8C58
:109B3A000F8C0F8C0F8C0F00010500010203040526
:109B4A0006070001020304050607020304050607C7
:109B5A002A0EF66E100EF76E000EF86E0501090059
:109B6A00F550F56F0900F550F66F03E1F56701D07E
:109B7A003DD00900F550F06F0900F550F16F09006A
:109B8A00F550F26F09000900F550E96E0900F55029
:109B9A00EA6E090009000900F550F36F0900F55053
:109BAA00F46F09000900F6CFF7F5F7CFF8F5F8CF0B
:109BBA00F9F5F0C5F6FFF1C5F7FFF2C5F8FF0501A3
:109BCA00F35302E1F45307E00900F550EE6EF30790
:109BDA00F8E2F407F9D7F7C5F6FFF8C5F7FFF9C5B4
:109BEA00F8FF0501F507000EF65BBFD71200D9CFC3
:109BFA00E6FFDACFE6FFE1CFD9FFE2CFDAFFE6529E
:109C0A00E652E652E652D9CFE9FFDACFEAFFFA0E78
:109C1A00DBCFEEFFFB0EDBCFEEFFFC0EDBCFEEFF62
:109C2A00FD0EDBCFEEFF020EDB50F86E010EDB50AD
:109C3A00F76EDF50F66EF80EDBCF4EF0DB06F90E4C
:109C4A00DBCF4FF001E2DB064E504F100DE009006A
:109C5A00F60EDBCFE9FFDB2AF70EDBCFEAFF01E3E3
:109C6A00DB2AF5CFEFFFE7D7040EE15C02E2E16AF7
:109C7A00E552E16EE552E5CFDAFFE7CFD9FF1200F0
:109C8A00D9CFE6FFDACFE6FFE1CFD9FFE2CFDAFF9D
:109C9A00AD6AAC6AFD0EDBB0AD88DBA202D0AD8C3A
:109CAA00AC8CDBB4AD8EDBA602D0AC8801D0AC8A1A
:109CBA00DBB8AD84DBBAAC86DBAC02D09D8A01D0BE
:109CCA009D9ADBAE02D09D8801D09D98FB0EDB5099
:109CDA00B06EFC0EDBCF4FF04FC04EF04F6A4E50C5
:109CEA007F6EAD8AAC8EE552E5CFDAFFE7CFD9FFBA
:109CFA00120040504502F3CF3CF0F4CF3DF046024B
:109D0A00F3503D26000EF4203E6E40504702F350B9
:109D1A003E26000EF4203F6E40504802F3503F2684
:109D2A0041504502F3503D26F4503E22000E3F2298
:109D3A0041504602F3503E26F4503F22415047021A
:109D4A00F3503F2642504502F3503E26F4503F223C
:109D5A0042504602F3503F2643504502F3503F26F5
:109D6A0012001201000202000040D80492FD820192
:109D7A000102030109024300020100C03209040082
:109D8A000001020201000524001001042402020558
:109D9A0024060001052401000107058103080002C9
:109DAA0009040100020A000000070502024000003F
:099DBA00070582024000007E9DB5
:109DC4003F6A3E6A3D6A3C6A200EE76ED890403690
:109DD4004136423643363C363D363E363F364550B4
:109DE4003C5C46503D5847503E5848503F5809E364
:109DF40045503C5E46503D5A47503E5A48503F5AA3
:109E0400402AE72EE4D71200FE0EE3CFE9FFFF0E4F
:109E1400E3CFEAFFE9CFF3FFEACFF4FFFB0EE35011
:109E240003E1FC0EE35009E0FB0EE30602E2FC0E44
:109E3400E306FD0EE350EE6EF1D71200D9CFE6FF34
:109E4400DACFE6FFE1CFD9FFE2CFDAFFADAC04D041
:109E5400AD900501FCB3AD80FD0EDB50AE6EE55256
:109E6400E5CFDAFFE7CFD9FF1200FF0EE124E96E58
:109E7400FF0EE220EA6EEDCFF4FFEFCFF3FFF466BE
:109E840007D0600EF36404D07B0EF36001D0F39A24
:109E94001200D9CFE6FFDACFE6FFE1CFD9FFE2CF58
:109EA400DAFFFD0EDB507E6EE552E5CFDAFFE7CF39
:109EB400D9FF12001EEE00F02EEE00F0F86A3B9C73
:109EC400ADEC4DF075EC4FF096EC4BF0FBD7120077
:109ED400F36AF46AF32A0F0B05E0D890F336F436EC
:109EE400E804FBE112001200040309041803530000
:109EF400630068006D0061006C007A004800610036
:109F04007500730038034500690042006F00740057
:109F140042006F006100720064002C0020002000E9
:109F2400200020002000200020002000200020002D
:109F34002000200020002000200020002203200018
:109F4400200020002000200020002000200020000D
:109F5400200020002000200020002000200080029B
:109F640084029C02D40200060000000001000000EC
:019F740000EC
:08FFF800ACF70AFF63F801F009
:00000001FF
