:060000002AEF06F01200D9
:0600080004EF08F01200F5
:100018000CEF08F012001DEE00F02DEE00F0F86A6B
:0600280046EF06F0120095
:1000300001001C0E0000E6000000020000003E0E61
:10004000006E016AFC0E026E036A046A07680868A3
:100050000968066A1200D9CFE6FFE1CFD9FFE65260
:1000600004501EE1040108BF1AD0400EE66E600E77
:10007000E66E000EE66E34EC05F0E552E552E55210
:10008000010E046EDF6A400EDF5C09E2DF50EA6AAF
:10009000A00FE96E000EEA22EF6ADF2AF4D717D12B
:1000A00000016051080A01E10DD10F0A01E1D3D02E
:1000B000010A01E1CAD0030A67E0010A58E0070A11
:1000C00044E0010A01E003D10001020EA06F00012B
:1000D0003A0EA16F0001010EA26F0001010EA36F85
:1000E0000001A46B100EA56FA66BA76B01C0A8F052
:1000F00002C0A9F003C0AAF0100E0001A95F000E13
:100100000001AA5B0001AB6B0001030EAC6F0001A4
:10011000F80EAD6FAE69AF6BB06B0001080EB16F3A
:10012000B26BB36BB46B0001B56904010CBF0CD0AA
:10013000400EE66EA00EE66E000EE66E04EC05F0D4
:10014000E552E552E552046AC2D00001615107E16F
:100150003F0E006EF80E016E0268036A06D03E0E76
:10016000006E016AFC0E026E036A046AB0D0040ECF
:10017000056E0028055C06E20400AED894EC05F09C
:10018000052AF7D7046AA3D0E868071805E1E868EC
:10019000081802E1E868091806E161C007F062C0CA
:1001A00008F063C009F007500001611908E1085028
:1001B0000001621904E109500001631900E143E103
:1001C000DF6A00016551DF5C3EE2000E075C100E45
:1001D0000858000E09582CE30028596E5A6A0A0E76
:1001E000D89059365A36E806FBE15B6A5ABE5B681E
:1001F0005950075C5A5008585B50095819E23A0E9A
:100200000001D8806555DF24EA6A660FE96E000EAA
:10021000EA22EF50E66E0650E96EEA6AE9BEEA6845
:100220000A0EE926000EEA22E552E750EF6E062A92
:10023000072A000E0822000E09223A0E065C01E190
:100240005ED8DF2ABED7046A42D059D8076808684A
:100250000968046A3CD00001070EA06F61C0A1F0DC
:1002600062C0A2F063C0A3F064C0A4F065C0A5F0B2
:1002700061C0F6FF62C0F7FF63C0F8FFDF6A0001EC
:100280006551DF5C0FE209003A0E0001D880655528
:10029000DF24EA6AA60FE96E000EEA22F5CFEFFF2F
:1002A000DF2AEDD704010CBF0CD0400EE66EA00E85
:1002B000E66E000EE66E04EC05F0E552E552E552FE
:1002C000046A05D06592656A68D8FF0000D0E552DF
:1002D000E552E7CFD9FF1200F66A0550F76EF86ACB
:1002E000D890F736F836F736F836140EA66EF29E2A
:1002F000550EA76EAA0EA76EA682A6941200D9CF9D
:10030000E6FFE1CFD9FFE652DF6A000EE76E06187E
:10031000E8AE02D0063403D0E750D880065436E267
:100320000650596E5A6A5B6A59AE02D05A685B68C9
:100330005950075CF66E5A500858F76E5B500958D2
:10034000F86EDF50EA6A0A0FE96E000EEA22EF50FB
:10035000F56E0D00DF2A0606065009E0DF50EA6A56
:100360000A0FE96E000EEA22EF50F56E01D0F56833
:100370000C00DF2A240EA66EF29E550EA76EAA0E62
:10038000A76EA682065001E00606BFD7A694066AAD
:10039000E552E552E7CFD9FF1200D9CFE6FFE1CF12
:1003A000D9FFE652DF6AFF0EDF5C0AE2E868E85038
:1003B00005E0E80600D000D000D0F9D7DF2AF3D757
:1003C000E552E552E7CFD9FF12005FD9E6526450FB
:1003D00032E16296040100513C0BE842E8420D080C
:1003E00028E1180E021923E1040E031920E1100E72
:1003F000026F040E036FDF6ADF50596E5A6A080EEF
:10040000595C000E5A5813E2DF50EA6A180FE96E81
:10041000040EEA22EF50E66EDF50EA6A100FE96E32
:10042000040EEA22E552E750EF6EDF2AE5D70ED838
:100430000AD03DD808D0040E645C03E162964DD822
:1004400002D0000E01D0010EE55224D11ED9E65291
:10045000040104BF046B536A4F6A506A516A526ABE
:1004600055EC03F0DF6ADF50596E5A6A010E595C91
:10047000000E5A5819E2505017E1F76ADF34FE0BAC
:10048000F736F66EFA0EF6260D0EF7220900F5CFB6
:1004900059F00800F5CF5AF004D05AC0FAFF59506D
:1004A000F96EFBDFDF2ADFD79ED8E552F3D0020ECC
:1004B0004F5C0EE176D80401180E026F040E036F34
:1004C000080E016F00BD02D0C80E05D0880E03D003
:1004D000BCD8CCD88C0E006F1200040E555C0AE11B
:1004E00012C438FF0F013851000802E2050E01D096
:1004F000030E556E4F040FE110D8020E535C03E15A
:100500000401840E06D0040104BD02D0C80E01D03F
:10051000880E046F120025EF03F0B7D8020EE12613
:10052000080E515C000E52580DE251C0DEFF52C061
:10053000DDFF535002E1010E03D0530406E1020E29
:10054000536E03D0080EDE6EDD6A0401049304913D
:10055000010EDB500413DFCF05F4DE50515EDD5099
:10056000525A0001180EE26F040EE36F56A20CD02F
:1005700085D810E0E0C0F6FFE1C0F7FF0800F550B5
:1005800068D8F6E2DB06F4D779D804E087D8FCE235
:10059000DB06FAD7020EE15C02E2E16AE552E16EA7
:1005A00079D073D8020EE126030E04010015E76E20
:1005B000010EE7CFDBFF01C4DFFFDE505126DD5027
:1005C00052220001180EE06F040EE16F57D804E0CC
:1005D00065D8FCE2DB06FAD7020EE15C02E2E16AD2
:1005E000E552E16E57D06598505005E13FD8840E32
:1005F000006F040118D0040110AF17D05150165DE0
:100600005250175904E216C451F017C452F085DF56
:10061000010E4F6E2BD8800E006F0401180E066F6E
:10062000040E076FC80E046F1200020E4F6E040115
:10063000056BC80E046F0401080E016F180E026FDF
:10064000040E036FC80E006F12004F6A0401046BA2
:100650001200E2C0E9FFE3C0EAFFEF6EE22B000EFA
:10066000E323E02BE123DF06010E12000401080E54
:10067000016F100E026F040E036F1200D9CFE9FF55
:10068000DACFEAFFEE50ED101200D9CFE6FFE1CF4E
:10069000D9FF1200E552E7CFD9FF1200E0C0E9FF11
:1006A000E1C0EAFFEF5029EF03F004011051600BA5
:1006B000E842E842E842E842E842000901E012006C
:1006C0001151070A43E00B0A41E0070A34E0010A2E
:1006D00024E00B0A20E0020A1EE0030A1AE0080ADE
:1006E00010E0010A0CE00F0A08E0030A01E0120022
:1006F000010E506E040E556E1200A7EF03F0DDEFF1
:1007000003F0010E506E0001570EE06F000EE16F16
:100710000ED0F7EF03F025EF04F0010E506E1451E8
:100720000001E06FE16B580EE027000EE1235692C6
:10073000010E516E1200010E506E1451EA6A580FEC
:10074000E96E000EEA2212C4EFFF12001200800EC2
:100750000401105D31E11351030A20E0010A0BE0AE
:10076000030A29E1010E506E00013A0EE06F0D0EF2
:10077000E16F120E1ED0AAD8F00EF6260D0EB8D8D4
:10078000020E0001F76AE025F66EE151F72209003A
:10079000F5CF51F00A00F5CF52F00DD097D8F40EF6
:1007A000F6260D0EA5D8E0C0F6FFE1C0F7FF080061
:1007B000F550516E526A56821200010E506E0F0EA5
:1007C000E66E270EE66E0F0E9BD8010EE66E580EF3
:1007D000E66E000E95D812C457F00401125103E1E1
:1007E000050E556E1200060E556EEFEF04F0040173
:1007F000186B196B040110511F0B020A0EE0030A5B
:1008000009E0010A17E1010E506E56A013D0040151
:10081000188310D0010E506E0DD04AD801E0010EA1
:100820005ED8E2C0E9FFEA6EEF50040B03E004017A
:10083000010E186F500408E10001180EE06F040E5D
:10084000E16F5692020E516E1200040112050CE186
:1008500010511F0B000908E1010E506E030E115DCF
:1008600002E1568001D05690125121E110511F0B28
:1008700002081DE114510F0B000919E019D801E01D
:10088000010E2DD8030E0401115D02E1840E03D088
:1008900014AF07D0400EE2C0E9FFE3C0EAFFEF6EFD
:1008A0001200880EE2C0E9FFE3C0EAFFEF6E12001B
:1008B000010E506E14510F0B080DF3505A6A000FC1
:1008C000596E040E5A221451800B1200010E506E04
:1008D0001251F66EF76AD890F636F7361200040D0C
:1008E000F35000015924E26F000E5A20E36F12000A
:1008F000F7220900F5CFE0F00A00F5CFE1F0120091
:10090000E66E15EC06F0E552E552E55212000401E0
:1009100010511F0B010801E01200145101E01200F8
:10092000060E115D21E11351230A1DE0010A0DE0BD
:10093000030A19E1020E506E570405E100015E0E34
:10094000E06F0D0EE16F090E0CD0020E506E5704D1
:1009500005E10001D30EE06F0D0EE16F570403E1D6
:100960001D0E516E526A568204011051600BE8420E
:10097000E842E842E842E842010801E01200115171
:100980000B0A26E0080A19E0090A12E0080A09E041
:100990000B0A05E0080A01E01200EDEF04F0EEEFAB
:1009A00004F0020E506E00014A0EE06F000E0BD0F4
:1009B000020E506E13C44AF01200020E506E000177
:1009C0004B0EE06F000EE16F5692010E516E120059
:1009D000020E506E12C44BF01200120012004C6A4C
:1009E0000F011E0E276F0401400E096F200E0A6FC3
:1009F000040E0B6F880E086F0401600E0E6F040E5C
:100A00000F6F400E0C6F1200D9CFE6FFE1CFD9FF78
:100A1000E652FC0EDB50400805E2400EF36EFC0E81
:100A2000F3CFDBFFDF6AFC0EDB50DF5C0FE2DF5051
:100A30004DD8EF50E66EDF50EA6A600FE96E040EA3
:100A4000EA22E552E750EF6EDF2AEDD7FC0EDBCF4E
:100A50000DF4400E04010C170C7D880E0C13E552AA
:100A6000E552E7CFD9FF1200D9CFE6FFE1CFD9FF9A
:100A70004C6A040108BF25D0FC0EDBCF59F00951A8
:100A8000D880595403E2FC0E09C4DBFF4C6AFC0E0B
:100A9000DB504C5C0FE24C50EA6A200FE96E040E0A
:100AA000EA22EF50E66E4C5011D8E552E750EF6E57
:100AB0004C2AEDD70401400E096F0817087D880EF7
:100AC00008134C50E552E7CFD9FF1200E76EFD0E38
:100AD000DBCFE9FFFE0EDBCFEAFFE750E926000E91
:100AE000EA22120082AE04D065B604D00FD802D03C
:100AF00065B613D8550409E165BA07D0626A0F01DB
:100B0000366B36813689020E556E1200656A0F010A
:100B1000366B6586010E556E1200656A0F01366BE5
:100B2000556A12008DEF05F0555001E11200625038
:100B3000040B05E00F013651040B01E032D865B219
:100B400012006250010B05E00F013651010B01E06C
:100B50003BD86250100B05E00F013651100B01E03D
:100B60001FD86250200B05E00F013651200B01E029
:100B700019D8030E555C01E21200546A040E545C4D
:100B80000EE26250080B0BE00F013651080B07E034
:100B9000E5EC01F0000901E16296542AEFD712005A
:100BA000120012000F0126A10DD0800E0401005D7D
:100BB00007E1840E0401045D03E104018C0E006F63
:100BC0000F012691629A1200636A626A0F019F0EFA
:100BD000376F0F017B0E366F0F01386B0F0EE66E0D
:100BE000270EE66E0F0EE66E20D8E552E552E5526E
:100BF0000F01160E266F62A605D0629600D000D0B7
:100C00000000F9D7659825EC03F00401080E016F88
:100C10000401100E026F040E036F04018C0E006FAE
:100C20005690576A030E556E1200D9CFE6FFE1CFFA
:100C3000D9FFFD0EDBCFE9FFFE0EDBCFEAFFFC0E96
:100C4000DB5004E0EE6AFC0EDB06F9D7E552E7CF95
:100C5000D9FF12001DEE00F02DEE00F0F86AF66AE2
:100C6000100EF76E0800F550FF0808E1010EF66E51
:100C7000100EF76E0800F550FF0806E080AE02D0B7
:100C800000EF08F080AEFED701D812000DD80400A6
:100C900033D836D8060E555C05E16550020B02E1EB
:100CA0002BEC00F0F4D71200600ED36E9B8C580E24
:100CB0004D6E020E4E6E4DC059F04EC05AF04D06AC
:100CC000000E4E5A59505A10F6E165A604D06592AE
:100CD000656ACDEC01F0948E0F01140E396F556AE0
:100CE000566A576A1FEC00F08C968C9495969594F2
:100CF0000F01486B496B120072EC05F094EF05F0A0
:100D0000060E555C02E28C868C94060E555C14E14E
:100D10000001200EE65D4E0EE75902E38C868C94AE
:100D2000400EE65D9C0EE75904E38C968C84E66BDE
:100D3000E76BE62B000EE723120012010002000011
:100D40000008D8043C000200010200010902290049
:100D5000010100C032090400000203000000092163
:100D600011010001221D0007058103400001070554
:100D700001034000010403090434034D00690063CA
:100D80000072006F0063006800690070002000546A
:100D9000006500630068006E006F006C006F006704
:100DA000007900200049006E0063002E00260348F1
:100DB000004900440020005500530042002000423A
:100DC000006F006F0074006C006F006100640065CC
:100DD0000072000600FF0901A10119012940150058
:100DE00026FF00750895408100190129409100C037
:100DF0004C0D4C0D750D790DAD0D0E09C00EF36E39
:100E000000EE00F00E0E01D81200EA6002D0EE6A89
:0E0E1000FCD7F350E9601200EE6AFCD7000038
:06100000B6EF4CF01200F7
:0610080028EF08F01200C1
:0610180062EF22F012005D
:10102A000300209A0000E7040000090000001E9A4D
:10103A000000FA05000002000000A09900008002EA
:10104A0000007E000000DACFE4FFE9CFE4FFEACF38
:10105A00E4FFF3CFE4FFF4CFE4FFE652F294D6CFF5
:10106A00C4F18A0E0101C425D66E09B28C820080B1
:10107A00050E855D3FE1045004E15F0E831486117D
:10108A008C6E09A408D0010E021403E1010E0314A8
:10109A0002E06AEC1FF002A012D0FBEC20F021AEB5
:1010AA000ED0219E868D70EC1FF009A404D02A2A46
:1010BA002B222C222D2223EC1FF001E1029003A007
:1010CA0011D004EC21F025AE0DD0259ECAEC1FF0FC
:1010DA0009A404D0322A3322342235227FEC1FF0AD
:1010EA0001E10390010E021451E1010E031401E122
:1010FA008CD04CD0060E855D4BE109A408D0010EB8
:10110A00021403E1010E031402E06AEC1FF002A0CC
:10111A001BD004EC1EF021AE17D07F0E2114216ED5
:10112A00868D70EC1FF009A404D02A2A2B222C22C7
:10113A002D228FAF03D0868F8C8E02D0869F8C9EF5
:10114A0023EC1FF001E1029003A01AD016EC1EF066
:10115A0025AE16D07F0E2514256ECAEC1FF009A401
:10116A0004D0322A33223422352293AF03D0868B1D
:10117A008C8A02D0869B8C9A7FEC1FF001E1039047
:10118A00010E021403E1010E03143FE000903DD06A
:10119A00070E855D3AE102A038D009A402D06AECB4
:1011AA001FF070EC1FF023EC1FF002E1029001D057
:1011BA00009004EC1EF021AE12D07F0E2114216E95
:1011CA00868D09A405D02A2A000E2B222C222D2234
:1011DA008FAF03D0868F8C8E02D0869F8C9E16ECA2
:1011EA001EF025AE12D07F0E2514256E868909A41D
:1011FA0005D0322A000E33223422352293AF03D08F
:10120A00868B8C8A02D0869B8C9A500E86154EE06D
:10121A00045005E10F0E831486118C6E0ED086AF32
:10122A0002D08B8401D08B9486AB02D0898401D002
:10123A00899486BD8B8C86B9898A86AD19D086AF8A
:10124A000CD01606000E175A185A195A09A410D0AB
:10125A002E062F5A305A315A0BD0162A000E172250
:10126A001822192209A404D02E2A2F223022312230
:10127A0086A919D086AB0CD01A06000E1B5A1C5A26
:10128A001D5A09A410D03606375A385A395A0BD083
:10129A001A2A000E1B221C221D2209A404D0362A57
:1012AA00372238223922AF0E8617E4D0020E855D26
:1012BA0058E105A03AD0AF050A6EAD51AE111AE158
:1012CA001CEC1FF0EF500001EA6A9C25E96E9D5163
:1012DA00EA22EF6A48EC21F0EE6AED6A4EEC21F060
:1012EA00EE6AED6A1CEC1FF0EF6A61EC21F0EE6A1F
:1012FA00ED6A1BD048EC21F0B0C1EEFFB1C1EDFFA1
:10130A004EEC21F0ADC1EEFFAEC1EDFF1CEC1FF0BB
:10131A00ACC1EFFF61EC21F0EE50ED1006E161EC9B
:10132A0021F0ADC1EEFFAEC1EDFF0001A6510101F2
:10133A00AC5D17E10001A0510101AD190CE10001FA
:10134A00A1510101AE1907E1010EB96FB66BC15186
:10135A0008E08A9806D0B96B010EB66FC15101E058
:10136A008A88850502E0000E01D0010E5A6E020E2F
:10137A00855D02E0000E01D0010E5A100EE084ECE9
:10138A001FF001E177D08707000E885B895B8A5BD3
:10139A0084EC1FF06FE000906DD0030E855D2AE1AA
:1013AA008B5123E0B2C15AF0B3C15BF0D8905B32E3
:1013BA005A32D8905B325A325A50BB6EBFC15CF077
:1013CA00C0C15DF0040ED8905C365D36E804FBE1DE
:1013DA00300E5C16000E5D16CF0EBA1400015C10BA
:1013EA005A6E5DC05BF0E85003D0BB6ACF0EBA14E8
:1013FA00BA6E3FD0040E855D3DE18651000823E2B6
:10140A00045002E18D9001D08C92860503E18D840F
:10141A008D82898C020E865D03E18D848D82899C82
:10142A00030E865D03E18D948D82899C040E865D90
:10143A0003E18D848D92899C050E865D09E18D9468
:10144A008D92899C05D0045002E18D8001D08C8256
:10145A00AC51000806E2045002E18B9207D089924F
:10146A0005D0045002E18B8201D089826AEC1EF019
:10147A000E90008009A4FDD0010E001404E1080EAC
:10148A00091401E1F6D0050E0101855D02E0000EA6
:10149A0001D0010E5B6E070E855D02E0000E01D0E1
:1014AA00010E5A6E060E855D02E0000E01D0010E95
:1014BA005A105B1001E1DDD0098E26C080F127C0E9
:1014CA0081F128C082F129C083F1ADA2FED783C180
:1014DA00AEFFADA2FED782C1AEFFADA2FED781C1DB
:1014EA00AEFFADA2FED780C1AEFF2AC080F12BC0ED
:1014FA0081F12CC082F12DC083F1ADA2FED783C148
:10150A00AEFFADA2FED782C1AEFFADA2FED781C1AA
:10151A00AEFFADA2FED780C1AEFF1EC080F11FC0D4
:10152A0081F120C082F121C083F1ADA2FED783C12F
:10153A00AEFFADA2FED782C1AEFFADA2FED781C17A
:10154A00AEFFADA2FED780C1AEFF8CC180F18DC1C6
:10155A0081F18EC182F18FC183F1ADA2FED783C121
:10156A00AEFFADA2FED782C1AEFFADA2FED781C14A
:10157A00AEFFADA2FED780C1AEFF2EC080F12FC054
:10158A0081F130C082F131C083F1ADA2FED783C1AF
:10159A00AEFFADA2FED782C1AEFFADA2FED781C11A
:1015AA00AEFFADA2FED780C1AEFF32C080F133C01C
:1015BA0081F134C082F135C083F1ADA2FED783C177
:1015CA00AEFFADA2FED782C1AEFFADA2FED781C1EA
:1015DA00AEFFADA2FED780C1AEFF22C080F123C00C
:1015EA0081F124C082F125C083F1ADA2FED783C167
:1015FA00AEFFADA2FED782C1AEFFADA2FED781C1BA
:10160A00AEFFADA2FED780C1AEFF90C180F191C1FD
:10161A0081F192C182F193C183F1ADA2FED783C158
:10162A00AEFFADA2FED782C1AEFFADA2FED781C189
:10163A00AEFFADA2FED780C1AEFF36C080F137C083
:10164A0081F138C082F139C083F1ADA2FED783C1DE
:10165A00AEFFADA2FED782C1AEFFADA2FED781C159
:10166A00AEFFADA2FED780C1AEFFADA2FED70A0E75
:10167A00AE6E0C501CE081500B6EE8500D18E81C41
:10168A000C1415E0010E0E1412E10BC0C9F40E8001
:10169A00026A036A00800F6A106A116A016A200EE0
:1016AA00015C05E2015087EC1EF0012AF8D700A080
:1016BA0013D10101856B0F5001E1F6D009B28C807C
:1016CA0006B08C940401955102E0010E956F1150F9
:1016DA0028EC1FF0126E050E125C03E173EC21F088
:1016EA0005D0060E125C14E10FEC20F0F0EC20F0AD
:1016FA0034EC1FF0F0EC20F0040E7AEC1DF0EECF83
:10170A0098F1EECF99F1EECF9AF1EFCF9BF109D094
:10171A00070E125C11E10FEC20F0F0EC20F034EC33
:10172A001FF04AEC22F0EFCF86F197EC1CF0CCECDC
:10173A001DF00DEC21F044D0020E125C1EE1B5EC56
:10174A0020F04AEC22F0270E7AEC1DF0EECFADF134
:10175A00EDCFAEF113EC21F04AEC22F0290E7AEC2F
:10176A001DF0EFCFAFF14AEC22F02A0E7AEC1DF011
:10177A00EECFB0F1EDCFB1F123D0120403E1B5EC15
:10178A0020F01ED0030E125C0EE1B5EC20F00DEC39
:10179A0021F04AEC22F02C0E7AEC1DF0EECFB2F1D9
:1017AA00EDCFB3F10DD0040E125C0AE197EC1CF0F8
:1017BA00EFCF85F14AEC22F0EFCF86F113EC21F05E
:1017CA00070E0101855D02E0000E01D0010E5B6E7D
:1017DA00060E855D02E0000E01D0010E5A6E050E5E
:1017EA00855D02E0000E01D0010E5A105B103AE04E
:1017FA008BA908D087C11EF088C11FF089C120F0CB
:10180A008AC121F08BAB08D087C122F088C123F0AE
:10181A0089C124F08AC125F08BA104D01E6A1F6AEF
:10182A00206A216A8BA304D0226A236A246A256A61
:10183A008BA505D01E681F6820687F0E216E8BA7B6
:10184A0005D02268236824687F0E256E23EC1FF0DA
:10185A0002E0028001D002907FEC1FF002E00380D8
:10186A0001D0039009A414D0266A276A286A296A33
:10187A002A6A2B6A2C6A2D6A2E6A2F6A306A316AA2
:10188A00326A336A346A356A366A376A386A396A52
:10189A00115087EC1EF0112A1350115C01E3116AF2
:1018AA000F501AE00F0618D0040195050CE1040147
:1018BA00E80E986F030E996F96C49AF497C49BF436
:1018CA000401020E956F0101876B886B896B8A6B25
:1018DA0006B08C8409B2898280AE078008A002D043
:1018EA0081A00780045003E18C9C8C9802D08B9CC9
:1018FA00899A09AE04D0F2948A0ED66E099E09A27C
:10190A0003D089928C908C92E552E5CFF4FFE5CF13
:10191A00F3FFE5CFEAFFE5CFE9FFE5CFDAFF1100F4
:10192A000101C56BC66BC76BC86BF2EC1FF0F7EC15
:10193A001FF0D16BD26BD36BD46BD56BD66BD76BD5
:10194A00D86BD96BDA6BDB6BDC6BDD6BDE6BDF6B59
:10195A00E06BE16BE26BE36BE46BE56BE66BE76B09
:10196A00E86BE96BEA6BEB6BEC6BED6BEE6BEF6BB9
:10197A00F06B1200D9CFE6FFE1CFD9FFE652DF6A5A
:10198A00020EDF5C2DE2DF50040DF3CFE9FFF4CF46
:10199A00EAFF8C0EE926010EEA22010EEE6EEE6ACD
:1019AA00EE6AEE6ADF50040DF3CFE9FFF4CFEAFFE7
:1019BA00940EE926010EEA22EE6AEE6AEE6AEE6AF1
:1019CA00DF50040DF3CFE9FFF4CFEAFFA40EE926B6
:1019DA00010EEA22EE6AEE6AEE6AEE6ADF2AD0D7D2
:1019EA000101856B0101866B0101876B886B896B2D
:1019FA008A6B0101AD6BAE6B0101AC6B0101AF6B80
:101A0A000101B06BB16B0690096A92809F9C010E2E
:101A1A00E66EE66A79EC2EF0E552E552010EE66EC4
:101A2A000B0EE66E79EC2EF0E552E5528D84969413
:101A3A008D829692898C929C8D8096908B829492BC
:101A4A008C9C959C8C9E959E8C9895988C9A959A30
:101A5A00949E828E0000000000000000000000003A
:101A6A00000000000000000000000000000000006C
:101A7A0000000000000000000000948E829E010118
:101A8A00010EC16F05808A989398899692960101F2
:101A9A00010EB66F046A0101010EB96FDF6A200EEA
:101AAA00DF5C09E2DF50EA6A580FE96E010EEA22AA
:101ABA00EF6ADF2AF4D70101BA6BBB6BBC6BBD6B53
:101ACA00076A0101C36B0101010EC26F0F6A106A36
:101ADA00116A010E136E050E146E156A9380F19E3B
:101AEA000880939681960B6A0C6A0D6A0E90C4EC74
:101AFA0019F0D58CD59AD596D594D592D580D66A33
:101B0A00D58EF184F294F28AE552E552E7CFD9FFF5
:101B1A0012006DEC1DF0030E5CEC1EF07BEC20F065
:101B2A00E66AD950F4EC20F00401845101E0ABD00C
:101B3A00DF0420E164EC21F007E10101010EC16F2D
:101B4A0005907BEC1EF00ED0FEEC1DF0010EEE1897
:101B5A0005E1ED5003E10101C16B03D00101010E62
:101B6A00C16F0580000EE66EE66AB9C1E6FF76EC43
:101B7A001FF087D0020EDF5C2DE164EC21F008E152
:101B8A00046A96909492959C959E9598959A1BD0E6
:101B9A00FEEC1DF0010EEE180CE1ED500AE1010E0B
:101BAA0092EC1FF094949294949C929A95929292A9
:101BBA0068D0FEEC1DF0020EEE1863E1ED5061E113
:101BCA00020E92EC1FF094849284948C928A9582ED
:101BDA00928257D0040EDF5C07E1010EDBCFA0F042
:101BEA00020EDBCFA1F04DD0050EDF5C07E1010E3E
:101BFA00DBCF9EF0020EDBCF9FF043D0080EDF5CF6
:101C0A000FE1FEEC1DF0080ED880EE54000EED54E4
:101C1A0003E2080ED1EC1FF0010EDBCF9AF031D0AF
:101C2A00090EDF5C0FE1FEEC1DF0060ED880EE54C3
:101C3A00000EED5403E2060ED1EC1FF0010EDBCFCD
:101C4A009BF01FD00A0EDF5C03E1D8EC1FF009D02D
:101C5A000B0EDF5C03E1D8EC1FF013D00C0EDF5C37
:101C6A0007E1010EDBCFA4F0020EDBCFA5F009D00D
:101C7A000D0EDF5C06E164EC21F002E0088001D081
:101C8A00089078EC1DF0030EE15C02E2E16AE5528D
:101C9A006AEF1DF08CEC21F0E10EE66E010E39ECD4
:101CAA0020F0E50EE66E010EDBEC21F00BEC20F0E5
:101CBA0028E10101C2511DE0D151D211D311D41131
:101CCA0005E1D951DA11DB11DC1103E0F6EC1EF063
:101CDA0010E1E151E211E311E41105E1E951EA11E0
:101CEA00EB11EC1103E0FBEC1EF003E1D6EC1EF065
:101CFA0007D0F2EC1FF011EC1FF0E66A32EC1EF08E
:101D0A00E55268EF1EF08CEC21F096EC21F0E50E1E
:101D1A00E66E010E39EC20F0D5EC21F032E101013A
:101D2A00C25127E0D151D211D311D4110AE1D951AC
:101D3A00DA11DB11DC1105E1DD51DE11DF11E011F1
:101D4A0003E0F6EC1EF015E1E151E211E311E411B2
:101D5A000AE1E951EA11EB11EC1105E1ED51EE113D
:101D6A00EF11F01103E0FBEC1EF003E1D6EC1EF0DC
:101D7A0007D0F2EC1FF0DFCFE6FFE66A32EC1EF086
:101D8A00E55268EF1EF06DEC1DF0110EE12646ECEF
:101D9A0020F04EEC22F0D950010F2EEC22F0090F60
:101DAA0063EC20F096EC21F0D950050F2EEC22F0CE
:101DBA000D0F63EC20F057EC22F055E10101C251FE
:101DCA0006E000EC1FF003E1D6EC1EF04BD0A0ECCD
:101DDA001EF0D96BDA6BDB6BDC6BE96BEA6BEB6BD6
:101DEA00EC6BDFCFE6FF010EE66E79D8E552E552DD
:101DFA00010EDBCFD1F1020EDBCFD2F1030EDBCF26
:101E0A00D3F1040EDBCFD4F1050EDBCFE1F1060EE0
:101E1A00DBCFE2F1070EDBCFE3F1080EDBCFE4F113
:101E2A00090EDBCFD9F10A0EDBCFDAF10B0EDBCFCD
:101E3A00DBF10C0EDBCFDCF10D0EDBCFE9F10E0E80
:101E4A00DBCFEAF10F0EDBCFEBF1100EDBCFECF1BB
:101E5A00000E01019AEC1FF0A2EC1FF0F7EC1FF044
:101E6A0054EC21F0E552110EE15C02E2E16AE5521E
:101E7A006AEF1DF09FEC21F096EC21F0D5EC21F0F1
:101E8A000EE10101C25106E000EC1FF003E1D6ECBD
:101E9A001EF004D0A0EC1EF054EC21F0E55268EFDD
:101EAA001EF09FEC21F0E10EE66E010EDBEC21F054
:101EBA000BEC20F012E10101C25106E000EC1FF028
:101ECA0003E1D6EC1EF008D0A0EC1EF011EC1FF0D6
:101EDA00010EE66E32EC1EF0E55268EF1EF06DEC74
:101EEA001DF0050EE126DE6ADE6ADE6ADD6ADD5273
:101EFA00DD520EB02DD209B40BD0D880030E0101E9
:101F0A00AAEC1FF005E2030ECD6FCE6BCF6BD06B40
:101F1A00FE0EDB5037E10101800ED81516E0800E67
:101F2A00D41519E1000E2AEC21F0D16DD21FD2236B
:101F3A00D31FD323D41FD423D96DDA1FDA23DB1F8F
:101F4A00DB23DC1FDC239AEC1FF0800EE8151AE075
:101F5A00800EE41504E0D6EC1EF0E552F9D1000E2D
:101F6A0032EC21F0E16DE21FE223E31FE323E41FD9
:101F7A00E423E96DEA1FEA23EB1FEB23EC1FEC23B2
:101F8A00A2EC1FF001012A6B2B6B2C6B2D6B2E6BB5
:101F9A00D9C140F0DAC141F0DBC142F0DCC143F003
:101FAA00020ECDEC1EF040500101D15D4E6E415043
:101FBA00D2594F6E4250D359506E4350D459516E34
:101FCA00DDC140F0DEC141F0DFC142F0E0C143F0C3
:101FDA00060ECDEC1EF04E5040240101D16F4F5039
:101FEA004120D26F50504220D36F51504320D46FBA
:101FFA00E9C140F0EAC141F0EBC142F0ECC143F063
:10200A00020ECDEC1EF040500101E15D4E6E4150D2
:10201A00E2594F6E4250E359506E4350E459516EA3
:10202A00EDC140F0EEC141F0EFC142F0F0C143F022
:10203A00060ECDEC1EF04E5040240101E16F4F50C8
:10204A004120E26F50504220E36F51504320E46F29
:10205A0001012F6B09A416D0FD0EDB500DE12F896B
:10206A002F8BCDC12BF1CEC12CF1CFC12DF1D0C117
:10207A002EF10101CD6B03D00101030ECD6FCE6BA2
:10208A00CF6BD06BCDC14EF0010E3DEC1FF03EE0A0
:10209A00040EDB6AD90EE96E010EEA6E0101D15116
:1020AA00EE244E6ED251EE204F6ED351EE20506E7A
:1020BA00D45160EC1DF002E639EC1EF01DE372EC1F
:1020CA001DF01CE1DD0EE96E010EEA6ED951EE2417
:1020DA004E6EDA51EE204F6EDB51EE20506EDC511F
:1020EA0060EC1DF002E639EC1EF006E372EC1DF01E
:1020FA0005E1800EE01502E079EC1FF0040EDB50DA
:10210A0003E001012F8502D001012F81CDC14EF0DC
:10211A00020E3DEC1FF03CE0040EDB6AFCEC1FF003
:10212A000101E151EE244E6EE251EE204F6EE35171
:10213A00EE20506EE45160EC1DF002E639EC1EF020
:10214A001DE372EC1DF01CE1ED0EE96E010EEA6E64
:10215A00E951EE244E6EEA51EE204F6EEB51EE201D
:10216A00506EEC5160EC1DF002E639EC1EF006E30D
:10217A0072EC1DF005E1800EF01502E079EC1FF01B
:10218A00040EDB5003E001012F8702D001012F83E7
:10219A00DD0EE96E010EEA6EEE500101D95DD96FCE
:1021AA00EE50DA59DA6FEE50DB59DB6FEE50DC593C
:1021BA00DC6FED0EE96E010EEA6EEE50E95DE96F35
:1021CA00EE50EA59EA6FEE50EB59EB6FEE50EC59CC
:1021DA00EC6F0401C60502E18D908B92D1C130F1FA
:1021EA00D2C131F1D3C132F1D4C133F1FE0EDB5089
:1021FA0009E0C9C138F1CAC139F1CBC13AF1CCC140
:10220A003BF102D0A9EC1EF0D9C148F1DAC149F17B
:10221A00DBC14AF1DCC14BF1DDC140F1DEC141F164
:10222A00DFC142F1E0C143F1E1C134F1E2C135F16C
:10223A00E3C136F1E4C137F1FE0EDB5006E00101DD
:10224A003C6B3D6B3E6B3F6B02D0B2EC1EF0E9C1BA
:10225A004CF1EAC14DF1EBC14EF1ECC14FF1EDC1C8
:10226A0044F1EEC145F1EFC146F1F0C147F1FE0E6E
:10227A00DB5003E00101070E02D00101060E296FAF
:10228A0009AA5AD020EC22F04FEC20F0A3EC21F05E
:10229A00220E4E6E8C0E7AEC1CF048C1E6FF49C144
:1022AA00E6FF4AC1E6FF4BC1E6FF4FEC20F01D0EE8
:1022BA004E6E8C0E7AEC1CF040C1E6FF41C1E6FF7F
:1022CA0042C1E6FF43C1E6FF4FEC20F027EC22F0C3
:1022DA004FEC20F0B2EC21F00E0E4E6E8C0E7AEC22
:1022EA001CF04CC1E6FF4DC1E6FF4EC1E6FF4FC1EF
:1022FA00E6FF4FEC20F0090E4E6E8C0E7AEC1CF0C5
:10230A0044C1E6FF45C1E6FF46C1E6FF47C1E6FF15
:10231A004FEC20F0040E4E6E8C0E7AEC1CF02FC19E
:10232A004EF04F6A506A516A2FC1E6FFCEEC21F097
:10233A004FEC20F07EEC1DF009BC0AD013500F5C64
:10234A00FDE20EB005D09BEC1CF001E3106A0F2AE7
:10235A00050EE15C02E2E16AE5526AEF1DF0ABECC0
:10236A0020F0D50EE66E010EEDEC21F0E66EE50EDC
:10237A00E66E010E32EC20F00401845101E01200F5
:10238A008BDA0401845101E0120078EF1DF06DEC44
:10239A001DF0250EE126DE6ADD6A020EDB6A030EF7
:1023AA00DB6A040EDB6A050EDB6A060EDB6A070EC1
:1023BA00DB6A080EDB6A090EDB6A0A0EDB6A0B0EA1
:1023CA00DB6A0C0EDB6A0D0EDB6A0E0EDB6A0F0E81
:1023DA00DB6A100EDB6A110EDB6A120EDB6A130E61
:1023EA00DB6A140EDB6A150EDB6A160EDB6A95ECE5
:1023FA000CF010EC22F0030E74EC1CF0E66AD950D3
:10240A00020F2EEC22F0060F2EEC22F00A0F2EEC11
:10241A0022F00E0F2EEC22F0120FA3EC20F0010195
:10242A00C25101E17BD0120EDB50010871E3DECF0D
:10243A004EF0DDCF4FF0010E4E5C000E4F5868E3B0
:10244A0017EC22F0A80ED880EE54610EED5460E32A
:10245A00020EDBCF41F0030EDBCF42F0040EDBCFDE
:10246A0043F0050E05EC1FF002E628EC1EF050E3DF
:10247A00D950020F60EC1EF002E642EC1EF048E36F
:10248A00060EDBCF41F0070EDBCF42F0080EDBCFA2
:10249A0043F0090E05EC1FF002E628EC1EF038E3C3
:1024AA00D950060F60EC1EF002E642EC1EF030E353
:1024BA000A0EDBCF41F00B0EDBCF42F00C0EDBCF66
:1024CA0043F00D0E05EC1FF002E628EC1EF020E3A7
:1024DA00D9500A0F60EC1EF002E642EC1EF018E337
:1024EA000E0EDBCF41F00F0EDBCF42F0100EDBCF2A
:1024FA0043F0110E05EC1FF002E628EC1EF008E38B
:10250A00D9500E0F60EC1EF002E642EC1EF003E218
:10251A00D6EC1EF04AD00401845148E10EB046D0F0
:10252A0009AA39D0FE0E4E6E8B0E7AEC1CF0DECF65
:10253A004EF0DDCF4FF031EC1DF0F50E4E6E8B0EE6
:10254A007AEC1CF0D950020F70EC21F0EC0E4E6EB2
:10255A008B0E7AEC1CF0D950060F70EC21F0E10ECC
:10256A004E6E8B0E7AEC1CF0D9500A0F70EC21F0EB
:10257A00D60E4E6E8B0E7AEC1CF0D9500E0F70EC04
:10258A0021F0CA0E4E6E8B0E7AEC1CF0120EE0ECA5
:10259A0020F07EEC1DF0A80E4E6E8B0E7AEC1CF02D
:1025AA007EEC1DF0E66A3EEC2AF0E552250EE15C6F
:1025BA0002E2E16AE5526AEF1DF041EC21F0010EF8
:1025CA00DF6E46EC20F0010EE66ED90EE66E010EC5
:1025DA00EDEC21F0E66EE90EE66E010EEDEC21F06F
:1025EA000101C95D000ECA59000ECB59000ECC5923
:1025FA0004E2010EC96FCA6B09D0D880A80EB2ECEA
:10260A001FF006E2A80EC96F610ECA6FCB6BCC6BC6
:10261A0013500F5CFDE2DF040AE1F29E010184EC33
:10262A001FF003E1855101E1DF6AF28EF4D716C08B
:10263A0040F017C041F018C042F019C043F0BAEC9C
:10264A001FF00101D925D56F3D50DA21D66F3E50D2
:10265A00DB21D76F3F50DC21D86F1AC040F01BC076
:10266A0041F01CC042F01DC043F0BAEC1FF001015A
:10267A00E925E56F3D50EA21E66F3E50EB21E76F11
:10268A003F50EC21E86FF7EC1FF014D878EC1DF0FE
:10269A0068EF1EF046EC20F0E66AD50EE66E010EF3
:1026AA0039EC20F0E50EE66E010E32EC20F002D88D
:1026BA0078EF1DF026EC21F009AA1BD0A20E4E6E6F
:1026CA008B0E7AEC1CF0C9C1E6FFCAC1E6FFCBC18A
:1026DA00E6FFCCC1E6FF41EC1DF0270E4E6E8C0ED4
:1026EA007AEC1CF08DEC1EF0130E4E6E8C0EC1ECC3
:1026FA0021F00EB0A3D0D880A80E0101B2EC1FF0D1
:10270A0003E300EC1FF006E1010EE66E10EC36F072
:10271A00E55294D0F6EC1EF004E1FBEC1EF001E168
:10272A008DD0CDC12FF146EC1FF002E18D908B9236
:10273A000101800ED81502E0DAEC1EF0800EE815D1
:10274A0002E0E2EC1EF0D50EE96E010EEA6E030E0F
:10275A00EB50E819E8AE02D0E83508D0E551EE5C56
:10276A00E651EE58E751EE58E851EE582AE3ABEC41
:10277A001DF04FEC1FF00101FBEC1EF01CE0BDEC5C
:10278A0020F056EC1DF0C6EC20F00FEC1DF004E131
:10279A000101010E346F11D0C2EC1DF007E10101F5
:1027AA003469356936697F0E376F34D0EAEC1EF02A
:1027BA0058EC1FF02FD00101346B356B366B376B39
:1027CA0029D0ABEC1DF058EC1FF00101F6EC1EF01D
:1027DA001CE0C6EC20F056EC1DF0BDEC20F00FEC2E
:1027EA001DF004E10101010E306F11D0C2EC1DF0A1
:1027FA0007E101013069316932697F0E336F0AD00E
:10280A00EAEC1EF04FEC1FF005D00101306B316B82
:10281A00326B336B3AEC21F0B2EC1EF0DFEC1FF0B6
:10282A0009AA02D03EEC20F013500F5CFDE20EB074
:10283A0005D09BEC1CF001E3106A0F2A040EE15C40
:10284A0002E2E16AE5526AEF1DF0ABEC20F0D90E24
:10285A00E66E010EDBEC21F0FCEC1FF00101D95110
:10286A00EE24D56FDA51EE20D66FDB51EE20D76F0A
:10287A00DC51EE20D86FFCEC1FF0EE50D95DE56F0D
:10288A00EE50DA59E66FEE50DB59E76FEE50DC593D
:10289A00E86F02D878EF1DF026EC21F00EB012D1C5
:1028AA0009AA1BD0980E4E6E8B0E7AEC1CF0C5C18D
:1028BA00E6FFC6C1E6FFC7C1E6FFC8C1E6FF41ECB5
:1028CA001DF0920E4E6E8B0E7AEC1CF08DEC1EF003
:1028DA008C0E4E6E8B0EC1EC21F00101C2510CE040
:1028EA00C551C611C711C81105E0D880030EAAEC5C
:1028FA001FF002E2060EB9D0CDC12FF1F6EC1EF0A0
:10290A0031E1FBEC1EF02EE10101010E296FA00E50
:10291A000101C55D860EC659010EC759000EC85978
:10292A0007E3A00EC56F860EC66F010EC76FC86B90
:10293A00C5C12BF1C6C12CF1C7C12DF1C8C12EF1F9
:10294A00190E456E466A476A486A61EC1FF0D8EC70
:10295A004BF03CC02BF13DC02CF13EC02DF13FC0E5
:10296A002EF1A4D046EC1FF002E18D908B9201016A
:10297A00800ED81502E0DAEC1EF0800EE81502E0AF
:10298A00E2EC1EF00A0E4E6ED70E4F6EA30E506E7C
:10299A004C0E516E61EC1FF068EC20F085EC41F0B2
:1029AA00E5EC20F00101F6EC1EF02FE0C6EC20F079
:1029BA0081EC1DF00FE2C25108E0C3A102D0BCECC9
:1029CA001DF0690E4E6E8B0E4BD0C96BCA6BCB6B6A
:1029DA00800ECC6F00EC1FF00FE1C25108E0C3A1DA
:1029EA0002D0BCEC1DF0460E4E6E8B0E39D0010E95
:1029FA00C96FCA6BCB6BCC6BC9C130F1CAC131F19B
:102A0A00CBC132F1CCC133F105D00101306B316B4E
:102A1A00326B336B3AEC21F00101FBEC1EF038E02B
:102A2A00BDEC20F081EC1DF00FE2C25108E0C3A119
:102A3A0002D0BCEC1DF0230E4E6E8B0E11D0C96B6A
:102A4A00CA6BCB6B800ECC6F00EC1FF018E1C25141
:102A5A0011E0C3A102D0BCEC1DF0000E4E6E8B0E2D
:102A6A007AEC1CF07EEC1DF0050EE66E10EC36F0EA
:102A7A00E55228D0010EC96FCA6BCB6BCC6BC9C1AA
:102A8A0034F1CAC135F1CBC136F1CCC137F105D029
:102A9A000101346B356B366B376BB2EC1EF00101FA
:102AAA00DFEC1FF009AA02D03EEC20F009BC0AD0E4
:102ABA0013500F5CFDE20EB005D09BEC1CF001E355
:102ACA00106A0F2A040EE15C02E2E16AE5526AEF3B
:102ADA001DF06DEC1DF0030ED8EC20F0E6EC1FF0B3
:102AEA0074EC1CF0040184513CE1F29E050E0101D4
:102AFA00855D06E0060E855D03E0070E855D03E150
:102B0A00DE52010EDD6E0F5003E0DE52010EDD6E65
:102B1A00856B020EDB6A200EF36E020EDBCFF4FF2A
:102B2A00F350F45C07E2020EDB5087EC1EF0020E53
:102B3A00DB2AF1D7106A116A0F6ADF0409E104502F
:102B4A0003E18D808B8204D0040402E18C828982A5
:102B5A00F28E00EC22F0C3B102D07EEC1DF078ECCC
:102B6A001DF0030EE15C02E2E16AE5526AEF1DF034
:102B7A00DCEC20F0B9C14EF04F6A506A516A4EAE91
:102B8A0003D04F68506851684EC0E6FFCEEC21F082
:102B9A0044EC21F0C3B102D07EEC1DF078EF1DF0B9
:102BAA006DEC1DF0030ED8EC20F08450040B08E104
:102BBA008450020B05E18050400B02E1010E23D044
:102BCA008450040B09E08450020B06E18050400B4C
:102BDA0003E1020EF36E19D08450040B08E184500D
:102BEA00020B05E08050400B02E1040E0CD0845029
:102BFA00040B08E08450020B05E08050400B02E110
:102C0A00080E01D0100EF36E020EF3CFDBFF045054
:102C1A0008E184B003D0020EDB50DF6E82B210D01E
:102C2A0009D004040DE183B203D0020EDB50DF6E3B
:102C3A0080B206D0020EDB50E76E010EE7CFDBFF53
:102C4A00DFCF4EF04F6A5DEC20F041EC1DF0BCEC9A
:102C5A001DF000EC22F0C3B102D07EEC1DF078EC3E
:102C6A001DF0030EE15C02E2E16AE5526AEF1DF033
:102C7A006DEC1DF0020EE126DE6ADD6A54EC22F0EC
:102C8A00E6EC1FF0030E74EC1CF0040184510FE112
:102C9A000101B90504E101EC20F0E66A04D001EC77
:102CAA0020F0010EE66E76EC1FF078EC1DF0020EB5
:102CBA00E15C02E2E16AE5526AEF1DF022EC21F0E2
:102CCA000BEC1FF031EC22F08EEC1FF0030FA3EC9B
:102CDA0020F089EC1FF00401845124E1030EDB503B
:102CEA00070802E20BEC1FF0DF50030802E2030EB2
:102CFA00DF6E030EDB50030F0001A65D07E07BECDD
:102D0A001EF0030EDB50030F0001A66F010EDBCF8E
:102D1A00E6FF020EDBCFE6FFDFCFE6FF76EC1FF021
:102D2A0078EC1DF0050EE15C02E2E16AE5526AEF19
:102D3A001DF06DEC1DF0060EE126FE0EDB0403E12C
:102D4A0051EC1EF04BD0FE0EDB50020805E151ECAF
:102D5A001EF0040EDB6A44D0FE0EDB50030834E199
:102D6A0051EC1EF0040EDB6AA0C09EF0A1C09FF0D9
:102D7A00F29E050EDB6A200EF36E050EDBCFF4FF22
:102D8A00F350F45C1FE2050EDB5028EC1FF002083A
:102D9A0016E1050EDB502F0D7FEC20F03DEC22F002
:102DAA00EF500001A65D0BE1050EDB508AEC1EF028
:102DBA00270E7AEC1DF0A0C0EEFFA1C0EDFF050EB4
:102DCA00DB2AD9D7F28E0CD09EC0DEFF9FC0DDFF72
:102DDA00020EA4C0DBFF030EA5C0DBFF79EC1FF0D7
:102DEA008986C2C4BEF4C3C4BFF4C4C4C0F4C5C493
:102DFA00C1F4040EDBCFE6FFFC0EDBCFE6FFFD0ECF
:102E0A00DBCFE6FF020EDBCFE6FF030EDBCFE6FFEA
:102E1A00A6C0E6FF01EC20F05AEC21F0060EE15CB8
:102E2A0002E2E16AE5526AEF1DF026EC21F07BEC42
:102E3A0020F0E76E020EE7CFDBFF040184512CE19C
:102E4A00020EDB5029E113EC22F0E76E030EE7CF06
:102E5A00DBFF0401845120E1030EDB501DE109BCB4
:102E6A0019D013500F5CFDE210508AEC1EF0DFCF30
:102E7A00EFFFD7EC1DF03DEC22F0010EDBCFEFFFA8
:102E8A00D7EC1DF0040EEF6E102A1350105C01E30C
:102E9A00106A0F2A78EC1DF0040EE15C02E2E16A86
:102EAA00E5526AEF1DF054EC22F0FE0E0101BA5D04
:102EBA00FF0EBB59FF0EBC59FF0EBD5905E2BA2BD6
:102ECA00000EBB23BC23BD2378EF1DF054EC22F087
:102EDA000101BA51BB11BC11BD1105E0BA07000EC0
:102EEA00BB5BBC5BBD5B78EF1DF06DEC1DF0050EA6
:102EFA00E12610EC22F0070E74EC1CF089EC1FF0AE
:102F0A00DB500BE1DFCFBAF1010EDBCFBBF1020ED2
:102F1A00DBCFBCF1030EDBCFBDF178EC1DF0050E63
:102F2A00E15C02E2E16AE5526AEF1DF0DCEC20F0B6
:102F3A00BAC1E6FFBBC1E6FFBCC1E6FFBDC1E6FF01
:102F4A0044EC21F0C3B102D0D3EC1EF078EF1DF0AF
:102F5A006DEC1DF0020E41EC22F07BEC20F013EC3C
:102F6A0022F0040184510DE1010EDB501F0803E237
:102F7A00DE521F0EDD6EC2EC1FF0DFCFEFFF78ECE2
:102F8A001DF0020EE15C02E2E16AE5526AEF1DF011
:102F9A006DEC1DF0020ED8EC20F013EC22F00401C7
:102FAA00845116E1010EDB501F0803E2DE521F0EA8
:102FBA00DD6EC2EC1FF0EFCF4EF04F6A5DEC20F0F1
:102FCA0044EC21F0C3B102D0D3EC1EF078EC1DF032
:102FDA00020EE15C02E2E16AE5526AEF1DF0DCEC06
:102FEA0020F007504E6E4F6A506A516AE66ECEEC78
:102FFA0021F044EC21F0C3B102D0D3EC1EF007B0AB
:10300A00079078EF1DF09DBCFED7DCEC20F000C1E4
:10301A004EF001C14FF031EC1DF0BCEC1DF016C1B1
:10302A004EF017C14FF031EC1DF00101C3B102D0CF
:10303A00D3EC1EF078EF1DF041EC21F0E0D8DF6E02
:10304A00DCEC20F00F0EDF14DF6E0101B95103E052
:10305A00100EDF10DF6E07A003D0200EDF10DF6E28
:10306A000401945104E0400EDF10DF6E946B0EA051
:10307A0003D0800EDF10DF6E020EE66EDFCF4EF059
:10308A004F6A5DEC20F006EC47F0526E050EE15EE9
:10309A005250D3EC1EF007B0079068EF1EF022ECF6
:1030AA0021F0030EDB6A31EC22F089EC1FF08EEC82
:1030BA001FF0030FA3EC20F00401845101E098D023
:1030CA00FEEC1DF0FF0ED880EE54030EED5405E21F
:1030DA00010EDB68030E06EC20F0DF50010802E265
:1030EA00010EDF6E030EDB50010802E20BEC1FF04B
:1030FA00DF0409E1040EDB50030805E10101BF6B9F
:10310A00020EC06F06D0010EDBCFBFF1020EDBCF7D
:10311A00C0F1CAB415D0CB68FC0ECA140009CA6E35
:10312A009D920F0152815293F00EBA140C09BA6E95
:10313A003F0EBA140009BA6E0E010E0ECC6FCA8485
:10314A00030EDB502AE1DF5023E0BFC14EF0C0C1BD
:10315A004FF0D8904F324E32D8904F324E324E50B6
:10316A00BB6EBFC150F0C0C151F0040ED8905036AA
:10317A005136E804FBE1300E5016000E5116CF0E00
:10318A00BA14000150104E6E51C04FF0E85003D0EF
:10319A00BB6ACF0EBA14BA6E29D009BC27D0135015
:1031AA000F5CFDE210508AEC1EF02C0E7AEC1DF03A
:1031BA00BFC1EEFFC0C1EDFFD7EC1DF0EE52EE52DB
:1031CA00EE6AEE6AEE6AEE6AD7EC1DF0EE52050E72
:1031DA007AEC1DF0DFCFEFFFD7EC1DF0030EEF6E98
:1031EA00102A1350105C01E3106A0F2A78EC1DF0C4
:1031FA00050EE15C02E2E16AE5526AEF1DF06DEC50
:10320A001DF0040E5CEC1EF0030EDB6AF29E010157
:10321A0084EC1FF002E0010EDF6E855102E0010E20
:10322A00DF6E0F5006E0010EDF6EF36E030EF3CF72
:10323A00DBFFDF5006E023EC1FF003E0DE52010E55
:10324A00DD6EDF5006E07FEC1FF003E0010E06ECB6
:10325A0020F0F28E030EDBCFE6FF020EDB50E824ED
:10326A004F6E010EDB50040DF3CF4EF0DF50080D08
:10327A00F3504E104F10E552E7104E6E040EE15C0B
:10328A0002E2E16AE552E16E4E5068EF21F022EC6B
:10329A0021F0030EDB6AB3DF89EC1FF0010EE66E44
:1032AA00E66E22EC2AF0E552E552040EDBA002D0CB
:1032BA000BEC1FF0040EDBA203D0010E06EC20F08B
:1032CA00040EDBA403D0DE52010EDD6E040EDBA673
:1032DA0002D0010EDF6EDFCF4EF04F6A31EC1DF0E7
:1032EA00BCEC1DF0010EE0EC20F0BCEC1DF0020E6F
:1032FA00E0EC20F0BCEC1DF0030EE0EC20F07EECDC
:10330A001DF0050EE15C02E2E16AE5526AEF1DF08A
:10331A006DEC1DF0080EE126DCEC20F0F29E16C0E2
:10332A00DFFF010E17C0DBFF020E18C0DBFF030E22
:10333A0019C0DBFF040E1AC0DBFF050E1BC0DBFF42
:10334A00060E1CC0DBFF070E1DC0DBFFF28ED9CFB5
:10335A00E9FF46EC1DF0BCEC1DF0D950040F70ECEF
:10336A0021F00101C3B102D07EEC1DF078EC1DF012
:10337A00080EE15C02E2E16AE5526AEF1DF0F29E94
:10338A006AEC1EF0F28E120054EC22F0F8DF78EFAD
:10339A001DF026EC21F000C3DFFF32DB02E065DB23
:1033AA00FEE101C352F095DA02E05FDBFEE102C3FF
:1033BA0052F08FDA02E059DBFEE103C352F0A0DAE1
:1033CA0004E3ADA2FED769DB03D0ADA2FED713DBBF
:1033DA00E2EC1DF004E3ADA2FED75FDB03D0ADA2A1
:1033EA00FED709DBE6EC1DF004E3ADA2FED755DB00
:1033FA0003D0ADA2FED7FFDAEAEC1DF004E3ADA2DA
:10340A00FED74BDB03D0ADA2FED7F5DAEEEC1DF00A
:10341A0004E3ADA2FED741DB03D0ADA2FED7EBDABF
:10342A00F2EC1DF004E3ADA2FED737DB03D0ADA268
:10343A00FED7E1DAF6EC1DF004E3ADA2FED72DDBF0
:10344A0003D0ADA2FED7D7DAFAEC1DF004E3ADA2A1
:10345A00FED723DB03D0ADA2FED7CDDAAE6E000EC7
:10346A0004C3DFFFCDDA02E000DBFEE105C352F060
:10347A0030DA02E0FADAFEE106C352F02ADA02E0B2
:10348A00F4DAFEE107C352F03BDA04E3ADA2FED759
:10349A0004DB03D0ADA2FED7AEDA8FDB04E3ADA224
:1034AA00FED7FBDA03D0ADA2FED7A5DA8ADB04E3A6
:1034BA00ADA2FED7F2DA03D0ADA2FED79CDA85DB45
:1034CA0004E3ADA2FED7E9DA03D0ADA2FED793DAC0
:1034DA0080DB04E3ADA2FED7E0DA03D0ADA2FED7CB
:1034EA008ADA7BDB04E3ADA2FED7D7DA03D0ADA23A
:1034FA00FED781DA76DB04E3ADA2FED7CEDA03D0BB
:10350A00ADA2FED778DA71DB04E3ADA2FED7C5DA45
:10351A0003D0ADA2FED76FDAAE6E000E08C3DFFF8E
:10352A006FDA02E0A2DAFEE109C352F0D2D902E070
:10353A009CDAFEE10AC352F0CCD902E096DAFEE147
:10354A000BC352F0DDD904E3ADA2FED7A6DA03D04D
:10355A00ADA2FED750DA31DB04E3ADA2FED79DDA85
:10356A0003D0ADA2FED747DA2CDB04E3ADA2FED727
:10357A0094DA03D0ADA2FED73EDA27DB04E3ADA28C
:10358A00FED78BDA03D0ADA2FED735DA22DB04E30D
:10359A00ADA2FED782DA03D0ADA2FED72CDA1DDBAC
:1035AA0004E3ADA2FED779DA03D0ADA2FED723DABF
:1035BA0018DB04E3ADA2FED770DA03D0ADA2FED7C2
:1035CA001ADA13DB04E3ADA2FED767DA03D0ADA2A1
:1035DA00FED711DAAE6E000E0CC3DFFF11DA02E07D
:1035EA0044DAFEE10DC352F074D902E03EDAFEE19C
:1035FA000EC352F06ED902E038DAFEE10FC352F080
:10360A007FD904E3ADA2FED748DA03D0ADA2FED734
:10361A00F2D9D3DA04E3ADA2FED73FDA03D0ADA2E2
:10362A00FED7E9D9CEDA04E3ADA2FED736DA03D063
:10363A00ADA2FED7E0D9C9DA04E3ADA2FED72DDAEE
:10364A0003D0ADA2FED7D7D9C4DA04E3ADA2FED720
:10365A0024DA03D0ADA2FED7CED9BFDA04E3ADA2F5
:10366A00FED71BDA03D0ADA2FED7C5D9BADA04E376
:10367A00ADA2FED712DA03D0ADA2FED7BCD9B5DA15
:10368A0004E3ADA2FED709DA03D0ADA2FED7B3D9BF
:10369A00AE6E000E10C3DFFFB3D902E0E6D9FEE139
:1036AA0011C352F016D902E0E0D9FEE112C352F07A
:1036BA0010D902E0DAD9FEE113C352F021D904E3AA
:1036CA00ADA2FED7EAD903D0ADA2FED794D975DA56
:1036DA0004E3ADA2FED7E1D903D0ADA2FED78BD9C0
:1036EA0070DA04E3ADA2FED7D8D903D0ADA2FED7D3
:1036FA0082D96BDA04E3ADA2FED7CFD903D0ADA24B
:10370A00FED779D966DA04E3ADA2FED7C6D903D0CB
:10371A00ADA2FED770D961DA04E3ADA2FED7BDD956
:10372A0003D0ADA2FED767D95CDA04E3ADA2FED717
:10373A00B4D903D0ADA2FED75ED957DA04E3ADA25D
:10374A00FED7ABD903D0ADA2FED755D9AE6E000EC7
:10375A0014C3DFFF55D902E088D9FEE115C352F040
:10376A00B8D802E082D9FEE116C352F0B2D802E01C
:10377A007CD9FEE117C352F0C3D804E3ADA2FED749
:10378A008CD903D0ADA2FED736D917DA04E3ADA29D
:10379A00FED783D903D0ADA2FED72DD912DA04E31E
:1037AA00ADA2FED77AD903D0ADA2FED724D90DDABD
:1037BA0004E3ADA2FED771D903D0ADA2FED71BD9BF
:1037CA0008DA04E3ADA2FED768D903D0ADA2FED7CA
:1037DA0012D903DA04E3ADA2FED75FD903D0ADA2B2
:1037EA00FED709D9FED904E3ADA2FED756D903D034
:1037FA00ADA2FED700D9F9D904E3ADA2FED74DD9BF
:10380A0003D0ADA2FED7F7D8AE6E000E18C3DFFF05
:10381A00F7D802E02AD9FEE119C352F05AD802E0D9
:10382A0024D9FEE11AC352F054D802E01ED9FEE1AF
:10383A001BC352F065D804E3ADA2FED72ED903D03C
:10384A00ADA2FED7D8D8B9D904E3ADA2FED725D9FF
:10385A0003D0ADA2FED7CFD8B4D904E3ADA2FED728
:10386A001CD903D0ADA2FED7C6D8AFD904E3ADA206
:10387A00FED713D903D0ADA2FED7BDD8AAD904E387
:10388A00ADA2FED70AD903D0ADA2FED7B4D8A5D926
:10389A0004E3ADA2FED701D903D0ADA2FED7ABD8BF
:1038AA00A0D904E3ADA2FED7F8D803D0ADA2FED7C3
:1038BA00A2D89BD904E3ADA2FED7EFD803D0ADA21C
:1038CA00FED799D8AE6E040EE15C02E2E16AE552D7
:1038DA00FCD086EC20F0E2DB080E1F0B1200E66E2D
:1038EA0094EC33F0E552F3EF21F04F6E506A4EC07C
:1038FA00E6FFE66E50C0E6FFE9EC46F0F3EF21F092
:10390A0086EC20F0DFCF80F1010EDBCF81F1020ED1
:10391A00DBCF82F1030EDBCF83F1010183390F0B79
:10392A00A7EF20F011502F0D7FEF20F010501CEC64
:10393A0022F029C1EEFF2AC1EEFF2BC1EEFF2CC1F6
:10394A00EEFF2DC1EEFF2EC1EEFF2FC1EEFF30C1FB
:10395A00EEFF31C1EEFF32C1EEFF33C1EEFF34C1DB
:10396A00EEFF35C1EEFF36C1EEFF37C1EEFF38C1BB
:10397A00EEFF39C1EEFF3AC1EEFF3BC1EEFF3CC19B
:10398A00EEFF3DC1EEFF3EC1EEFF3FC1EEFF40C17B
:10399A00EEFF41C1EEFF42C1EEFF43C1EEFF44C15B
:1039AA00EEFF45C1EEFF46C1EEFF47C1EEFF48C13B
:1039BA00EEFF49C1EEFF4AC1EEFF4BC1EEFF4CC11B
:1039CA00EEFF4DC1EEFF4EC1EEFF4FC1EEFF50C1FB
:1039DA00EEFF51C1EEFF52C1EEFF53C1EEFF54C1DB
:1039EA00EEFF55C1EEFF56C1EEFF57C1EEFF102A9A
:1039FA001350105C1200410E01018425F60F1200CB
:103A0A00010EDB6A020EDB6A030EDB6A47DB080E75
:103A1A001F0B12006CEC41F0BDDB80DB51C049F09A
:103A2A0085EC41F019EC21F0AC0E4E6EC50E4F6ECE
:103A3A00A70E506E470E516E71DB496ED8EC41F0FD
:103A4A00F3DB2CDB466A476A800E486E3F0ECCDBFE
:103A5A00B9EC42F0010A12002BDB4FEF20F0E66AC4
:103A6A0022EC2AF0E552E5521200D8904E364F3633
:103A7A0050365136E806120040EC47F0E552F3EFB3
:103A8A0021F0DACFEAFFEECFE6FFEECFE6FFEECF88
:103A9A00E6FFEFCFE6FF4FEF20F0300E010184255D
:103AAA0012006CEC41F076DB07EC22F00CDBD8EC70
:103ABA0041F0E5EF20F0EE20516EE1EC21F017EC39
:103ACA0022F0D890EB50000A1200E16E68EF21F064
:103ADA00D9CFE6FFE1CFD9FF1200E0DA4E504F10FE
:103AEA00501051101200E66AF2D3E926000EEA22BB
:103AFA001200020EE66EEBD36CEC41F0000EDFCF43
:103B0A0046F0010EDBCF47F0020EDBCF48F0030E82
:103B1A00DBCF49F0D8EC41F079EC42F040C0C9F172
:103B2A0041C0CAF142C0CBF143C0CCF1D880000EEB
:103B3A0001014054000E4154000E4254800E435479
:103B4A001200E66E000EDA20E66E120007EC22F092
:103B5A006AEC41F01FDBAC0E466EC50E476EA70E2F
:103B6A00486E470E496ED8EC41F079EF42F02C0EC0
:103B7A00E66E80EC26F0E552120090DA466A476A51
:103B8A00486A4F0E31DBB0EC42F0010A1200EE52E5
:103B9A00EE52EECF87F1EECF88F1EECF89F1EFCF7B
:103BAA008AF1120010502F0D7FEF20F00A50E96EB3
:103BBA00EA6AD890E936EA361200AE6E0F0E83151D
:103BCA00C1D2AE6E82390F0BBDD2AE6E0F0E821508
:103BDA00B9D2AE6E81390F0BB5D2AE6E0F0E81150A
:103BEA00B1D2AE6E80390F0BADD2AE6E0F0E80150C
:103BFA00A9D2D950010FE96EDACFEAFF12009C511F
:103C0A00A4279D51A5239E51A6239F51A723A451C2
:103C1A008C27A5518D23A6518E23A7518F23FBEF05
:103C2A0020F0A051A827A151A923A251AA23A35148
:103C3A00AB23A8519027A9519123AA519223AB51A2
:103C4A00932304EF21F0D880000E4154800E425491
:103C5A00000E4354000E4454120074EC0FF0E55267
:103C6A00E552E66A3EEF2AF0000EEE5C000EEE58D0
:103C7A00000EEE58000EEE581200000EEE5C800E9A
:103C8A00EE58FF0EEE58FF0EEE581200E66AD9CF34
:103C9A00E6FFDACFE6FF1200A0C0DEFFA1C0DDFF1B
:103CAA00020EA2C0DBFF030EA3C0DBFF1200E4DB9F
:103CBA00020EDB6A1200E96EDACFEAFFD880030E41
:103CCA00EB50FF0A1200E552FED2166A176A186A0A
:103CDA00196A1A6A1B6A1C6A1D6A1E6A1F6A206AA6
:103CEA00216A226A236A246A256A1200E66A000E99
:103CFA00E66EE66AE66EE66AA6C0E6FFE66EE66A83
:103D0A005AEF21F094DBEF6A120091DBEE521200B7
:103D1A00D5C1E6FFD6C1E6FFD7C1E6FFD8C1E6FFA7
:103D2A004FEF20F0EECF90F1EECF91F1EECF92F17E
:103D3A00EFCF93F11200D56BD66BD76BD86BE56BCF
:103D4A00E66BE76BE86B1200D5C138F1D6C139F1E1
:103D5A00D7C13AF1D8C13BF11200E5C13CF1E6C145
:103D6A003DF1E7C13EF1E8C13FF1120030C1E6FF83
:103D7A0031C1E6FF32C1E6FF33C1E6FF120034C1AA
:103D8A00E6FF35C1E6FF36C1E6FF37C1E6FF12009E
:103D9A00456E466A476A486A45EF42F0010EE66E8A
:103DAA0096D2060EE66E10EF36F0800E01012A1149
:103DBA002A6F000E01012AEF21F0200E01012A11BB
:103DCA002A6F000E010132EF21F0DECF41F0DECF83
:103DDA0042F0DECF43F0DDCF44F0DD52DD5279EF21
:103DEA0042F0D551D611D711D8111200E551E6117A
:103DFA00E711E8111200C951CA11CB11CC111200F6
:103E0A00DBCF44F04434000E44181200010EF36E66
:103E1A00030EF3CFDBFF1200DD6BDE6BDF6BE06BB3
:103E2A00ED6BEE6BEF6BF06BDFCFE6FF12000A5023
:103E3A00EA6A710FE96E000EEA2212009451951196
:103E4A00961197111200F3DAEF501200EECFA0F19B
:103E5A00EECFA1F1EECFA2F1EFCFA3F11200EECF98
:103E6A0094F1EECF95F1EECF96F1EFCF97F11200E4
:103E7A004E164F6A506A516A4E504F1050105110E8
:103E8A00120001012B6B2C6B2D6B2E6B2A6B04011C
:103E9A00C605120040C030F141C031F142C032F1D2
:103EAA0043C033F1120040C034F141C035F142C081
:103EBA0036F143C037F11200C5C140F0C6C141F026
:103ECA00C7C142F0C8C143F01200262A000E2722B9
:103EDA002822292212009407000E955B965B975BB5
:103EEA0012009EEC16F07AD2010EF36E040EF3CF96
:103EFA00DBFF1200985199119A119B1112008751F8
:103F0A00881189118A111200E76E040EE7CFDBFFD0
:103F1A001200010EE66ED9501200046E9680948249
:103F2A00958C958E9588958A1200DD6DDE1FDE23AD
:103F3A00DF1FDF23E01FE0231200ED6DEE1FEE23EB
:103F4A00EF1FEF23F01FF0231200CD55000ECE55C0
:103F5A00000ECF55000ED0551200C955610ECA5534
:103F6A00000ECB55000ECC551200456846684768CE
:103F7A004868D8EC4BF03C501200010EDB50EA6A5C
:103F8A00580FE96E010EEA22120086899807000E80
:103F9A00995B9A5B9B5B1200F36E010EF3CFDBFF1A
:103FAA00020EDB6A1200010EDBCFA2F0020EDBCF9B
:103FBA00A3F012004C6B4D6B4E6B4F6B050E296FC5
:103FCA001200010EE66ED9CFE6FFDACFE6FF120045
:103FDA00610EE926000EEA221200C96BCA6BCB6B8E
:103FEA00CC6B1200CD6BCE6BCF6BD06B1200E90E8F
:103FFA00E96E010EEA6E1200DECFE6FFDDCFE6FFC4
:10400A001200F36E020EF3CFDBFF1200DF6E040123
:10401A008451120063D924DAEECFA4F1EECFA5F1D0
:10402A00EECFA6F1EFCFA7F11BDA040E5EDDEECFDD
:10403A00A8F1EECFA9F1EECFAAF1EFCFABF114DAE6
:10404A00EECF9CF1EECF9DF1EECF9EF1EFCF9FF137
:10405A000BDA040E4ADD2BEF1FF0BAD9E66ECD0E4D
:10406A00E66E010E46EF22F0E66E060E38DCE66AD0
:10407A001200E1D901DD62D9E5D9FEDC6ED97EEF05
:10408A001DF095EC0CF00BDAE66AC90EE66E010E2D
:10409A0046EF22F05CEC47F0E552A0D1C3D9EECF4F
:1040AA004EF0EECF4FF0EECF50F0EFCF51F01200BE
:1040BA00506A516A4EC0E6FFCEEF21F042DD060E8D
:1040CA000EDCE66A12006AEC41F041C052F042C0CE
:1040DA0053F043C054F044C055F041C046F042C0CA
:1040EA0047F043C048F044C049F07CD194D9010E4E
:1040FA0074EF1CF0FA51F324E96EFB51F420EA6ED6
:10410A001200536A546A556A52504E1253504F1253
:10411A005450501255505112E1EF21F083D9EECF8D
:10412A0041F0EECF42F0EECF43F0EFCF44F04EC075
:10413A0046F04FC047F050C048F0120002DD010EB1
:10414A0074EF1CF0846FE8500908120095EC0CF02B
:10415A00A6D9E66AC50EE66E010E93D9E66A120082
:10416A0097EC1CF0EFCF85F197EC1CF0CCEF1DF02B
:10417A00E5C140F0E6C141F0E7C142F0E8C143F0D1
:10418A001200D5C140F0D6C141F0D7C142F0D8C122
:10419A0043F0120041C04EF042C04FF043C050F00D
:1041AA0044C051F0120068D9E66E34EF1DF0010EDA
:1041BA00E66E34EF1DF0DBCF4EF04F6A31EF1DF0A3
:1041CA0041C0DEFF42C0DEFF43C0DEFF44C0DDFF68
:1041DA00DD52DD52120059D90E0E7AEF1DF0010F91
:1041EA00B0DC030E74EF1CF0496EFCD08C511E2615
:1041FA008D511F228E5120228F512122120090515F
:10420A0022269151232292512422935125221200CF
:10421A003CD9050E6ADCEFCF8BF1120097EC1CF04B
:10422A0027D9EFCFACF1120044C0EDFF43C0EDFF38
:10423A0042C0EDFF41C0EFFF12004ADC050E5CEF01
:10424A001EF046DC040EE1261200D56DD61FD623D9
:10425A00D71FD723D81FD8231200E56DE61FE62300
:10426A00E71FE723E81FE82312006EDD0101486B10
:10427A00496B4A6B4B6B12002BDCE652120041EC85
:10428A001DF00101120092DC890EE926000EEA22D5
:10429A0012008CDC790EE926000EEA221200DFCF2A
:1042AA00E6FF010EE66E32EF1EF000EC40F04E6EB5
:1042BA00080EE15E4E50120079DCEDEF1FF099DC3A
:1042CA00EE50ED101200E552E7CFD9FF12003EEC96
:1042DA002AF0E5521200E96E46EF1DF097EC1CF049
:1042EA00EFCF85F1D2D8060E7AEC1DF0EECF8CF125
:1042FA00EECF8DF1EECF8EF1EFCF8FF1C6D8060E4D
:10430A007AEC1DF0040E7AEC1DF097EF1EF0B4DF84
:10431A0095EC0CF0C4D8BDD8D50EE66E010EA4DE1D
:10432A00C7D0DD0EE66E010E9FDEE10EE66E010ECF
:10433A0039EF20F0A1DFA5DEACD8BAD0270E4E6E39
:10434A008C0E7AEC1CF038C1E6FF39C1E6FF3AC19F
:10435A00E6FF3BC1E6FF41EF1DF0130E4E6E8C0ED9
:10436A007AEC1CF03CC1E6FF3DC1E6FF3EC1E6FF28
:10437A003FC1E6FF41EF1DF07AEC1CF0E5C1E6FF14
:10438A00E6C1E6FFE7C1E6FFE8C1E6FF83DE7EEFAE
:10439A001DF04FC0E6FF50C0E6FF51C0E6FF120015
:1043AA00E90EE66E010E60DE57EF22F05DDEE90EE1
:1043BA00E66E010E32EF20F04EC0DFFF010E4FC055
:1043CA00DBFF020E50C0DBFF030E51C0DBFF120001
:1043DA00E66E060E74EC1CF0010E1200E552E55270
:1043EA00E55212004EC041F04FC042F050C043F0B7
:1043FA0051C044F01200010EDBCF4EF04F6A58DE76
:10440A0044EF21F0C9C140F0CAC141F0CBC142F02A
:10441A00CCC143F0120043D84BEF1EF07ADD010FF6
:10442A00A3EF20F0D9CFE9FFDACFEAFF12002F0D70
:10443A0005017FEF20F02C0E4E6E8C0E7AEC1CF0EC
:10444A00BBEF1EF0180E4E6E8C0E7AEC1CF0C4EF09
:10445A001EF034DED950120049DE5BDDF4EF20F0A5
:10446A0014D81E0E7AEF1DF010D8160E7AEF1DF032
:10447A00EE52260E7AEF1DF0E126DF6A010EDB6AA4
:10448A001200E66E070E74EF1CF097EC1CF0EE5269
:10449A001200E66AD10EE66E010E39EF20F0E66AE6
:1044AA0034EF1DF0ED0EE66E010ED7DD0BEF20F0B6
:1044BA00D90EE66E010E39EF20F0D8CFE4FFE0CF37
:1044CA00E4FFE46EDACFE4FFE9CFE4FFEACFE4FFEA
:1044DA00F3CFE4FFF4CFE4FFE652C6EC37F0A4A62C
:1044EA0045D1A4960001602B00019B510001605D3B
:1044FA0001E29FD0606B0001FFEC36F0EF6A799021
:10450A007B6A7A6A0001992B00019A510001995D30
:10451A0001E3996B62EC38F0EA22EE50ED1001E10A
:10452A0088D04EEC38F0EECF58F0EFCF59F0585013
:10453A00561802E1595057185FE009B28986A9EC6A
:10454A0037F0EA22EE50ED1051E04EEC38F004015B
:10455A00EE50565CCF6FEE505758D06FE83422E2D7
:10456A00CF510008000ED0551DE20001A9EC37F02A
:10457A006AEC36F004015750D019E8AE02D0D035B3
:10458A0004D0CF51565CD05157580AE20001A9EC29
:10459A0037F07AEC37F05650EE265750ED222CD0F1
:1045AA00000124D0CFC456F0D0C457F0566C571E21
:1045BA00000E57220001A9EC37F0EA22EECF58F09C
:1045CA00EFCF59F059505718E8AE02D0573404D0FB
:1045DA005650585C5750595809E2A9EC37F07AEC12
:1045EA0037F05650EE5E5750ED5A06D04EEC38F082
:1045FA0056C0EEFF57C0EDFFFFEC36F0120EEF6E1D
:10460A00F29E0001F0EC37F057C056F0576A565048
:10461A00B66EF0EC37F05650B56EF00EB4140009D1
:10462A00B46EF00EB4140909B46E7980F28E09B230
:10463A0089960401000ED8807A55000E7B552EE229
:10464A00882B000E89237A51885D7B51895926E38C
:10465A00886B896B030E7E5D1FE27C51EA6A200F2C
:10466A00E96E010EEA2280CFEFFF7C51EA6A230F3E
:10467A00E96E010EEA2281CFEFFF7C51EA6A260F2A
:10468A00E96E010EEA2282CFEFFF7C2B030E7C5DDE
:10469A0001E37C6B7E2B02D07A6B7B6B000ED88099
:1046AA007F55000E80551CE2000ED8808E55000EF4
:1046BA008F5516E28A2B000E8B237F518A5D80511B
:1046CA008B590EE38A6B8B6B030E835D07E2812B9A
:1046DA00030E815D01E3816B832B02D07F6B806BBC
:1046EA008E518F110BE0050E8D5D07E3C18C9E9CE8
:1046FA009D8CC280C2828D6B01D08D2B0101BE516F
:10470A0001E0BE070401BE51BF11C011C1110BE087
:10471A00BE07000EBF5BC05BC15BBE51BF11C011BB
:10472A00C11101E18996020E955D20E19851991116
:10473A001DE09807000E995B9851991117E19A515B
:10474A009B1114E09A07000E9B5B9A519B110AE198
:10475A00045003E18D808B8202D08C828982030E01
:10476A00956F04D0E80E986F030E996F9EAC4FD0E8
:10477A009E9CC1AC07D0C19C010E0401906F916B45
:10478A008C6B2AD0C450586E596E586AC3500001B7
:10479A005810566E59C057F004018C51E96EEA6AF6
:1047AA00BFEC37F0EA2256C0EEFF57C0EDFF0B0E02
:1047BA008C5D0EE18C51E96EEA6ABFEC37F06AEC67
:1047CA0036F09251565C9351575802E2010E946F9B
:1047DA00D890903791378C2B100E8C5D0EE2905149
:1047EA008E15566E91518F15576E5650571005E11A
:1047FA008C2BD89090379137EFD7100E8C5D02E34F
:10480A009D9C05D08C51040DF328C26EC282E552DC
:10481A00E552E7CFD9FFE552E5CFF4FFE5CFF3FF45
:10482A00E5CFEAFFE5CFE9FFE5CFDAFFE550E5CFCF
:10483A00E0FFE5CFD8FF1000D9CFE6FFE1CFD9FFDF
:10484A00020EE126DE6ADD6AE2CFD1F4E1CFD2F4CC
:10485A00D1C44EF04EC04FF04E6A0401D251040149
:10486A004E10D36F4FC0D4F4D3C4DEFFD4C4DDFFDF
:10487A00080EDE26000EDD22D9CFE9FFDACFEAFFE5
:10488A00BF0ED880EE540E0EED540BE3DECFE9FFD7
:10489A00DDCFEAFFEE0EEF6EDF2A010E01E3DB2A1F
:1048AA00EBD7020EE15C02E2E16AE552E16EE55203
:1048BA00E7CFD9FF12006BEC38F0BF0EF36E010E92
:1048CA00F3CFDBFF0E0EF36E020EF3CFDBFFF28C9B
:1048DA00010EDBCFE9FF020EDBCFEAFFEF50EE0855
:1048EA0006E1010EDB06020EF3E2DB06F1D742EC2B
:1048FA0037F004014E50CD5D4F50CE5906E2010EFD
:10490A00DBCFCDF4020EDBCFCEF4F28C030EE15CEA
:10491A0002E2E16AE552E16E3EEF36F06FEC38F002
:10492A00896A926804018E6B8F6B8A6A93688B6AB4
:10493A0094688C968C9495969594928E010EBD6F80
:10494A00846B826B816B836B7D6B7C6B7E6B7A6B0A
:10495A007B6B7F6B806B886B896B8A6B8B6B8C6BC9
:10496A0076827680769C769A76887696FA0E776E36
:10497A00DE6ADD6AFAEC36F0100E4E5C000E4F5815
:10498A0013E20DEC37F0010ED890E936EA36E80664
:10499A00FBE1000EE926010EEA22EE6AED6ADF2A41
:1049AA00010EE8E3DB2AE6D70401B76BB86BB56BF7
:1049BA00B66BDE6ADD6A0BEC38F00AE20DEC37F012
:1049CA00000EE926020E6CEC37F0F5E3DB2AF3D78A
:1049DA00DE6ADD6A0BEC38F00AE20DEC37F0400EC5
:1049EA00E926020E6CEC37F0F5E3DB2AF3D7DE6A30
:1049FA00DD6AFAEC36F0000E4E5C010E4F580AE200
:104A0A000DEC37F0000EE926030E6CEC37F0F1E3FB
:104A1A00DB2AEFD70401B96BBA6BBB6BBC6B856B36
:104A2A00866B876B0F01498FBE0EC16ED08E76944E
:104A3A00A386A596BFEC0CF031EC3FF07684B7EC78
:104A4A0032F00401C96BCA6BCB6BCC6B0E6ABE6BBE
:104A5A00BF6BC06BC16B600EC26FEA0EC36FC46BD3
:104A6A00C56B010EC66FCD6BCE6B926B936B966B5B
:104A7A00976B986B996B9A6B9B6B956B946BF28E99
:104A8A00F28C020EE15C02E2E16AE552E16E3EEF6F
:104A9A0036F0040184513EE0010E0101C31507E01E
:104AAA00050E0401845D03E02C0E51EC36F004017E
:104ABA008451080A26E00F0A20E0010A1AE0030AD4
:104ACA0025E0010A12E0070A0CE0010A06E0030ADF
:104ADA001DE1B80E4E6E8D0E17D09E0E4E6E8D0EC7
:104AEA0013D0840E4E6E8D0E0FD0670E4E6E8D0E45
:104AFA000BD0470E4E6E8D0E07D02F0E4E6E8D0EBA
:104B0A0003D0070E4E6E8D0E18EC36F042EC36F0DE
:104B1A000401846B12000401CA511DE0010E0E1437
:104B2A0014E0CB5112E1E80E4E6E8C0E18EC36F002
:104B3A00020EE66EC9C44EF04F6A45EC36F042ECFE
:104B4A0036F00401010ECB6F1200010E0E1403E1C0
:104B5A00CB5101E0CB6B120032EC36F0050EE126A8
:104B6A0049EC37F046EC35F004017E5100080AE2C0
:104B7A0032EC2FF004017D2B030E7D5D01E17D6B8C
:104B8A007E07F2D7835100080AE251EC2FF00401A4
:104B9A00822B030E825D01E1826B8307F3D7200E1D
:104BAA000501E76EBC19E8AE02D0E73402D0E7503F
:104BBA00BC5D01E298D06550020B01E094D0400E32
:104BCA00E66E400EE66E020EE66E2AEC44F076ECD5
:104BDA0038F0E76E020EE7CFDBFFDB50000801E397
:104BEA0081D0030EDB6A020EDB50F36E030E12EC69
:104BFA0037F001E377D0030EDB50EA6A400FE96E23
:104C0A00020EEA22040EEFCFDBFF09A805D0DBCFA4
:104C1A00E6FF7AEC4CF0E5520401EC5160E1E75111
:104C2A0023E10D0E4E6E040EDB504E5C06E00A0EBA
:104C3A004F6E040EDB504F5C17E1010EE76F040163
:104C4A002CEC37F00D0EEF6EB72B09B08B80F5D830
:104C5A0009B08B900401B76BB86B0401010EEB6FBE
:104C6A0018DF59DF79D82BD0040EDB5008080EE183
:104C7A000401B75100080AE2B7072CEC37F0EF6AD3
:104C8A00E50E4E6E8C0E18EC36F019D0040EDB5081
:104C9A000D0815E0040EDB500A0811E0200EF36E31
:104CAA00040E12EC37F00BE304012CEC37F0040E7F
:104CBA00DBCFEFFF0401E76BEB6B0401B72B0401B9
:104CCA00B7514E6E4F6A000E4E1809E1010E4F1889
:104CDA0006E1030EA7EC36F00401B76BB86B030EBE
:104CEA00DB2A81D739D8050EE15C02E2E16AE55296
:104CFA00E16E3EEF36F0C6EC37F0B5C4DFFFDF2ACF
:104D0A00400E74EC36F001E1DF6A0401B651DF5C53
:104D1A0001E122D80401B551EA6A000FE96E020ED8
:104D2A00EA22FE0EDBCFEFFFB52B400EB55D01E1A7
:104D3A00B56BB651B55D03E1020EA7EC36F0FE0E77
:104D4A00DBCF4EF04F6A4EBE4F684EC0F3FF4FC0E6
:104D5A00F4FFE5523EEF36F0C6EC37F00401B551E8
:104D6A00B65D1DE00501A45105E0B6EC44F0F8EC8F
:104D7A0038F0F8D70401B651D880B55507E2B651D4
:104D8A00B55DB0EC36F0B5C4B6F407D0400ED880A5
:104D9A00B655B0EC36F00401B66BB6EC44F0E55209
:104DAA003EEF36F06FEC38F004012AEC36F050ECA6
:104DBA0037F0F3CFC7F4040153EC36F004E1010EE7
:104DCA004F1801E1B86BC751DE6EDD6A2AEC36F086
:104DDA002C0825E02AEC36F00D0821E02AEC36F002
:104DEA000A081DE02AEC36F050EC37F0F3CFC8F48D
:104DFA00040153EC36F004E1010E4F1801E1B86BDF
:104E0A00C7C450F0C7C451F0506AC85100015024B9
:104E1A004E6E000E51204F6E4EC0DEFFDD6EFAEC74
:104E2A0036F04EC0F3FF4FC0F4FF020EE15C02E21F
:104E3A00E16AE552E16E3EEF36F032EC36F0090EE9
:104E4A00E126DE6ADD6A020EDB6A030EDB6A050E04
:104E5A00DB6A010EF36E060EF3CFDBFF0401C76BAC
:104E6A00C86BCC5101E191D0060EDB6A040EB7C4BF
:104E7A00DBFFDB5003E0040EDB0602D0040EDB6826
:104E8A00040EEAEC36F0EF502C0816E0050EF36E2D
:104E9A00DBCFF4FFE850F45C0FE2040EDB50B85DA0
:104EAA000BE0040EDB5003E0040EDB0602D0040E16
:104EBA00DB68050EDB2AE4D7040EEAEC36F0EF5085
:104ECA002C085DE1070EB8C4DBFF040EDBCFB8F493
:104EDA00E66AD950020F76EC37F0070EDBCFB8F44A
:104EEA00080EB8C4DBFF040EDB50F36E080EDB506D
:104EFA00F35C18E0080EEAEC36F0030EDBCFE7FFAE
:104F0A00EF50E726030EE7CFDBFF080EDB2ADB5064
:104F1A004E6E4F6AE850E7E1010E4F18E4E1080EC1
:104F2A00DB6AE1D7030EDB1C010FE76E030EE7CF46
:104F3A00DBFF020EDB50F36E030EDB50F35C0BE17A
:104F4A00010EF36E060EF3CFDBFF040EEAEC36F029
:104F5A000D0EEF6E1AD00101C3A103D023DFCFECEF
:104F6A0036F0BF0E4E6E8C0E18EC36F0030E28EC9F
:104F7A0037F09AEC37F0050EA7EC36F056D212DF6E
:104F8A008DEC37F0080EA7EC36F0060EDB5001E187
:104F9A004AD208DFF3CFDEFFF4CFDDFF000EDFCF0A
:104FAA0042F0010EDBCF43F0520E421802E1540EDA
:104FBA00431801E1F0D1550E421802E1510E43188F
:104FCA0001E1E7D14D0E421802E1480E431801E112
:104FDA00DDD1520E421802E1530E431801E1D3D13A
:104FEA00520E421802E1510E431801E1C9D1420E94
:104FFA00421802E1520E431801E1BFD1540E421881
:10500A0002E1510E431801E1B5D1540E421802E1F2
:10501A00530E431801E1ABD1530E421802E1430E7D
:10502A00431801E1A1D1530E421802E1510E43186F
:10503A0001E197D14D0E421802E1580E431801E1E1
:10504A008DD1530E421802E1450E431801E183D176
:10505A00430E421802E1410E431801E179D14D0E87
:10506A00421802E1510E431801E16FD1320E421883
:10507A0002E1530E431801E165D1450E421802E1DF
:10508A00530E431801E15BD1470E421802E1510E5B
:10509A00431801E151D1430E421802E1510E43185F
:1050AA0001E147D14B0E421802E1430E431801E1D8
:1050BA003DD14C0E421802E1420E431801E133D1B0
:1050CA00440E421802E14E0E431801E129D1490E5D
:1050DA00421802E14E0E431801E11FD1420E421856
:1050EA0002E1510E431801E115D14C0E421802E1BA
:1050FA00510E431801E10BD14C0E421802E1530E36
:10510A00431801E101D14E0E421802E1510E431833
:10511A0001E1F7D04E0E421802E1530E431801E1A5
:10512A00EDD0430E421802E1530E431801E1E3D0D9
:10513A004D0E421802E1450E431801E1D9D0450E41
:10514A00421802E1510E431801E1CFD0500E421825
:10515A0002E1510E431801E1C5D0500E421802E196
:10516A00540E431801E1BBD0500E421802E1530E0F
:10517A00431801E1B1D04D0E421802E1530E431813
:10518A0001E1A7D0570E421802E14D0E431801E182
:10519A009DD0520E421802E14D0E431801E193D000
:1051AA00440E421802E1500E431801E189D04F0E15
:1051BA00421802E1500E431801E17FD0490E42180D
:1051CA0002E1500E431801E175D0410E421801E187
:1051DA0043506DE0560E421801E1435065E0490E16
:1051EA00421801E143505DE04F0E421801E143507D
:1051FA0055E0550E421802E1430E43184DE0430EA6
:10520A00421801E1435045E0520E421801E1435071
:10521A003EE04D0E421802E14C0E431835E0330EC3
:10522A00421802E1540E43182CE0440E421802E1DF
:10523A00540E431823E0330E421802E14C0E431871
:10524A001AE0540E421802E14C0E431811E04D0EBA
:10525A00421802E1430E431808E00401C85101E074
:10526A00A7D00101C3A19FD099D0CCEC11F0C5D031
:10527A0056EC0FF0C2D088EC0EF0BFD0C8EC0EF09E
:10528A00BCD03FEC0FF0B9D04FEC0EF0B6D014D929
:10529A00B4D04CEC2EF0B1D016D9AFD0FCEC2EF035
:1052AA00ACD032EC2FF0A9D048EC2FF0A6D051ECBC
:1052BA002FF0A3D08EEC30F0A0D009EC31F09DD0C5
:1052CA00EFEC2FF09AD0D0EC2FF097D0B5EC2FF06E
:1052DA0094D0B4EC11F091D063EC16F08ED03DEC82
:1052EA0016F08BD0BDEC15F088D0D5EC15F085D032
:1052FA001AEC17F082D08EEC0DF07FD07AEC17F012
:10530A007CD09BEC17F079D0ADEC17F076D0CDECD1
:10531A0017F073D0F4EC17F070D058EC17F06DD08A
:10532A006BEC17F06AD0C0EC31F067D012EC32F0B7
:10533A0064D008EC18F061D021EC18F05ED054EC7F
:10534A0018F05BD0A6EC3FF058D04CEC19F055D0D1
:10535A00E2EC2EF052D06EEC15F04FD02AEC14F09D
:10536A004CD08DEC19F049D0C9EC19F046D0FAECC2
:10537A0032F043D031EC33F040D0C8EC31F03DD0BC
:10538A00CFEC31F03AD0DFEC31F037D0E2EC12F06A
:10539A0034D0F3DB32D04FEC13F02FD0F4EC36F0EC
:1053AA002C0E51EC36F0F3EC37F0F9EC37F01CD058
:1053BA000101C3A107D0F4EC36F034EC37F02C0E1F
:1053CA0051EC36F0F3EC37F034EC37F0F9EC37F017
:1053DA0007EC38F0C7C4E6FF7EEC37F011EC38F082
:1053EA00020EE66EC8C44EF04F6A45EC36F0270E40
:1053FA0051EC36F0050EA7EC36F004012AEC36F033
:10540A000D0811E084510FE1520E4E6E4F6ADF50C3
:10541A004E1803E1DE52DD504F1805E08DEC37F0EF
:10542A00070EA7EC36F0B7C4B8F4090EE15C02E245
:10543A00E16AE552E16E3EEF36F0C6EC37F02C0E2B
:10544A00DF6E010E0101C31503E1FE0EDB500EE013
:10545A00F4EC36F00401C85102E034EC37F0FD0EEA
:10546A00DB5004E0DFCFE6FF46DCE552E5523EEFD3
:10547A0036F032EC36F00101C3A104D0A30E4E6E11
:10548A008C0E16D00401BD5108E0FE0EDB5005E17A
:10549A00A00E4E6E8C0E18EC36F0FE0EDB50020893
:1054AA0004E19D0E4E6E8C0E03D09A0E4E6E8C0E3B
:1054BA0018EC36F03EEF36F08DEC37F0ABEC36F008
:1054CA004BDC93EF24F0D9CFE6FFE1CFD9FF040EEE
:1054DA00E126E66AE66AB1DFE552E552E66AD9CF25
:1054EA00E6FFDACFE6FF030EE66E94EC33F0E55200
:1054FA00E552E552E552E66AD950020FE66E000E11
:10550A00DA20E66E020EE66E94EC33F0E552E552CE
:10551A00E552E5520401845101E025D3010E4E6E95
:10552A004F6ADF504E1803E1DE52DD504F181EE17C
:10553A00D950020FE96EDACFEAFFEE50ED100BE018
:10554A00010E4E6E4F6A020EDB504E1803E1030E37
:10555A00DB504F1804E1020EDBCFBDF406D0060E75
:10556A00E66E10EC36F0E552FED2FAD2020E4E6E1C
:10557A004F6ADF504E1803E1DE52DD504F181EE12C
:10558A00D950020FE96EDACFEAFFEE50ED100BE0C8
:10559A00010E4E6E4F6A020EDB504E1803E1030EE7
:1055AA00DB504F1804E1020EDBCFC2F106D0060E23
:1055BA00E66E10EC36F0E552D6D2D2D2030E4E6E1B
:1055CA004F6ADF504E1803E1DE52DD504F1820E1DA
:1055DA00D950020FE96EDACFEAFFEE50ED1003E17F
:1055EA0006908C9414D0010E4E6E4F6A020EDB5058
:1055FA004E1803E1030EDB504F1803E106808C942A
:10560A0006D0060EE66E10EC36F0E552ACD2A8D201
:10561A00040E4E6E4F6ADF504E1803E1DE52DD5023
:10562A004F181DE1020EDBCF4EF0030EDBCF4FF019
:10563A004F3404E24E502008000E4F5407E2200E69
:10564A00F36E020EF3CFDBFF030EDB6A04EC19F0F4
:10565A00000901E0FBD7020EDB50136E81D20A0E5D
:10566A004E6E4F6ADF504E1803E1DE52DD504F187E
:10567A0020E1D950020FE96EDACFEAFFEE50ED10C1
:10568A0003E10101C39114D0010E4E6E4F6A020E5E
:10569A00DB504E1803E1030EDB504F1803E1010102
:1056AA00C38106D0060EE66E10EC36F0E5525BD2E8
:1056BA0057D2320E4E6E4F6ADF504E1803E1DE5259
:1056CA00DD504F180FE1D950020FE96EDACFEAFF29
:1056DA00EE50ED1003E10401C66B03D00401010E84
:1056EA00C66F3ED2330E4E6E4F6ADF504E1803E13C
:1056FA00DE52DD504F1811E1FF0EE76E020EDBCFCE
:10570A004EF0030EDBCF4FF0E7504E164F6A4E5065
:10571A000C6E0C5001E10E9023D2340E4E6E4F6A7D
:10572A00DF504E1803E1DE52DD504F180EE1FF0E36
:10573A00E76E020EDBCF4EF0030EDBCF4FF0E750E1
:10574A004E164F6A4E500D6E0BD2350E4E6E4F6A84
:10575A00DF504E1803E1DE52DD504F1814E1010EFE
:10576A004E6E4F6A020EDB504E1803E1030EDB50F9
:10577A004F1804E10401010ECA6F04D00401CA6B78
:10578A000401CB6BEDD1360E4E6E4F6ADF504E18C8
:10579A0003E1DE52DD504F1812E1010E4E6E4F6AE0
:1057AA00020EDB504E1803E1030EDB504F1804E1E2
:1057BA000401010ECC6F02D00401CC6BD1D13C0E96
:1057CA004E6E4F6ADF504E1803E1DE52DD504F181D
:1057DA000DE1020EDBCF92F4030EDBCF93F4FF0E42
:1057EA0004019217030E04019317BAD13D0E4E6EAF
:1057FA004F6ADF504E1803E1DE52DD504F1837E191
:10580A00F29EF29C020EDBCF96F4030EDBCF97F4E6
:10581A0004019651971109E10401956B0401986BF3
:10582A00996B04019A6B9B6B1FD004019551030A73
:10583A0014E0020A0FE0010A0DE0020A01E00AD0B0
:10584A0096C49AF497C49BF40401E80E986F030E69
:10585A00996F0AD00401010E956F0401986B996B38
:10586A0004019A6B9B6B00D0F28CF28E79D1FA0EFE
:10587A004E6E4F6ADF504E1803E1DE52DD504F186C
:10588A0022E1D950020FE96EDACFEAFFEE50ED10AD
:10589A0002E1099217D0010E4E6E4F6A020EDB50DA
:1058AA004E1803E1030EDB504F1806E10982959268
:1058BA0095909292929606D0060EE66E10EC36F00D
:1058CA00E55251D14DD1FB0E4E6E4F6ADF504E1844
:1058DA0003E1DE52DD504F182FE1D950020FE96E75
:1058EA00DACFEAFFEE50ED1003E10996099423D0CE
:1058FA00010E4E6E4F6A020EDB504E1803E1030E84
:10590A00DB504F1812E109840996EC0EE66EA5ECFD
:10591A004CF0E552020EE66EE66A1C0EE66E9FEC4D
:10592A004BF0E552E552E55206D0060EE66E10EC53
:10593A0036F0E55218D114D1FC0E4E6E4F6ADF5084
:10594A004E1803E1DE52DD504F182FE1D950020FF5
:10595A00E96EDACFEAFFEE50ED1003E109960994F9
:10596A0023D0010E4E6E4F6A020EDB504E1803E131
:10597A00030EDB504F1812E109860984EC0EE66E1D
:10598A00A5EC4CF0E552020EE66EE66A1C0EE66ED7
:10599A009FEC4BF0E552E552E55206D0060EE66E54
:1059AA0010EC36F0E552DFD0DBD0FD0E4E6E4F6ABA
:1059BA00DF504E1803E1DE52DD504F182DE1D95069
:1059CA00020FE96EDACFEAFFEE50ED1002E1099814
:1059DA0022D0010E4E6E4F6A020EDB504E1803E1C2
:1059EA00030EDB504F1811E10988EC0EE66EA5ECA8
:1059FA004CF0E552020EE66EE66A1C0EE66E9FEC6D
:105A0A004BF0E552E552E55206D0060EE66E10EC72
:105A1A0036F0E552A8D0A4D0FE0E4E6E4F6ADF5083
:105A2A004E1803E1DE52DD504F181AE109829592B1
:105A3A00959092928C908C808C908C808C908C809B
:105A4A008C908C808C908C808C908C808C908C80AC
:105A5A008C908C808C908C808C908C80EBD780D0B2
:105A6A004E684F6ADF504E1803E1DE52DD504F1880
:105A7A001EE1D950020FE96EDACFEAFFEE50ED10BF
:105A8A0002E1099A13D0010E4E6E4F6A020EDB50E4
:105A9A004E1803E1030EDB504F1802E1098A06D0C3
:105AAA00060EE66E10EC36F0E5525DD059D04E6A1D
:105ABA00010E4F6EDF504E1803E1DE52DD504F18D3
:105ACA001EE1D950020FE96EDACFEAFFEE50ED106F
:105ADA0002E1099C13D0010E4E6E4F6A020EDB5092
:105AEA004E1803E1030EDB504F1802E1098C06D071
:105AFA00060EE66E10EC36F0E55235D031D0010EC6
:105B0A004E6E010E4F6EDF504E1803E1DE52DD502D
:105B1A004F1820E1D950020FE96EDACFEAFFEE50B2
:105B2A00ED1003E10990948014D0010E4E6E4F6A75
:105B3A00020EDB504E1803E1030EDB504F1803E14F
:105B4A000980949006D0060EE66E10EC36F0E55207
:105B5A000AD006D0060EE66E10EC36F0E55203D0F7
:105B6A00E66A87DCE552040EE15C02E2E16AE5528C
:105B7A00E16EE552E7CFD9FF1200C6EC37F0D9EC57
:105B8A0037F0010E23EC36F00401845101E07CD099
:105B9A00DF0406E1020EE66EC9C44EF04F6A18D061
:105BAA00020E74EC36F006E1200EE66EE66AE66A4C
:105BBA00E66A40D0030E74EC36F002E1135020D0AE
:105BCA00040E74EC36F007E160EC24F057EC37F081
:105BDA0045EC36F04FD0050E74EC36F00CE157EC7C
:105BEA0037F045EC36F042EC36F0F29C0401CD6B0E
:105BFA00CE6BF28C45D0060E74EC36F004E10F50F1
:105C0A009DEC36F015D03C0E74EC36F005E192C4EA
:105C1A004EF093C44FF008D03D0E74EC36F00DE10F
:105C2A0096C44EF097C44FF0506A516A4EC0E6FFD0
:105C3A007EEC37F059EC38F01DD0C80E74EC36F013
:105C4A001CE1F29E1EC0E6FF1FC0E6FF20C0E6FF71
:105C5A0021C0E6FF59EC38F02C0E51EC36F022C088
:105C6A00E6FF23C0E6FF24C0E6FF25C0E6FF59ECA5
:105C7A0038F0F28E42EC36F003D0E8EC37F003D07D
:105C8A00E66A3EEC2AF0E552E5523EEF36F032EC97
:105C9A0036F0050E85EC37F0010E43EC38F047EC90
:105CAA0038F0E66AD950030F76EC37F0E66AD95035
:105CBA00040F84EC38F010E1DF50926E010EDB50D5
:105CCA00936E020EDB50946E030EDB50956E040E3B
:105CDA00DB50966EABEC36F0050EE15C02E2E16A4F
:105CEA00E552E16E3EEF36F032EC36F0FE0EDB5056
:105CFA00100805E2100EF36EFE0EF3CFDBFFFD0E69
:105D0A00DB502BE0FE0EDB50C4EC4CF0F3500401E8
:105D1A008E13F4508F13080EF36EFE0E12EC37F04A
:105D2A000DE2010EF36EFE0EDB5003E066EC36F078
:105D3A00FDE1F350F31C0F0148173DD0FE0EDB5076
:105D4A000C0839E35EEC37F004E0E846FE0B4E0639
:105D5A00FCE1E81C0F0149172ED0FE0EDB50C4EC03
:105D6A004CF0F3CF4EF0F4CF4FF04E1E4F1E4E5074
:105D7A0004018E174F508F17080EF36EFE0E12ECA9
:105D8A0037F00CE2010EF36EFE0EDB5003E066EC18
:105D9A0036F0FDE1F3500F0148130DD0FE0EDB5033
:105DAA000C0809E35EEC37F004E0E846FE0B4E0609
:105DBA00FCE10F0149133EEF36F088EC38F043EC72
:105DCA0038F0010F84EC38F00AE1010EDBCFE6FF70
:105DDA00DFCFE6FF89DFE552E552ABEC36F0020E83
:105DEA00E15C02E2E16AE552E16E3EEF36F088ECF0
:105DFA0038F023EC36F0C1EC36F027E1010EDB5027
:105E0A0002E1DF50896E91EC37F01FE1010EDB50A1
:105E1A0002E1DF508A6E91EC37F017E1010EDB5098
:105E2A0002E1DF508B6E91EC37F00FE1010EDB508F
:105E3A0002E1DF508C6E91EC37F007E1010EDB5086
:105E4A0002E1DF508D6EABEC36F0020EE15C02E24D
:105E5A00E16AE552E16E3EEF36F0010EE66EE66E5D
:105E6A005DEC38F0805096EC37F0815096EC37F0C4
:105E7A00825096EC37F0835096EC37F084507AECE7
:105E8A0038F042EF36F0CFEC36F0660E4E6E950ED5
:105E9A0018EC36F042EF36F06BEC38F0DF6A010EA0
:105EAA00F36EDB6E020EDB6AE66A010EE66E5DECED
:105EBA0038F09DBCFED7DF6ADFCF4EF0100EE76EDA
:105ECA004E18E8AE02D0E73402D0E7504E5C3DE20D
:105EDA00010EDB5004018E1500014E6E020EDB50DE
:105EEA0004018F1500014F6E4E504F1021E02C0E09
:105EFA0051EC36F0DFCF4EF007EC38F04EAE03D05F
:105F0A004F68506851689AEC37F03A0E51EC36F007
:105F1A00DFCFE9FFEA6AE9BEEA68BFEC37F0EA22B6
:105F2A00EECF4EF0EFCF4FF0506A516A9AEC37F04D
:105F3A0042EC37F0D8904E364F36010E4EC0DBFF9A
:105F4A00020E4FC0DBFFDF2AB7D7020E30EC38F063
:105F5A00030EE15C02E2E16AE552E16E3EEF36F0E1
:105F6A0067EC38F0030E43EC38F0020F84EC38F09B
:105F7A000AE118EC38F005E20DEC37F0020EDBCF3F
:105F8A00EFFFABEC36F0030EE15C02E2E16AE552A8
:105F9A00E16E3EEF36F06BEC38F0D9EC37F0030ED9
:105FAA0023EC36F0040184510DE118EC38F005E2D7
:105FBA000DEC37F0020EEFCFDBFF020E28EC37F0C4
:105FCA0073EC38F0030EE15C02E2E16AE552E16E3D
:105FDA003EEF36F07DEC38F001E093D0020EDB5054
:105FEA00010801E287D0010EDB50070801E282D0E6
:105FFA00410E74EC36F016E1020EDB500AE170EC49
:10600A0036F003E066EC36F0FDE1F350F31C92162D
:10601A0074D070EC36F003E066EC36F0FDE1F35034
:10602A0092126BD0420E74EC36F016E1020EDB507F
:10603A000AE170EC36F003E066EC36F0FDE1F3506D
:10604A00F31C93165AD070EC36F003E066EC36F087
:10605A00FDE1F350931251D0430E74EC36F016E181
:10606A00020EDB500AE170EC36F003E066EC36F023
:10607A00FDE1F350F31C941640D070EC36F003E0C7
:10608A0066EC36F0FDE1F350941237D0440E74EC0E
:10609A0036F016E1020EDB500AE170EC36F003E04E
:1060AA0066EC36F0FDE1F350F31C951626D070EC41
:1060BA0036F003E066EC36F0FDE1F35095121DD0A0
:1060CA00450E74EC36F016E1020EDB500AE170EC74
:1060DA0036F003E066EC36F0FDE1F350F31C961659
:1060EA000CD070EC36F003E066EC36F0FDE1F350CC
:1060FA00961203D0E8EC37F003D0E66A3EEC2AF0B9
:10610A00E552030EE15C02E2E16AE552E16E3EEF1E
:10611A0036F06BEC38F0020EDB6AD9EC37F0050E7C
:10612A0043EC38F0010F84EC38F066E1010EDB50E5
:10613A00070850E3410E74EC36F00AE170EC36F0D1
:10614A0003E066EC36F0FDE1F350801439E029D023
:10615A00420E74EC36F00AE170EC36F003E066ECBD
:10616A0036F0FDE1F35081141CE12AD0430E74ECA1
:10617A0036F00AE170EC36F003E066EC36F0FDE149
:10618A00F35082140EE11CD0440E74EC36F00BE18D
:10619A0070EC36F003E066EC36F0FDE1F350831460
:1061AA000FE0010E10D0450E74EC36F013E170ECDE
:1061BA0036F003E066EC36F0FDE1F350841402E1B8
:1061CA00000E01D0010EE76E020EE7CFDBFFDB50B7
:1061DA0009E003D0E8EC37F00ED0010EF36E020EA0
:1061EA00F3CFDBFF020E28EC37F09AEC37F0010E02
:1061FA00E66E3EEC2AF0E552030EE15C02E2E16A49
:10620A00E552E16E3EEF36F07DEC38F001E093D0D6
:10621A00020EDB50010801E287D0010EDB500708AD
:10622A0001E282D0410E74EC36F016E1020EDB5028
:10623A000AE170EC36F003E066EC36F0FDE1F3506B
:10624A00F31C891674D070EC36F003E066EC36F075
:10625A00FDE1F35089126BD0420E74EC36F016E170
:10626A00020EDB500AE170EC36F003E066EC36F021
:10627A00FDE1F350F31C8A165AD070EC36F003E0B5
:10628A0066EC36F0FDE1F3508A1251D0430E74ECFD
:10629A0036F016E1020EDB500AE170EC36F003E04C
:1062AA0066EC36F0FDE1F350F31C8B1640D070EC2F
:1062BA0036F003E066EC36F0FDE1F3508B1237D08E
:1062CA00440E74EC36F016E1020EDB500AE170EC73
:1062DA0036F003E066EC36F0FDE1F350F31C8C1661
:1062EA0026D070EC36F003E066EC36F0FDE1F350B0
:1062FA008C121DD0450E74EC36F016E1020EDB50FE
:10630A000AE170EC36F003E066EC36F0FDE1F3509A
:10631A00F31C8D160CD070EC36F003E066EC36F008
:10632A00FDE1F3508D1203D0E8EC37F003D0E66AB2
:10633A003EEC2AF0E552030EE15C02E2E16AE55224
:10634A00E16E3EEF36F0D9CFE6FFE1CFD9FFE65254
:10635A00DF6AFF0EDF5C0AE2E868E85005E0E8065B
:10636A0000D000D000D0F9D7DF2AF3D7E552E552A2
:10637A00E7CFD9FF1200F29EF29C6592656AE3DFCD
:10638A000FEF00F01200F29EF29C6592656ADBDF65
:10639A00FF001200CFEC36F08050080B01E0010E2E
:1063AA007AEC38F00101C3B103D0020E30EC38F0B8
:1063BA00ABEF36F032EC36F0060E85EC37F0070E0E
:1063CA0023EC36F0010EE66ED950040F76EC37F066
:1063DA00E76E050EE7CFDBFF0401845116E1DFCF3C
:1063EA00C2F4010EDBCFC3F4020EDBCFC4F4030EFA
:1063FA00DBCFC5F4050EDB5006E1040EDB5002E0EC
:10640A00898601D08996ABEC36F0060EE15C02E291
:10641A00E16AE552E16E3EEF36F032EC36F0100EEC
:10642A00E1268DEC37F042EC36F0E66AD950010FDE
:10643A004CEC36F0E66A73D98AEC37F0E66A35EC4A
:10644A0038F0010E43EC38F0040F4CEC36F0020E33
:10645A0043EC38F0020F4CEC36F0030E43EC38F004
:10646A000A0F4CEC36F0060E43EC38F0060F4CECF3
:10647A0036F0070E43EC38F00E0F4CEC36F0040EF3
:10648A0043EC38F00F0F4CEC36F0050ED7DB920ECA
:10649A004E6E8C0EC8DB010E28EC37F04EAE03D0E0
:1064AA004F685068516854EC38F08A0E4E6E8C0E64
:1064BA00BADBDFCF4EF007EC38F073EC38F0820E1F
:1064CA004E6E8C0EB0DB040EDBCF4EF0050EDBCF2A
:1064DA004FF0506A516A4FAE02D05068516854EC7E
:1064EA0038F07A0E4E6E8C0E9EDB020EDBCF4EF02B
:1064FA00030EDBCF4FF0506A516A73EC38F0720E1C
:10650A004E6E8C0E90DBD9500A0FCFDB8DEC38F033
:10651A00DEEC37F0D950060FC8DB59EC38F0ADDBAA
:10652A00620E4E6E8C0E7FDB0E0E00EC38F05A0EA9
:10653A004E6E8C0E78DB0F0E00EC38F0DEEC37F086
:10654A00080EE66EB4EC37F0DEEC37F0E66AB4EC2F
:10655A0037F0ABEC36F0100EE15C02E2E16AE5528C
:10656A00E16E87D3C6EC37F0DF6A110EDF5C04E216
:10657A00CFDBEF6ADF2AF9D71EEC38F0DF6A100E9C
:10658A00DF5C21E2C5DBEF5080081DE3C1DBEFCF02
:10659A004EF0200E4E5C17E3BBDBEF50E66E180E92
:1065AA0002014F6AFA254E6EFB511CEC37F0B0DB44
:1065BA00EF50E66E020E4F6AFC254E6EFD511CEC42
:1065CA0037F0DF2ADCD7DF50E824180FFAC2E9FFD8
:1065DA00FBC2EAFFEF6EDF50E824020FFCC2E9FFBC
:1065EA00FDC2EAFFEF6EE55244D36FEC38F0DF6A82
:1065FA008DEC37F0010EDB6A110EF36E010E12EC10
:10660A0037F00BE2010EDB50EA6AD50FE96E040E91
:10661A00EA22EF6A010EDB2AEFD7100EE66E3AEC99
:10662A0038F03AD876EC38F0DF6EE668FB0EE66EA4
:10663A00E66A23EC38F037EC4AF03DEC37F063DBDE
:10664A0001EC48F03DEC37F081DB020EE15C02E23E
:10665A00E16AE552E16E0DD3C6EC37F09BDBDF6AE7
:10666A00110EDF5C04E254DBEF6ADF2AF9D71EEC75
:10667A0038F0800E0401D55D09E2D551200806E202
:10668A003AEC38F0FAEC46F0E552E5520101C3A1C2
:10669A00F4DA5CDBE552EDD2C6EC37F0DF6A73DB85
:1066AA00EF6A0D0E4E6E0401D0DA4E5C02E1040E62
:1066BA000AD0CBDA2C080AE00101C3A102D02C0EC1
:1066CA00EBDA9EEC37F03EDB000E27D0E7DA04E186
:1066DA00010E4F1801E1B86BE3EC37F009E02C0E1C
:1066EA004F6EB3DA4F5C04E0FC0EDB50DF5C02E372
:1066FA00DF5013D0AADAE66E46DBE552E750EF6EBA
:10670A00CDDA04E1010E4F1801E1B86BDF2AFD0E64
:10671A00DB2AFE0EE1E3DB2ADFD7E552AAD29DDAB5
:10672A00090EE126080EDB6A0401845102E0050E17
:10673A002FD1E3EC37F004E1FB0EDB501EE11BD056
:10674A0084DA2C080CE0FB0EDB5007E10101C3A13F
:10675A0002D02C0EA1DAEDDBF5DA020E19D19EDA9F
:10676A0004E1010E4F1801E1B86BE3EC37F007E1E1
:10677A00FB0EDB5002E1040EE5DA030E09D12D0E01
:10678A004E6E63DA4E5C20E1040E64DB1DE0050EFA
:10679A00506EFE0EDB50505C17E0FE0EDB0401E18A
:1067AA00BDD0030E3FDB01E1B9D0070E53DB01E197
:1067BA00B5D0010EF36E080EF3CFDBFF6FDA04E1FA
:1067CA00010E4F1801E1B86B040E2CDB09E0050E2F
:1067DA0041DB06E00A0E06DBE4D876EC38F031D06D
:1067EA00B851B7DBEFCF4EF0000E4EC0DFFF4CDBE7
:1067FA00050E18DB1FE1000EDFCFE6FF010EDBCF2F
:10680A00E6FF91EC4CF0E552E552F3CF4EF0F4CFAF
:10681A004FF0506A516A4FAE02D0506851684EC06C
:10682A00DFFF010E4FC0DBFF020E50C0DBFF030E7D
:10683A0051C0DBFF040132DA04E1010E4F1801E115
:10684A00B86B080EDB503EE0FE0EDB5006E155DA6F
:10685A00800E72DA000EEE5461E3020EE3DA06E10C
:10686A004CDA000EEE54800E67DA58E3060EF2DABE
:10687A0006E143DA000E60DA800EEE544FE38FDA57
:10688A00080EDB5053E0040EDBCF40F0050EDBCFE1
:10689A0041F0060EDBCF42F0070EDBCF43F045682E
:1068AA00466847684868D8EC4BF0040E3CC0DBFFEA
:1068BA00050E3DC0DBFF060E3EC0DBFF070E3FC0E4
:1068CA00DBFF34D0FE0EDB5006E117DA7F0EEE5402
:1068DA00000E32DA23E3FE0EDB0404E178DB000E5D
:1068EA002BDA1CE3020E9EDA04E171DB7F0E24DA56
:1068FA0015E3030EAFDA04E16ADBFF0E1DDA0EE3DD
:10690A00060E506EFE0EDB50505C0CE160DBFF0E93
:10691A00EE54FF0EEE547F0EEE5404E2060E12DA27
:10692A00010E36D0070E7EDA01E039DAFE0EDB50B0
:10693A00070A21E0010A17E0050A11E0010A0FE03F
:10694A00030A08E0050A06E0010A04E0050A02E073
:10695A00040E1ED03DDA040EDBCFEFFF18D075DB34
:10696A00DBCFEDFF14D071DBDBCFEEFF060EDBCF02
:10697A00EEFF070E0AD02CDADFCFEEFF010EDBCFD7
:10698A00EEFF020EDBCFEEFF030EDBCFEEFF000EB3
:10699A004E6E090EE15C02E2E16AE552E16E4E508A
:1069AA0068D198DBF0D9EE6AEE6AEE6AEE6A010EF9
:1069BA00DB6AFC0EDB50F36E010E2FDA4FE20401A4
:1069CA00B851C7DAEFCFDFFF300EDF5C42E3DF50AA
:1069DA0039083FE3D8D9EECF4EF0EECF4FF0EECFE5
:1069EA0050F0EFCF51F00A0E456E466A476A486A80
:1069FA004EC040F04FC041F050C042F051C043F089
:106A0A00D8EC4BF03CC04EF03DC04FF03EC050F0C9
:106A1A003FC051F0300EDF5C526E536A546A556AB9
:106A2A00E8504E2653504F2254505022555051226E
:106A3A00AAD94EC0EEFF4FC0EEFF50C0EEFF51C0C4
:106A4A00EEFF04012BD907E1010E4F1804E1B86BE0
:106A5A0002D0000E04D0010EDB2AABD7010E4E6E17
:106A6A00020EE15C02E2E16AE552E16E4E5001D1AA
:106A7A00300E4E6E8C0ED7D87EC44EF0C3DA73EF4A
:106A8A0038F00501BC5108E0010E4E6E6550020B4C
:106A9A0001E0010E4E5C17E1E5D90BE1ED51EE1173
:106AAA0011E18C86A00EED6F0F0EEE6F010EEF6FE7
:106ABA001200ED51EE1152E18C96A00EED6F0F0E01
:106ACA00EE6FEF6B1200BC0509E0020EBC5D06E03A
:106ADA00040EBC5D03E0100EBC5D17E1C3D90BE1E7
:106AEA00ED51EE1111E18C86200EED6F4E0EEE6F18
:106AFA00010EEF6F1200ED51EE1130E18C96200E6F
:106B0A00ED6F4E0EEE6FEF6B1200200EBC5D26E1AC
:106B1A00A9D907E1ED51EE1121E18C86DDD9010EEB
:106B2A0015D0EF0507E1ED51EE1118E18C96D4D995
:106B3A00020E0CD0020EEF5D0BE1ED51EE110EE1EB
:106B4A008C86A00EED6F860EEE6F030EEF6F1200AD
:106B5A00ED51EE1103E18C96BFD9EF6B12007DD88F
:106B6A00AFD9E8AE02D04E3403D0E750D8804E54A5
:106B7A0023E3FD0EDB5010E023D9F6BEF768B3D845
:106B8A0004E0E846FE0B4F06FCE14E6E19D9F6BE4C
:106B9A00F768FAD9EF1210D013D9F6BEF768A3D85E
:106BAA0004E0E846FE0B4F06FCE1E81C4E6E08D9ED
:106BBA00F6BEF768E9D9EF165CD04FD881D9E8AEAE
:106BCA0002D04E3403D0E750D8804E5423E3FD0E52
:106BDA00DB5011E1F5D8F6BEF76885D804E0E8463F
:106BEA00FE0B4F06FCE1E81C4E6EEAD8F6BEF768CB
:106BFA00D3D9EF160FD0E4D8F6BEF76874D804E0FC
:106C0A00E846FE0B4F06FCE14E6EDAD8F6BEF76890
:106C1A00C3D9EF122ED021D80401845103E1FE0E0C
:106C2A00DBCF84F426D04F6E506A4EC0E6FFE66E84
:106C3A0050C0E6FFE9EC46F076EF38F0E66E6FDD1D
:106C4A008AEF37F056D959EF38F0B85182D9EF5058
:106C5A0012002EDAE66A35EF38F0D9CFE6FFE1CF37
:106C6A00D9FF12009951E96EEA6AD890E936EA36F4
:106C7A001200E552E7CFD9FF1200010E30EF38F0CB
:106C8A00506A516A4EC0E6FF34D911EF38F0E66E09
:106C9A00000EDA20E66E1200E66EECD1B82BB8517F
:106CAA004E6E4F6A000E4E181200E96EDACFEAFFF6
:106CBA00EECFE6FFEECFE6FFEECFE6FFEFCFE6FF41
:106CCA001200D890F336E8061200EA22EECF56F008
:106CDA00EFCF57F01200010EF36EDB5012004E6E2A
:106CEA00DF504E5C1200F50EF626950EF7220800CC
:106CFA00F5504F6E010E4F521200D9CFE9FFDACF8D
:106D0A00EAFFD8801200B1D9100EE66E23EF38F0F0
:106D1A00DF50EA6AD50FE96E040EEA221200F72262
:106D2A000900F5CFE9FF0800F5CFEAFF4E5012003F
:106D3A004E6E68D9E66E1200EE54000EEE54000E46
:106D4A00EE541200E66E67DFE5521200E66A3EEC88
:106D5A002AF0E5521200DF6EDFCFE6FFB6514F6A26
:106D6A00000F4E6E020E4F224EC0E6FF4FC0E6FFE6
:106D7A0069EC44F076EF38F0E76E010EE7CFDBFFFF
:106D8A00040184511200FD0EDBCFE9FFFE0EDBCFBA
:106D9A00EAFF1200010EE66EE66A5DEF38F0D9CF1F
:106DAA00E9FFDACFEAFF040EEECFDBFF050EEECFE6
:106DBA00DBFF060EEECFDBFF070EEECFDBFF120086
:106DCA00FE0EDBCFF6FFF76A1200DB50AEEF37F0AC
:106DDA00FC0EDBCFE9FFFD0EDBCFEAFF1200C7C4D2
:106DEA00E6FF48D1E66E35EF38F0DECF4EF0DDCF64
:106DFA004FF012009951EA6A710FE96E000EEA2209
:106E0A00EF500001EA6A9C25E96E9D51EA221200C0
:106E1A00DECFE9FFDDCFEAFF1200DBCFF4FFF3504C
:106E2A00F45C12004E6EFE0EDB504E5C12004F22D6
:106E3A00DF50E8244E24E96E000E4F20EA6EE55238
:106E4A00E750EF6E1200DBCF4EF007EF38F0B75184
:106E5A00AEEF37F04F6EFE0EDB504F5C1200C8C427
:106E6A00E6FF08D10401ED07000EEE5BEF511200B8
:106E7A004E6E080EE15E4E501200010EDBCF4EF050
:106E8A00020EDBCF4FF01200010EDB6A020EDB6A44
:106E9A00030EDB6A1200E66EE66A91EC4CF0E552EC
:106EAA00E5521200030EE66ECDC44EF0CEC44FF08A
:106EBA001200FE0EDB50F80F4E6E010E4E521200FB
:106ECA00FE0EDBCF4EF0190EE76E4E181200EA22C4
:106EDA00EF6ADF2A010E1200100EED6F270EEE6F19
:106EEA001200D5DE010E23EF36F0EFDEE6D8EA22F5
:106EFA0012004FC0E6FF50C0E6FF51C0E6FF120085
:106F0A00E126E66AE66A2EEF36F0EBD8E552120081
:106F1A00E66AE66A5DEF38F0010E64DF8FDEC1EFE4
:106F2A0036F0E3D82C0E51EF36F04EC0E6FF27EFCD
:106F3A0036F0380E4E6E8C0E76DE040186DEACDE3E
:106F4A00270EAADE050E12008DDE890EE926000E36
:106F5A001200EA6A000FE96E030EEA221200D95003
:106F6A00060FA3DE06EC47F04E6E050EE15E4E50AC
:106F7A0042EF36F0D890E936EA36000EE926010EDD
:106F8A0012006BDEE6521200D890F636F736C30EC0
:106F9A00F626950E94EF36F0D890F636F736910E1F
:106FAA00F626950E94EF36F0010EE66EE66E2EEF9B
:106FBA0036F06A0E4E6E8C0E18EF36F00D0E4E6ECF
:106FCA0044DE4E5C1200060EE66E10EF36F095DED9
:106FDA00FF0EEE54120071D86AEF36F0A50E4E6E0F
:106FEA008C0E21DEF4EF36F03A0E56DE020EE66E15
:106FFA00C7C44EF01200DBCFE6FF80EC26F0E55264
:10700A0042EF36F04F6A506A516A1200EEDE400EC5
:10701A004E5C000E4F58120006EC47F0526E050EF9
:10702A00E15E52501200E1DE000E4E5C100E4F5827
:10703A00120069DE56EC4BF03DEF37F0E66AE66A7D
:10704A00F80EE66EE66AE66A1200C2DE040EDBCFCE
:10705A00EEFF050E1200E66E3EEC2AF0E552120033
:10706A00D9CFE6FFDACFE6FF1200D50EE66E040EA0
:10707A00E66E120080EC26F0E5521200DFDDE66AC9
:10708A00D9501200010F2DDFE66AD950020F76EFB0
:10709A0037F0E8DD790EE926000E7AEF37F04EC0B8
:1070AA00E6FF27DF8DEF38F040EC47F08AEF37F044
:1070BA0022EC2AF0E552E5521200D4DD610EE926EF
:1070CA00000E1200CADD030E85EF37F0C6DD030E8F
:1070DA00E1261200C2DD020EE126120026DF42EF8F
:1070EA0036F0E552E552E552120022DE27EF36F07D
:1070FA00E9DF050EC3DFC6DF040184511200F1DEA9
:10710A00040184511200A9DD020EFADE010E1200FA
:10711A005CEC47F0FADE42EF36F0FCEC3EF0A09869
:10712A00636A626A0F01266BDBEC3EF00F019AEC90
:10713A003EF0DF6ADF504E6E4F6A0C0E4E5C000E58
:10714A004F5810E2DF50040DF3CFE9FFF4CFEAFF06
:10715A00000EE926040EEA22EE6AEE6AEE6AEE6A8A
:10716A00DF2AE8D7658C0F01386B6598659C62A6A3
:10717A0007D062960501D36BD86BD96BDA6BF7D758
:10718A000501010EEC6FED6FEE6BEF6BE06BDF6AE2
:10719A00030EDF5C11E2EA6ADF34FFEC3EF0EA221A
:1071AA00EE6AED6AEA6ADF3406EC3FF0EA22EE6A3A
:1071BA00ED6A5BEC3EF0ECD70501080EC96F040ED0
:1071CA00CA6F0F01160E266F0401300E026F040EED
:1071DA00036F400E016F840E006F0501BD6BBC6B1F
:1071EA00E5522DEF3EF0FCEC3EF082BE06D0656A19
:1071FA000F01366B0501BC6B6FD00501BC510CE168
:10720A00656A0F01366B9AEC3EF065B602D0658668
:10721A00FCD70501010EBC6FBC050AE165BA08D0AE
:10722A00626A0F01366B368136890501020EBC6F20
:10723A006250040B06E00F013651040B02E062941F
:10724A0047DB65B249D06250010B09E00F013651A4
:10725A00010B05E062DF0501040EBC6F629062500B
:10726A00100B06E00F013651100B02E026DB629884
:10727A0062AC10D00F0136AD05D0A1EC3EF0730E12
:10728A001AEC3EF0629C0501EA5101E0EA07EA5174
:10729A0001E1F4D86250200B05E00F013651200BB2
:1072AA0001E0FADA6250020B0CE00F013651020BD0
:1072BA0008E0A1EC3EF0E6687F0EE66E0DEC3FF0CA
:1072CA00636A040E0501E76EBC19E8AE02D0E73422
:1072DA0002D0E750BC5D02E2A1982FD00F0136A779
:1072EA002BD0DF6A040EDF5C27E262A625D064CFCA
:1072FA00E1F50501E151780BE842E842E842E26F24
:10730A006296E1B504D0E25114EC3FF003D0E251A9
:10731A0019EC3FF0EA22EF70E25102E1E6DA0AD014
:10732A00000EE66EE66AE10EE66E050EE66E720E77
:10733A001AEC3EF0DF2AD6D7A198E5522DEF3EF09F
:10734A00CDEC3EF0FD0EDBA403D0E66A92EC3EF0F3
:10735A00FD0EDBA204D0010EE66E92EC3EF0FE0EAC
:10736A00DB504F6A260F4E6E0F0E8CEC3EF01EEC71
:10737A003EF0FD0EDBCFEFFF020EE15C02E2E16AB6
:10738A00E552E16E2DEF3EF0CDEC3EF0FD0EDB5006
:10739A0003E015EC3EF002D04CEC3EF078EC3EF007
:1073AA00D9CFE9FFDACFEAFFEE50ED1003E1F36A35
:1073BA00F46A28D01EEC3EF028EC3FF0FB0EDBCF3F
:1073CA00EEFFFC0EDBCFEDFF1EEC3EF0EE52FA0EA6
:1073DA00DBCFEFFF400E1EEC3FF0880E2DEC3FF0A6
:1073EA00FD0EDB5003E015EC3EF002D04CEC3EF013
:1073FA00EA22EF74DECF4EF0DDCF4FF04EC0F3FF3E
:10740A004FC0F4FF020EE15C02E2E16AE552E16E6E
:10741A002DEF3EF0CDEC3EF0FE0EDB5003E1E4EC46
:10742A003EF009D051EC3EF0BBEC3EF051EC3EF0A0
:10743A00010FBBEC3EF0020EE15C02E2E16AE552AA
:10744A00E16E2DEF3EF028EC3EF065A816D0F5EC83
:10745A003EF0400EEE16EE6AEE6AEE6AF5EC3EF08B
:10746A00EE7CDEDBEA22EF74400E4E6EF5EC3EF067
:10747A004E50EF16F5EC3EF0EF7CEAD30501EC51E5
:10748A0022E1010EEC6FED511EE1010EED6F020ECD
:10749A00D05D07E1D3DBEE52EF6AD0DBC80EEF6EA8
:1074AA001200D00510E1E36BDFDBEE52400EEF6E07
:1074BA00DBDBC7EC3EF0D8DB840EEF6E010EE36F28
:1074CA00ABDB800EEF6E12000501EE6BEF6B020E66
:1074DA00D05D06E122EC3FF0CCDBB6EC3EF010D0FA
:1074EA00D4510401365D0501D5510401375904E22E
:1074FA0036C4D4F537C4D5F561D8A0DBBADB9EDB38
:10750A00C80EEF6E1200CDEC3EF0000EDE6E040ED9
:10751A00DD6EC2DB040DF4CF4FF0D9CFE9FFDACF2D
:10752A00EAFFF350EE264F50ED2283DBEF9EFD0E6D
:10753A00DB5002E1ACDB01D073DBEA22DECFEEFFE7
:10754A00DDCFEDFF76DBEF9C74DB040EE926000E3F
:10755A00EA22EF8C020EE15C02E2E16AE552E16E98
:10756A0077D365980501D3BF0DD0D8AF09D0020EE5
:10757A00D06FEF5101E1A8DF0501ED6BEC6B120052
:10758A00E4EF3EF0040130AF0DD00501010ED06FDB
:10759A00EE5101E199DF0501ED6BEC6BEB510DE169
:1075AA0043EF3AF00501020ED06F36DB840EEF6E20
:1075BA00ED6BEC6BEB5101E161DF1200FCEC3EF08C
:1075CA00400EDF6E0501D45D000ED5590AE2D4C51E
:1075DA00DFFFCF5102E1010E03D0CF0502E1020E17
:1075EA00CF6FDF504F6AE850D45DD46F4F50D559F2
:1075FA00D56F24DBEE52DFCFEFFF380EDD6F040EBE
:10760A00DE6FD3B10DD0DF5017E0D1C5F6FFD2C57A
:10761A00F7FFD12B000ED2230800F55057DBF3D722
:10762A00DF500AE0D1C5E9FFD2C5EAFFD12B000E2F
:10763A00D223EF504BDBF4D7E5520AD3A9DB14DB94
:10764A00EE52EFCFDFFFDFCF4EF04E500501D95D8E
:10765A00000EDA5902E2D9C5DFFFDF504E6E4F6ADB
:10766A00E850D95DD96F4F50DA59DA6F010EDB6AEB
:10767A00DF50F36E010EDBCFF4FFF350F45C16E239
:10768A00010EDB50EA6A380FE96E040EEA22EF5067
:10769A00E66ED6C5E9FFD7C5EAFFD62B000ED7237B
:1076AA00E552E750EF6E010EDB2AE2D7000ED880D2
:1076BA00D955000EDA550DE2C0DBDBDAD5DAEF5028
:1076CA00400B03E14EDBC80E02D04BDB880EEF6E97
:1076DA0012D0A2DA840EEF6EDB51DC1107E005D07E
:1076EA00DCC5FAFF0501DB51F96EFADF0501D89F07
:1076FA00EB5101E1C3DE020EE15C02E2E16AE5520E
:10770A00E16EA6D274DB0501D38F50DB300EE66E34
:10771A00E66AE66A000EE66E040EB1DA658CDF6A86
:10772A00030EDF5C02E2C2DAFBD7010EE66EE66AFE
:10773A00E66ABE0EE66E050EA2DA659C0501080E23
:10774A00C96F040ECA6F000EBF6F040EC06FBFC5AB
:10775A00C1F5C26F32C4BDF5BD5102E1100E0BD0A6
:10776A00010EE66EE66ABD0EE66E050EE66E010EC7
:10777A005CDA0501200EBC6FE5526AD2800E040164
:10778A00305D4EE10501C00ED36F04013351030A87
:10779A0025E0010A09E0030A41E10501200ED16F43
:1077AA00980ED26F120E34D03251F66EF76AD89014
:1077BA00F636F736750EF626980EF7220900F5CF3B
:1077CA00D1F50A00F5CFD2F5020E0501BCDAF5CFE4
:1077DA00D4F5030EB8DAF5CFD5F51200040E325DF2
:1077EA001AE20501D38104013251E96EEA6AD8909E
:1077FA00E936EA36F60EE926020EEA22EECFD1F58E
:10780A00EDCFD2F5D1C5E9FFD2C5EAFFEF500501A8
:10781A00D46FD56B12000501D36B12000501D36B2F
:10782A001200B6DA0401386B396B30511F0B020AA9
:10783A0011E0030A0CE0010A1EE10501D38F0401DD
:10784A0038810501DF0517E10401388314D00501E9
:10785A00D38F11D00501D38F040134BF02D0B6DA19
:10786A0001D0B9DA40DABFDA06E0E3D9EF50040B07
:10787A0002E0010E386F0501D3AF07D0380ED16F81
:10788A00040ED26FD381020ED46F020EE15C02E2C3
:10789A00E16AE552E16EDCD10F0126A10CD0E4D9F0
:1078AA00EF50800807E1CAD9EF50840803E1DCD918
:1078BA008C0EEF6E2691629A12000F01368562983D
:1078CA0065820501010EE06F14DA750E1AEF3EF0BB
:1078DA000501E06B0EDA740EA8D965920F01369590
:1078EA0062A402D06294FCD7120081DA05012D0E3F
:1078FA00EA6FFD0EE11539E17E0EE115E8407F0BD6
:10790A00040DF3CFBFF5F4CFC0F5000EBF27040E68
:10791A00C023BFC5C1F5C0C5C2F5C175A5D9EF5011
:10792A003C0BE842E8420D081EE1DF6A080EDF5C04
:10793A0016E29AD9020EE926000EC2D9EF50E66E77
:10794A00DF50EA6A300FE96E040EEA22E552E75088
:10795A00EF6E8AD978DAEE2AEF22DF2AE7D784D9BE
:10796A0011DA0AD807D023D805D0FD0EE11504088C
:10797A0001E12CD8E5526CD10501CF6BEB6BEE6BB4
:10798A00EF6BE36BD06B5AD9EF9EC97557D9EF9E4F
:10799A00C975E7D9EF9ED36BD46BD56BD86BD96B0E
:1079AA00DA6B51D8A6D9030E40D9B6EF3AF0020ED7
:1079BA000501D05D02E123EF3BF0D06BE35104E116
:1079CA002BD98C0EEF6E1200E36B120010DA36D947
:1079DA00EF50400B01E0010EDF6E0501C975080E7C
:1079EA00BC5D0BE132C438FF0F01385103E00501D9
:1079FA00100E02D00501040EBC6FD00513E11ED98A
:107A0A0038D9DCDD020E0501CF5D03E117D9840EFA
:107A1A0007D0DF5003E112D9C80E02D00FD9880E61
:107A2A00EF6E0FD0D8AF0CD0DB51DC1107E005D0D8
:107A3A00DCC5FAFF0501DB51F96EFADF0501D89FB3
:107A4A00D06BE55205D104013051600BE842E8429F
:107A5A00E842E842E842000901E0120031510C0A0A
:107A6A0045E00B0A3FE00C0A31E0010A22E00B0A6A
:107A7A001EE0020A1CE0030A18E0080A10E0010AE4
:107A8A000CE00F0A08E0030A01E012000501D38F97
:107A9A00080EBC6F1200C3EF3BF087EF3BF0050105
:107AAA00BD0ED16F050ED26F0CD016EF3CF07CEFF5
:107ABA003DF034510501D16FD26BBE0ED127050EB0
:107ACA00D223D381010ED46FD38F12000501D38F35
:107ADA0004013451EA6ABE0FE96E050EEA2232C485
:107AEA00EFFF120006D9020E1AEF3EF01200ABD8D1
:107AFA00050EE1260401320510E130511F0B000981
:107B0A000CE10501D38F030E0401315D04E1050187
:107B1A00010EDF6F02D00501DF6B0401325101E073
:107B2A0074D030511F0B020870E134510F0B000959
:107B3A006CE034510F0B020868E3200E0501BC5DAE
:107B4A0064E1D38F040134BF04D040D9CCD8D7D84C
:107B5A0003D041D9C8D8D7D8EA22020EEFCFDBFF2B
:107B6A00F9D8010B03E1000EDF9401D0DF8434BFA2
:107B7A0002D02CD901D02FD9EA22DECFEEFFDDCFF9
:107B8A00EDFF030E315D0CE12ED907E034BF02D0C0
:107B9A00B6D801D0B8D8EA22EF82840E59D935D0A6
:107BAA00DF7421D906E045D8EF9E43D8EF8CF4D88C
:107BBA0002D03FD8EF8CDF74CDD8020B02E113D983
:107BCA000DE0040134BF02D09AD801D09CD8EA2231
:107BDA00EF923B0E4E6E2DD9DFD802D03B0E29D93B
:107BEA00040134510F0B4F6A260F4E6E0F0E4F22AF
:107BFA00030E4EC0DBFF040E4FC0DBFF030EDBCFCC
:107C0A00E9FF040EDBCFEAFFEF90050EE15C02E22A
:107C1A00E16AE552E16E1CD010D9B4D8B6EF3EF055
:107C2A00FE0EEA6ADB34FFEF3EF0E66EE66A0DEF1F
:107C3A003FF0DECFE9FFDDCFEAFF1200C9C5E9FF59
:107C4A00CAC5EAFF1200D9CFE6FFE1CFD9FF120079
:107C5A00E552E7CFD9FF120034510F0BE96EEA6AF9
:107C6A00D890E936EA361200BFC5E9FFC0C5EAFF77
:107C7A001200E9D8380EEE6E040EED6E1200E66EB2
:107C8A0060EC4CF04E6E050EE15E4E501200FE0E98
:107C9A00EA6ADB3406EF3FF0FD0EDB50E824506E53
:107CAA00FE0EDB50040DF35050241200DF50BCD8F6
:107CBA00EA22EF6ADF50B3D8EA22EF6ADF2A12001B
:107CCA00EA22EE50EFCFEAFFE96E1200E66EDDC55A
:107CDA00E9FFDEC5EAFFDD2B000EDE23E552E750A1
:107CEA00EF6EDF061200EA22EECFDEFFEDCFDDFFF8
:107CFA001200000EE66EE66AE66EE66A120034517B
:107D0A000F0B14EF3FF034510F0B19EF3FF04F22D6
:107D1A004EC0DEFF4FC0DDFF1200FE0EDBCFE6FFD6
:107D2A0088EC3AF0E552E5521200160E396F9F0EB2
:107D3A00376F7B0E366F1200010EE66EE66A000E92
:107D4A00E66EE66A1200F76AD125F66ED251F7227C
:107D5A0008001200D950020FE96EDACFEAFFEF509D
:107D6A001200C1C5E9FFC2C5EAFF1200040DF3CF34
:107D7A004EF0F4CF4FF0000E4E26040EC8DF840EEC
:107D8A002DEF3FF060D8300EEE6E040EED6E12004D
:107D9A005ADF020EE1261200020EE66EE66ADECF16
:107DAA00E6FFDDCFE6FF050E1AEF3EF0020EE66EA5
:107DBA00E66AE66A270EE66E0F0E44EF3EF02CDF07
:107DCA008C0EEF6E3BDF840EEF6E120045DFC30EA2
:107DDA00E926050E120040DFC90EE926050E12003B
:107DEA001FDF65EF3EF025DFEF50800B12002BDF1F
:107DFA00E6521200FE0BEA36E96EC90EE926050EB6
:107E0A001200FE0BEA36E96EC30EE926050E1200D1
:107E1A004DEC49F04E6E060EE15E4E501200EA6AD3
:107E2A00E70FE96E050E1200EA6AE40FE96E050E25
:107E3A001200FFDEE850EF16120093DFEE52400EFA
:107E4A00EF6EB6EF3EF0020EE926000EEA221200AD
:107E5A00F0DEE850EF121200F9D9E6520001606B29
:107E6A00996BDF6A080EDF5C13E2EAD9610EE92634
:107E7A00000E15DACBD9EF6AE3D9790EE926000E9E
:107E8A000EDADED9890EE926000E09DADF2AEAD7E8
:107E9A000001C60E9C6F0E0E9D6F3F0E79140009ED
:107EAA00796ECF0E79140009796E79827B6A7A6AC3
:107EBA0079900F0152815293F00EB4140909B46EED
:107ECA000001080E9A6F030E9B6FC60E9E6F3B0E43
:107EDA009F6F250EA06F580EA16F040EA66F900E0D
:107EEA00A26F010EA36F900EA46F010EA56F000E74
:107EFA00E66EE66A010EE66E9EEC16F0E552E55273
:107F0A00E5528996E552A7D1A1D9E652DF6A080E51
:107F1A00DF5C09E27BD9EFCF4EF0FE0EDB504E5C00
:107F2A0009E0DF2AF4D7DF6A080EDF5C07E26ED9C0
:107F3A00EF5002E1DF2803D0DF2AF6D7000EE55220
:107F4A008AD184D9070EE126DE6ADD6A020EDB6A6F
:107F5A00030EDB6A040EDB6A050EDB6A060EDB6AB9
:107F6A00010EE66ED9CFE6FFDACFE6FF030E3CD963
:107F7A00020F7DD9010E38D9030F79D9030E34D9EE
:107F8A00050F75D9030E83D9E66AE66A22EC2AF050
:107F9A00E552E5520401845127E1020EDB5018082C
:107FAA0005E2060EE66E10EC36F01DD0010EE66E06
:107FBA00050EDBCFE6FF060EDBCFE6FF030EDBCFB7
:107FCA00E6FF040EDBCFE6FF020EDBCFE6FFDECFD5
:107FDA00E6FFDDCFE6FF0FD84E6E080EE15E4E508B
:107FEA00E66A3EEC2AF0E552070EE15C02E2E16A3B
:107FFA00E552E16E30D12AD9020EE126FC0EDBCF22
:10800A00E6FF82DFE552E76E010EE7CFDBFFDB50CA
:10801A0002E1000EC3D00BD902E1C9D8BDD0010ECE
:10802A00DB044E6E00019A514E5C01E3B5D0FC0EA2
:10803A00DB50180801E2B0D0FC0EDB50070802E161
:10804A000101C16BD6D810E1E66AFC0EDBCFE6FF70
:10805A00E2EC35F0E552E552E66AFC0EDBCFE6FFCC
:10806A00B4EC35F0E552E552F70EDB046AE1135041
:10807A000F5CFDE2FC0EDB50040801E1C9D809BC23
:10808A008BD0D0D8020EEF6EF80EDBCF4EF0F90E81
:10809A00DBCF4FF0506A516A190E456E466A476A3D
:1080AA00486A4EC040F04FC041F050C042F051C043
:1080BA0043F0D8EC4BF03CC04EF03DC04FF03EC010
:1080CA0050F03FC051F0AED8EE52EE523CC0EEFF37
:1080DA004FC0EEFF50C0EEFF51C0EEFF80D8290E10
:1080EA00E926000EEA22010EDBCFEFFF78D8260E32
:1080FA00E926000EEA22FC0EDBCFEFFF70D8270E2E
:10810A00E926000E7BD86BD82A0EE926000EA7D8DE
:10811A0066D8EE52D880000EEE54000EEE54190EB8
:10812A00EE54000EEE5406E25AD8EE52EE6AEE6AA9
:10813A00EE6AEE6A102A1350105C01E3106A0F2AE5
:10814A002BD005A029D0FC0EDB50040801E160D831
:10815A006ED802E12CD812D08FD8890EE926000EEB
:10816A007ED88AD8790EE926000E48D88DD8FC0E1A
:10817A00DBCFEFFF3ED802E19DD840D8FC0EDB50A2
:10818A000001A65D09E10101010EB96F0101B66B9B
:10819A000101C15101E08A98010EDB504E6E020EB8
:1081AA00E15C02E2E16AE552E16E4E5054D06CD8CD
:1081BA00EF500001EA6A9C25E96E9D51EA22EF6AB6
:1081CA005BD8890EE926000E6AD856D8790EE926B8
:1081DA00000E65D859D8EF6A6DD854EF41F01050A7
:1081EA002F0D61D8EE52120052D8010EE66ED95008
:1081FA00120060D8EA22EE50ED101200EA22FD0EBB
:10820A00DBCFEEFFFE0EDBCFEDFF1200DF5057D0C3
:10821A008986C2C4BEF4C3C4BFF4C4C4C0F4C5C40E
:10822A00C1F4120010502F0D050158EF41F0D9503A
:10823A00FD0FE96EFF0EDA20EA6EEE50ED10120025
:10824A00EA6ADF34FE0BEA36E96E1200D9CFE6FF9E
:10825A00E1CFD9FF1200E552E7CFD9FF1200EA2297
:10826A00FA0EDBCFEEFFFB0EDBCFEDFF1200E66E60
:10827A00000EDA20E66E1200010EDB04E96EEA6AED
:10828A00D890E936EA361200010EDB0418D0E66E01
:10829A0094EC33F0E552E552E552E5521200EA2237
:1082AA00EE6AED6A1200FA51F324E96EFB51F420EA
:1082BA00EA6E1200E1DF610EE926000E1200EA6A98
:1082CA00710FE96E000EEA2212003B9E0CD03B9E13
:1082DA0043AE09D0406C411E421E431EE86A412249
:1082EA00422243223B8E43C03DF042C03CF041C093
:1082FA004DF040C04CF09E0E3E6E3F6A33EF43F0A5
:10830A003B6A6FEC43F087EC43F03BB617EF43F060
:10831A003BA205D03BBA17EF43F01EEF43F03BBA3E
:10832A002AEF43F03BA005D03BB817EF43F02AEF02
:10833A0043F03BB81EEF43F03F6A7F0E44243E6E83
:10834A00E86A3F2249503E5EE86A3F5A1A0E4A6E70
:10835A00446A4C6A4D6A3C6A3D6A4650415E4750DF
:10836A00425A4850435A000E445A09E74650412699
:10837A004750422248504322000E442201D04C8AE0
:10838A00D8904136423643364436D8904C364D362C
:10839A003C363D364A2EE1D7435042104110D8A40C
:1083AA004C8A33EF43F03B6A6FEC43F087EC43F0BF
:1083BA003BB617EF43F03BA205D03BB817EF43F0AB
:1083CA001EEF43F03BAA05D03BB017EF43F01EEF78
:1083DA0043F03BB002D03BA802D02AEF43F03F6AF9
:1083EA00495044243E6EE86A3F227E0E3E5EE86AA9
:1083FA003F5A4C6A4D6A3C6A3D6A48504302F4CF80
:10840A003DF0F3CF3CF047504302F3504D26F45071
:10841A003C22000E3D2248504202F3504D26F450B1
:10842A003C22000E3D2246504302F3504C26F450A3
:10843A004D22000E3C223D2247504202F3504C2668
:10844A00F4504D22000E3C223D2248504102F35086
:10845A004C26F4504D22000E3C223D224650420248
:10846A00F4504C26000E4D223C223D224750410238
:10847A00F4504C26000E4D223C223D2233EF43F0AD
:10848A003A6AE86A48AE52EF42F0456C461E471E09
:10849A00481E4622472248223A1E43AE5DEF42F06A
:1084AA00406C411E421E431E4122422243223A1E72
:1084BA003CEC4CF043BE74EF42F03AAE000C406C18
:1084CA00411E421E431EE86A4122422243223C6C5C
:1084DA003D1E3E1E3F1E3D223E223F22000C3ABE5A
:1084EA0064EF42F03B88FF0C3B6A6FEC43F03BB60B
:1084FA0083EF42F03BA20FD03BB407D07F0E436E0E
:10850A00FF0E426E416E406E25D0800E436E01D042
:10851A00436A000EF6D73BB0FBD7406A9F0E446011
:10852A00EBD77E0E4464F4D79E0E445C07E0D890E5
:10853A004332423241324032442AF6D73BA40AD06F
:10854A00406C411E421E431EE86A412242224322D7
:10855A0043AEDED71200C2EC42F03BB6000C3BB091
:10856A00000C3BB4000C010CC2EC42F03BB6000C10
:10857A003BB0000C3BA4000C010C3B6A6FEC43F0CF
:10858A0087EC43F03BB612003BAE08D03BA004D0C8
:10859A003BA802D03B8012003B9012004950445C39
:1085AA000BE14850435C08E14750425C05E1465004
:1085BA00415C02E13B801200D8A002D03B8E10D071
:1085CA00445049C044F0496E435048C043F0486E95
:1085DA00425047C042F0476E415046C041F0466E95
:1085EA004950445C10E0FF0F09E03B903BB403D0D4
:1085FA003BAE3B8412003BAE3B941200492AD89012
:10860A004832473246324650415E4750425A4850F5
:10861A00435A43BEEAD7D890413642364336442EAF
:10862A00F8D7C8D77F0E446EFF0E436E426E416E76
:10863A0012007F0E3BBEFF0E446E02D07F0E446EC8
:10864A00800E436E426A416AF3D73BAE04D0800E75
:10865A00446E436AF7D7446A436AF4D73D503C10E4
:10866A004D104C10F8E03FBEF0D73DBE0CD03E5046
:10867A003F10EBE0D8904C364D363C363D363E0640
:10868A00D8A03F06F2D73F50D4E13E28D2E04CAE04
:10869A0011D07F0E4C1402E14DA00CD04D2AE86A8D
:1086AA003C223D2207E3D8803D323C324D323E2AFD
:1086BA003E28BFE03E50C9E04DC041F03CC042F008
:1086CA003D34436E3E30446E4332449E3BBE448E3C
:1086DA001DEF43F04336443602E33B843B7E06E11A
:1086EA003B80446A436A426A416A1200442803E0B2
:1086FA00D88043321200D890433202E13B82120002
:10870A003B8612004836493602E33B8C3B7E06E143
:10871A003B88496A486A476A466A1200492803E060
:10872A00D88048321200D8904832EAE13B8A1200D7
:10873A00040130511F0B010801E012003051600B97
:10874A00E842E842E842E842E842010801E0120051
:10875A00345103E0340501E012003151220A31E0BC
:10876A00030A24E0010A15E0210A0DE0010A01E0EA
:10877A0012000501B40ED16F050ED26F080ED46F28
:10878A00D56BD38121D00501B40ED16F050ED26FFE
:10879A001BD036C4D9F537C4DAF50501940ED66F65
:1087AA00050ED76FDB6BDC6BD88F12000501940EB8
:1087BA00D16F050ED26F070ED46FD56BC10ED36F72
:1087CA00120032C4AFF50501D38F12000501946B74
:1087DA004B0E956F966B976B986B996B080E9A6F09
:1087EA00A36B1A0EE66E010EE66EA5EC39F0E552A1
:1087FA00E5521E0EE66E020EE66EA5EC39F0E55263
:10880A00E5521CD90501AD6BAE6BA46B120041D9C0
:10881A0065D9050E421801E1435002E0000E14D05A
:10882A0048D90501AB514E1804E1AC514F1801E18A
:10883A0005D93FD90501AD514E1805E1AE514F1882
:10884A0002E1A46BA96B010E29D123D90501A36BFF
:10885A00AB51AC1102E1000E05D032D9EF50800BBA
:10886A0001E0010E00092DE1FC0EDBCF4EF028D904
:10887A00EE52EF50D8804E5405E222D9EE52FC0E49
:10888A00EFCFDBFFA36BFC0EDB50A35D19E2A35114
:10889A00EA6A540FE96E050EEA22EF50E66EA3511A
:1088AA00E76EFD0EDBCFE9FFFE0EDBCFEAFFE750F6
:1088BA00E926000EEA22E552E750EF6EA32BE3D732
:1088CA00BDD80501A351EAD0E4D80501A45107E1B6
:1088DA00E9D8FC0EDBCFA9F5010EAA6FA46FDED092
:1088EA0004D917E1C0D8DF2AFF0EDF5C0BE0010EC6
:1088FA00DBCFE9FFDB2A020EDBCFEAFF01E3DB2A4B
:10890A00EF50F1E1CFD8DFCFA9F50501010EAA6F2B
:10891A00A46F030EE15C02E2E16AE552E16EBED0A9
:10892A00E4D818E1A0D8DF2AFF0EDF5C0CE0010EC4
:10893A00DBCFF6FFDB2A020EDBCFF7FF01E3DB2AF0
:10894A000800F550F0E1AED8DFCFA9F50501AA6B12
:10895A00010EA46F030EE15C02E2E16AE552E16EE8
:10896A009DD097D8020EE1260501AD51AE1102E164
:10897A00000E08D0ADC5E9FFAEC5EAFFEF50800B87
:10898A0001E0010E000953E1030EA45D01E1A46BAD
:10899A00A4514DE0020EA45D09E1E66A000EE66EFE
:1089AA00E66A59D80501030EA46F41D0A4053FE138
:1089BA00400E4E6E4F6AA9514E5C000E4F5803E2AC
:1089CA00400EDF6E02D0A9C5DFFFDF50A95DA96F97
:1089DA00140EA76F050EA86F010EDFCFDBFFAA5199
:1089EA000BE1010EDB5012E0A5C5F6FFA6C5F7FFA5
:1089FA000800F55041D8F5D7010EDB5007E0A5C5B0
:108A0A00E9FFA6C5EAFFEF5037D8F6D70501A95105
:108A1A0007E1400EDF5C02E1020E01D0030EA46FF3
:108A2A00DFCFE6FF140EE66E050EE66E14D8020ED0
:108A3A00E15C02E2E16AE552E16E30D0400EE66E98
:108A4A00540EE66E050EE66EE66A3FD8F3CFABF536
:108A5A00F4CFACF51200010EE66E37D8F3CFADF5C0
:108A6A00F4CFAEF51200DF6A39D8DE5242C0DEFF1B
:108A7A0043C0DDFFDD521200A7C5E9FFA8C5EAFF22
:108A8A00EF6EA72B000EA823A52BA623010EDB064B
:108A9A001200D9CFE6FFE1CFD9FF1200E552E7CFA6
:108AAA00D9FF1200FD0EDBCFA5F5FE0EDBCFA6F532
:108ABA001200FB0EDBCF4EF0FC0EDBCF4FF01200A4
:108ACA00ABC5E9FFACC5EAFF1200020EE66EC9ECBF
:108ADA0039F04E6E050EE15E4E501200FD0EDBCFF0
:108AEA0042F0FE0EDBCF43F01200D3DF030EE12685
:108AFA000501A45112002130204572723A203C61CE
:108B0A00786973323E2073746570207261746520CF
:108B1A00746F6F20736C6F77002130204572723A40
:108B2A00203C61786973323E2073746570207261EB
:108B3A00746520746F6F206869676800213020456A
:108B4A0072723A203C61786973313E2073746570A1
:108B5A00207261746520746F6F20736C6F770021C7
:108B6A0030204572723A203C61786973313E207335
:108B7A00746570207261746520746F6F206869670C
:108B8A006800205341323D00205341313D00447575
:108B9A00726174696F6E3D00526174653D00434DA8
:108BAA0020636F6D6D616E642064697361626C65C8
:108BBA006420696E2074686973206275696C640048
:108BCA0020446972656374696F6E3D002043656E67
:108BDA007465725F593D002043656E7465725F5813
:108BEA003D0020446573745F593D002044657374E9
:108BFA005F583D00467265713D002053453D002097
:108C0A004A323D002041323D002053323D0020527D
:108C1A00323D00204A313D002041313D0020533190
:108C2A003D0052313D005374617475733D00213526
:108C3A00204572723A204E65656420636F6D6D61DE
:108C4A00206E6578742C20666F756E643A20270052
:108C5A00506172616D383D00506172616D373D003F
:108C6A00506172616D363D00506172616D353D0033
:108C7A00506172616D343D00506172616D333D0027
:108C8A00506172616D323D00506172616D313D001B
:108C9A000D0A000A0D004F4B000A002138204572C8
:108CAA00723A20556E6B6E6F776E20636F6D6D61D1
:108CBA006E642027002139204572723A2043686584
:108CCA00636B73756D20696E636F72726563742C62
:108CDA0020657870656374656420002008004C691B
:108CEA006D69742073776974636820747269676741
:108CFA00657265642E20506F7274423D00213130D6
:108D0A00204572723A204E6F20636865636B7375F3
:108D1A006D20666F756E6420627574207265717558
:108D2A0069726564002137204572723A2045787469
:108D3A00726120706172616D6574657200213620FE
:108D4A004572723A20496E76616C6964207061726C
:108D5A00616D657465722076616C756500213420D9
:108D6A004572723A204D697373696E672070617239
:108D7A00616D65746572287329002133204572720A
:108D8A003A20525820427566666572206F7665727F
:108D9A0072756E002132204572723A205458204270
:108DAA007566666572206F76657272756E0021311E
:108DBA00204572723A20496E76616C696420737438
:108DCA006570207261746500DDD8D0D80DE0CED808
:108DDA00F3D8D950FC0FE96EFF0EDA20EA6EEE2ABC
:108DEA00000EEE22EE22F1D7F7D0CCD8D6D808E082
:108DFA00D4D8E2D8FD0EDB2AFE0EF8E3DB2AF6D73A
:108E0A00EBD0EED80F0E4E6E4F6A506AD950BFD8CB
:108E1A00EE504E16EE504F16EE505016EE504EC013
:108E2A00FEF14E50090802E3300E01D0370EFE253E
:108E3A00C8D873D8040ED890513250324F324E32BD
:108E4A00E806F9E1FB0E4EC0DBFFFC0E4FC0DBFF6C
:108E5A00FD0E50C0DBFFFE0E51C0DBFF0101FD0716
:108E6A00FA0EDB5002E0FA0EDB06C0D8CBE1FA0EAE
:108E7A00DB50C8E16CD0B4D85DD897D83CC0FEF1BD
:108E8A00300E01013C249DD855D88FD8FB0E40C026
:108E9A00DBFFFC0E41C0DBFFFD0E42C0DBFFFE0E16
:108EAA0043C0DBFF0101FD07A1D8E6E150D06AD833
:108EBA00E1506DD8D890030EEB50000A08E6000E78
:108ECA00EE5C000EEE58000EEE58000EEE5815E25B
:108EDA002D0E72D82FD84568466847684868D8EC7E
:108EEA004BF0FB0E3CC0DBFFFC0E3DC0DBFFFD0E72
:108EFA003EC0DBFFFE0E3FC0DBFFD95048D8EECFA5
:108F0A00E6FFEECFE6FFEECFE6FFEFCFE6FFB3DFF9
:108F1A00E552E552E552E5525FD0FB0EDBCF4EF04B
:108F2A00FC0EDBCF4FF0FD0EDBCF50F0FE0EDBCF99
:108F3A0051F01200FB0EDBCF40F0FC0EDBCF41F00C
:108F4A00FD0EDBCF42F0FE0EDBCF43F01200FD2B0D
:108F5A00FD514F6AF10F4E6E010E4F224EC0E6FFD1
:108F6A004FC0E6FF42DFE552E55236D0FC0EDBCFBA
:108F7A00F6FFFD0EDBCFF7FFFE0EDBCFF8FF080092
:108F8A00F5501200D9CFE6FFE1CFD9FF1200FB0F4F
:108F9A00E96EFF0EDA20EA6E1200FD0EDBCFE9FF62
:108FAA00FE0EDBCFEAFFEF5012000A0E456E466A4C
:108FBA00476A486A3CEF4CF0E66E80EC26F0E552D0
:108FCA001200E66EFD51EA6AF10FE96E010EEA221D
:108FDA00E552E750EF6E1200E552E7CFD9FF1200D3
:108FEA00D1DF0101FC6B0A0EFD6F120096DF4E50B5
:108FFA004F10501051101200D9CFE6FFDACFE6FF1A
:10900A00E1CFD9FFE2CFDAFF060EE12402E3E168FD
:10901A00E652E16EDF6A010EDB6AD950FA0FE96E99
:10902A00FF0EDA20EA6E020EEECFDBFF030EEECF62
:10903A00DBFF040EEECFDBFF050EEECFDBFFD950D0
:10904A00FA0FE96EFF0EDA20EA6E060EE76ED89086
:10905A00030EEB32020EEB32010EEB32EF32E70671
:10906A00F6E1D950FA0FE96EFF0EDA20EA6E060E23
:10907A00E76ED890EF36010EEB36020EEB36030E92
:10908A00EB36E706F6E1D950FA0FE96EFF0EDA2061
:10909A00EA6E400EEE26000EEE22000EEE22000EC2
:1090AA00EE22FA0EDBCF52F0FB0EDBCF53F0FC0EB2
:1090BA00DBCF54F0FD0EDBCF55F0D950020FE96E2D
:1090CA00000EDA20EA6EEE50525C4E6EEE505358A5
:1090DA004F6EEE505458506EEE505558516E4E50D9
:1090EA00DF6ED950F80FE96EFF0EDA20EA6EEE5005
:1090FA00ED1065E0040EDB50F86E030EDB50F76EE0
:10910A00020EDB50F66EDF50DF0600091AE0F60E9B
:10911A00DBCFE9FFDB2AF70EDBCFEAFF01E3DB2A2D
:10912A00EF50F56E0D00F80EDB06DBCF4EF0F90EB0
:10913A0001E2DB06DBCF4FF04E504F1001E101D0C8
:10914A00E2D7040EDB50F86E030EDB50F76E020E08
:10915A00DB50F66EA684F2AE04D0F29EDE52010E09
:10916A00DD6E550EA76EAA0EA76EA682A694010EF4
:10917A00DB5003E0F28E010EDB6A400EDF6E400E1A
:10918A004E6E4F6A506A516AD950020FE96E000E4C
:10919A00DA20EA6EEE504E26EE504F22EE50502262
:1091AA00EE505122020E4EC0DBFF030E4FC0DBFF12
:1091BA00040E50C0DBFF050E51C0DBFF92D7060E2E
:1091CA00E15C02E2E16AE552E16EE552E5CFDAFFDF
:1091DA00E7CFD9FF120021EC24F005D8F8EC38F0DB
:1091EA00B1EC25F0FBD7D9CFE6FFE1CFD9FF020ECC
:1091FA00E1260F0148694969600ED36E9B8C580EAF
:10920A00DE6E020EDD6EDFCF4EF0DF06010EDBCF23
:10921A004FF001E2DB064E504F10F5E1948E93ECCD
:10922A0024F092EC38F0020EE15C02E2E16AE552C7
:10923A00E16EE552E7CFD9FF1200120012001200C8
:10924A0012009DEF43F01200EBEF43F00501DF053A
:10925A001EE10501E0051BE1F1DF65920501E06B06
:10926A000201100EFE6F0E0EFF6FFE07000EFF5B6F
:10927A00FE51FF11FAE16584080EFE6F070EFF6FBB
:10928A00FE07000EFF5BFE51FF11FAE16594120022
:10929A00D9CFE6FFE1CFD9FFFD0EDBCF42F0FE0EBC
:1092AA00DBCF43F0050E421801E1435036E0E8688F
:1092BA00421802E17F0E43182FE0030E421801E123
:1092CA00435028E0020E421801E1435021E0010E0A
:1092DA00421801E143501AE0740E421801E143506A
:1092EA0013E0750E421801E143500CE0730E421868
:1092FA0001E1435005E0720E42180FE143500DD0D0
:10930A009EDF0BD09ADF09D099DF07D09DDF05D009
:10931A009ADF03D096DF01D093DF010EE552E7CF43
:10932A00D9FF1200D9CFE6FFE1CFD9FF0501FB0E25
:10933A00DBCF00F5FC0EDBCF01F5FD0EDBCF02F52E
:10934A00FE0EDBCF03F5036725D0026723D0126B2D
:10935A00800E106F0B6F0B510B03F350005DF4502E
:10936A000159D8B008D012C50BF5104310510B1390
:10937A0010BF09D0F0D70BC512F5104310510B13CB
:10938A0010BF01D0E8D712C5F3FFF46AE552E7CF60
:10939A00D9FF1200126B136B106B0B6B800E116FDF
:1093AA000A6F0BC505F50AC504F50AEC4AF00C511B
:1093BA00005D0D5101590E5102590F510359D8B090
:1093CA000ED0000F12C50BF513C50AF51133103371
:1093DA0011510A1310510B13D8B00FD0E2D7000F56
:1093EA000BC512F50AC513F51133103311510A13BF
:1093FA0010510B13D8B001D0D4D712C5F3FF13C53F
:10940A00F4FFE552E7CFD9FF120005510503F4CF67
:10941A000DF5F3CF0CF504510403F4CF0FF5F3CF98
:10942A000EF505510403F3500D27F4500E23E86A94
:10943A000F2304510503F3500D27F4500E23E86A55
:10944A000F231200C00EF36E00EE00F00E0E01D8CC
:10945A001200EA6002D0EE6AFCD7F350E96012000B
:10946A00EE6AFCD7D9CFE6FFDACFE6FFE1CFD9FF24
:10947A00E2CFDAFFE652E652E652E652E652DF6AF7
:10948A00D950FA0FE96EFF0EDA20EA6E010EEECF1E
:10949A00DBFF020EEECFDBFF030EEECFDBFF040E87
:1094AA00EECFDBFFF60EDBCF4EF0F70EDBCF4FF041
:1094BA00F80EDBCF50F0F90EDBCF51F048D84E5002
:1094CA00EE5C4F50EE585050EE585150EE5833E281
:1094DA00030EDB50F86E020EDB50F76E010EDB5006
:1094EA00F66EA684A688F2AE03D0F29E010EDF6E57
:1094FA00550EA76EAA0EA76EA682DF5001E0F28E65
:10950A004E6A040E4F6E506A516A21D8EE504E26AA
:10951A00EE504F22EE505022EE505122010E4EC014
:10952A00DBFF020E4FC0DBFF030E50C0DBFF040E51
:10953A0051C0DBFFB7D7050EE15C02E2E16AE552F2
:10954A00E16EE552E5CFDAFFE7CFD9FF1200D95035
:10955A00010FE96E000EDA20EA6E120045424276E9
:10956A0031335F616E645F61626F766520454220C8
:10957A004669726D776172652056657273696F6E9E
:10958A0020332E312E3000920F920F920F930F93A9
:10959A000F930F930F930F930F930F930F940F94AF
:1095AA000F940F940F940F940F940F940F950F9597
:1095BA000F950F950F950F950F890F890F890F8AB0
:1095CA000F8A0F8A0F8A0F8A0F8A0F8A0F8A0F8BC8
:1095DA000F8B0F8B0F8B0F8B0F8B0F8B0F8B0F8CB0
:1095EA000F8C0F8C0F8C0F8C0F8C0F000105000154
:1095FA000203040506070001020304050607020325
:10960A00040506072A0EF66E100EF76E000EF86EA7
:10961A0005010900F550F56F0900F550F66F03E1F1
:10962A00F56701D03DD00900F550F06F0900F550FB
:10963A00F16F0900F550F26F09000900F550E96E63
:10964A000900F550EA6E090009000900F550F36FA8
:10965A000900F550F46F09000900F6CFF7F5F7CFC6
:10966A00F8F5F8CFF9F5F0C5F6FFF1C5F7FFF2C541
:10967A00F8FF0501F35302E1F45307E00900F5503E
:10968A00EE6EF307F8E2F407F9D7F7C5F6FFF8C567
:10969A00F7FFF9C5F8FF0501F507000EF65BBFD71E
:1096AA001200D9CFE6FFDACFE6FFE1CFD9FFE2CF4A
:1096BA00DAFFE652E652E652E652D9CFE9FFDACFAE
:1096CA00EAFFFA0EDBCFEEFFFB0EDBCFEEFFFC0E5E
:1096DA00DBCFEEFFFD0EDBCFEEFF020EDB50F86EA6
:1096EA00010EDB50F76EDF50F66EF80EDBCF4EF050
:1096FA00DB06F90EDBCF4FF001E2DB064E504F10CE
:10970A000DE00900F60EDBCFE9FFDB2AF70EDBCF0F
:10971A00EAFF01E3DB2AF5CFEFFFE7D7040EE15CAE
:10972A0002E2E16AE552E16EE552E5CFDAFFE7CF00
:10973A00D9FF1200D9CFE6FFDACFE6FFE1CFD9FF92
:10974A00E2CFDAFFAD6AAC6AFD0EDBB0AD88DBA210
:10975A0002D0AD8CAC8CDBB4AD8EDBA602D0AC886B
:10976A0001D0AC8ADBB8AD84DBBAAC86DBAC02D004
:10977A009D8A01D09D9ADBAE02D09D8801D09D982A
:10978A00FB0EDB50B06EFC0EDBCF4FF04FC04EF03D
:10979A004F6A4E507F6EAD8AAC8EE552E5CFDAFF46
:1097AA00E7CFD9FF120040504502F3CF3CF0F4CF87
:1097BA003DF04602F3503D26000EF4203E6E405026
:1097CA004702F3503E26000EF4203F6E40504802F6
:1097DA00F3503F2641504502F3503D26F4503E22B5
:1097EA00000E3F2241504602F3503E26F4503F22DB
:1097FA0041504702F3503F2642504502F3503E265D
:10980A00F4503F2242504602F3503F26435045024D
:10981A00F3503F2612001201000202000040D80451
:10982A0092FD82010102030109024300020100C004
:10983A00320904000001020201000524001001049B
:10984A0024020205240600010524010001070581FE
:10985A000308000209040100020A000000070502C9
:0D986A000240000007058202400000329815
:109878003F6A3E6A3D6A3C6A200EE76ED8904036E1
:109888004136423643363C363D363E363F36455005
:109898003C5C46503D5847503E5848503F5809E3B5
:1098A80045503C5E46503D5A47503E5A48503F5AF4
:1098B800402AE72EE4D71200FE0EE3CFE9FFFF0EA1
:1098C800E3CFEAFFE9CFF3FFEACFF4FFFB0EE35063
:1098D80003E1FC0EE35009E0FB0EE30602E2FC0E96
:1098E800E306FD0EE350EE6EF1D71200D9CFE6FF86
:1098F800DACFE6FFE1CFD9FFE2CFDAFFADAC04D093
:10990800AD900501FCB3AD80FD0EDB50AE6EE552A7
:10991800E5CFDAFFE7CFD9FF1200FF0EE124E96EA9
:10992800FF0EE220EA6EEDCFF4FFEFCFF3FFF4660F
:1099380007D0600EF36404D07B0EF36001D0F39A75
:109948001200D9CFE6FFDACFE6FFE1CFD9FFE2CFA9
:10995800DAFFFD0EDB507E6EE552E5CFDAFFE7CF8A
:10996800D9FF12001EEE00F02EEE00F0F86A3B9CC4
:1099780007EC4BF0CFEC4CF0F0EC48F0FBD71200C2
:10998800F36AF46AF32A0F0B05E0D890F336F4363D
:10999800E804FBE112001200040309041803530051
:1099A800630068006D0061006C007A004800610087
:1099B8007500730038034500690042006F007400A9
:1099C80042006F006100720064002C00200020003B
:1099D800200020002000200020002000200020007F
:1099E800200020002000200020002000220320006A
:1099F800200020002000200020002000200020005F
:109A080020002000200020002000200020008002EC
:109A180084029C02D402000600000000010000003D
:019A2800003D
:08FFF800ACF70AFF63F801F009
:00000001FF
