:060000002AEF06F01200D9
:0600080004EF08F01200F5
:100018000CEF08F012001DEE00F02DEE00F0F86A6B
:0600280046EF06F0120095
:1000300001001C0E0000E6000000020000003E0E61
:10004000006E016AFC0E026E036A046A07680868A3
:100050000968066A1200D9CFE6FFE1CFD9FFE65260
:1000600004501EE1040108BF1AD0400EE66E600E77
:10007000E66E000EE66E34EC05F0E552E552E55210
:10008000010E046EDF6A400EDF5C09E2DF50EA6AAF
:10009000A00FE96E000EEA22EF6ADF2AF4D717D12B
:1000A00000016051080A01E10DD10F0A01E1D3D02E
:1000B000010A01E1CAD0030A67E0010A58E0070A11
:1000C00044E0010A01E003D10001020EA06F00012B
:1000D0003A0EA16F0001010EA26F0001010EA36F85
:1000E0000001A46B100EA56FA66BA76B01C0A8F052
:1000F00002C0A9F003C0AAF0100E0001A95F000E13
:100100000001AA5B0001AB6B0001030EAC6F0001A4
:10011000F80EAD6FAE69AF6BB06B0001080EB16F3A
:10012000B26BB36BB46B0001B56904010CBF0CD0AA
:10013000400EE66EA00EE66E000EE66E04EC05F0D4
:10014000E552E552E552046AC2D00001615107E16F
:100150003F0E006EF80E016E0268036A06D03E0E76
:10016000006E016AFC0E026E036A046AB0D0040ECF
:10017000056E0028055C06E20400AED894EC05F09C
:10018000052AF7D7046AA3D0E868071805E1E868EC
:10019000081802E1E868091806E161C007F062C0CA
:1001A00008F063C009F007500001611908E1085028
:1001B0000001621904E109500001631900E143E103
:1001C000DF6A00016551DF5C3EE2000E075C100E45
:1001D0000858000E09582CE30028596E5A6A0A0E76
:1001E000D89059365A36E806FBE15B6A5ABE5B681E
:1001F0005950075C5A5008585B50095819E23A0E9A
:100200000001D8806555DF24EA6A660FE96E000EAA
:10021000EA22EF50E66E0650E96EEA6AE9BEEA6845
:100220000A0EE926000EEA22E552E750EF6E062A92
:10023000072A000E0822000E09223A0E065C01E190
:100240005ED8DF2ABED7046A42D059D8076808684A
:100250000968046A3CD00001070EA06F61C0A1F0DC
:1002600062C0A2F063C0A3F064C0A4F065C0A5F0B2
:1002700061C0F6FF62C0F7FF63C0F8FFDF6A0001EC
:100280006551DF5C0FE209003A0E0001D880655528
:10029000DF24EA6AA60FE96E000EEA22F5CFEFFF2F
:1002A000DF2AEDD704010CBF0CD0400EE66EA00E85
:1002B000E66E000EE66E04EC05F0E552E552E552FE
:1002C000046A05D06592656A68D8FF0000D0E552DF
:1002D000E552E7CFD9FF1200F66A0550F76EF86ACB
:1002E000D890F736F836F736F836140EA66EF29E2A
:1002F000550EA76EAA0EA76EA682A6941200D9CF9D
:10030000E6FFE1CFD9FFE652DF6A000EE76E06187E
:10031000E8AE02D0063403D0E750D880065436E267
:100320000650596E5A6A5B6A59AE02D05A685B68C9
:100330005950075CF66E5A500858F76E5B500958D2
:10034000F86EDF50EA6A0A0FE96E000EEA22EF50FB
:10035000F56E0D00DF2A0606065009E0DF50EA6A56
:100360000A0FE96E000EEA22EF50F56E01D0F56833
:100370000C00DF2A240EA66EF29E550EA76EAA0E62
:10038000A76EA682065001E00606BFD7A694066AAD
:10039000E552E552E7CFD9FF1200D9CFE6FFE1CF12
:1003A000D9FFE652DF6AFF0EDF5C0AE2E868E85038
:1003B00005E0E80600D000D000D0F9D7DF2AF3D757
:1003C000E552E552E7CFD9FF12005FD9E6526450FB
:1003D00032E16296040100513C0BE842E8420D080C
:1003E00028E1180E021923E1040E031920E1100E72
:1003F000026F040E036FDF6ADF50596E5A6A080EEF
:10040000595C000E5A5813E2DF50EA6A180FE96E81
:10041000040EEA22EF50E66EDF50EA6A100FE96E32
:10042000040EEA22E552E750EF6EDF2AE5D70ED838
:100430000AD03DD808D0040E645C03E162964DD822
:1004400002D0000E01D0010EE55224D11ED9E65291
:10045000040104BF046B536A4F6A506A516A526ABE
:1004600055EC03F0DF6ADF50596E5A6A010E595C91
:10047000000E5A5819E2505017E1F76ADF34FE0BAC
:10048000F736F66EFA0EF6260D0EF7220900F5CFB6
:1004900059F00800F5CF5AF004D05AC0FAFF59506D
:1004A000F96EFBDFDF2ADFD79ED8E552F3D0020ECC
:1004B0004F5C0EE176D80401180E026F040E036F34
:1004C000080E016F00BD02D0C80E05D0880E03D003
:1004D000BCD8CCD88C0E006F1200040E555C0AE11B
:1004E00012C438FF0F013851000802E2050E01D096
:1004F000030E556E4F040FE110D8020E535C03E15A
:100500000401840E06D0040104BD02D0C80E01D03F
:10051000880E046F120025EF03F0B7D8020EE12613
:10052000080E515C000E52580DE251C0DEFF52C061
:10053000DDFF535002E1010E03D0530406E1020E29
:10054000536E03D0080EDE6EDD6A0401049304913D
:10055000010EDB500413DFCF05F4DE50515EDD5099
:10056000525A0001180EE26F040EE36F56A20CD02F
:1005700085D810E0E0C0F6FFE1C0F7FF0800F550B5
:1005800068D8F6E2DB06F4D779D804E087D8FCE235
:10059000DB06FAD7020EE15C02E2E16AE552E16EA7
:1005A00079D073D8020EE126030E04010015E76E20
:1005B000010EE7CFDBFF01C4DFFFDE505126DD5027
:1005C00052220001180EE06F040EE16F57D804E0CC
:1005D00065D8FCE2DB06FAD7020EE15C02E2E16AD2
:1005E000E552E16E57D06598505005E13FD8840E32
:1005F000006F040118D0040110AF17D05150165DE0
:100600005250175904E216C451F017C452F085DF56
:10061000010E4F6E2BD8800E006F0401180E066F6E
:10062000040E076FC80E046F1200020E4F6E040115
:10063000056BC80E046F0401080E016F180E026FDF
:10064000040E036FC80E006F12004F6A0401046BA2
:100650001200E2C0E9FFE3C0EAFFEF6EE22B000EFA
:10066000E323E02BE123DF06010E12000401080E54
:10067000016F100E026F040E036F1200D9CFE9FF55
:10068000DACFEAFFEE50ED101200D9CFE6FFE1CF4E
:10069000D9FF1200E552E7CFD9FF1200E0C0E9FF11
:1006A000E1C0EAFFEF5029EF03F004011051600BA5
:1006B000E842E842E842E842E842000901E012006C
:1006C0001151070A43E00B0A41E0070A34E0010A2E
:1006D00024E00B0A20E0020A1EE0030A1AE0080ADE
:1006E00010E0010A0CE00F0A08E0030A01E0120022
:1006F000010E506E040E556E1200A7EF03F0DDEFF1
:1007000003F0010E506E0001570EE06F000EE16F16
:100710000ED0F7EF03F025EF04F0010E506E1451E8
:100720000001E06FE16B580EE027000EE1235692C6
:10073000010E516E1200010E506E1451EA6A580FEC
:10074000E96E000EEA2212C4EFFF12001200800EC2
:100750000401105D31E11351030A20E0010A0BE0AE
:10076000030A29E1010E506E00013A0EE06F0D0EF2
:10077000E16F120E1ED0AAD8F00EF6260D0EB8D8D4
:10078000020E0001F76AE025F66EE151F72209003A
:10079000F5CF51F00A00F5CF52F00DD097D8F40EF6
:1007A000F6260D0EA5D8E0C0F6FFE1C0F7FF080061
:1007B000F550516E526A56821200010E506E0F0EA5
:1007C000E66E270EE66E0F0E9BD8010EE66E580EF3
:1007D000E66E000E95D812C457F00401125103E1E1
:1007E000050E556E1200060E556EEFEF04F0040173
:1007F000186B196B040110511F0B020A0EE0030A5B
:1008000009E0010A17E1010E506E56A013D0040151
:10081000188310D0010E506E0DD04AD801E0010EA1
:100820005ED8E2C0E9FFEA6EEF50040B03E004017A
:10083000010E186F500408E10001180EE06F040E5D
:10084000E16F5692020E516E1200040112050CE186
:1008500010511F0B000908E1010E506E030E115DCF
:1008600002E1568001D05690125121E110511F0B28
:1008700002081DE114510F0B000919E019D801E01D
:10088000010E2DD8030E0401115D02E1840E03D088
:1008900014AF07D0400EE2C0E9FFE3C0EAFFEF6EFD
:1008A0001200880EE2C0E9FFE3C0EAFFEF6E12001B
:1008B000010E506E14510F0B080DF3505A6A000FC1
:1008C000596E040E5A221451800B1200010E506E04
:1008D0001251F66EF76AD890F636F7361200040D0C
:1008E000F35000015924E26F000E5A20E36F12000A
:1008F000F7220900F5CFE0F00A00F5CFE1F0120091
:10090000E66E15EC06F0E552E552E55212000401E0
:1009100010511F0B010801E01200145101E01200F8
:10092000060E115D21E11351230A1DE0010A0DE0BD
:10093000030A19E1020E506E570405E100015E0E34
:10094000E06F0D0EE16F090E0CD0020E506E5704D1
:1009500005E10001D30EE06F0D0EE16F570403E1D6
:100960001D0E516E526A568204011051600BE8420E
:10097000E842E842E842E842010801E01200115171
:100980000B0A26E0080A19E0090A12E0080A09E041
:100990000B0A05E0080A01E01200EDEF04F0EEEFAB
:1009A00004F0020E506E00014A0EE06F000E0BD0F4
:1009B000020E506E13C44AF01200020E506E000177
:1009C0004B0EE06F000EE16F5692010E516E120059
:1009D000020E506E12C44BF01200120012004C6A4C
:1009E0000F011E0E276F0401400E096F200E0A6FC3
:1009F000040E0B6F880E086F0401600E0E6F040E5C
:100A00000F6F400E0C6F1200D9CFE6FFE1CFD9FF78
:100A1000E652FC0EDB50400805E2400EF36EFC0E81
:100A2000F3CFDBFFDF6AFC0EDB50DF5C0FE2DF5051
:100A30004DD8EF50E66EDF50EA6A600FE96E040EA3
:100A4000EA22E552E750EF6EDF2AEDD7FC0EDBCF4E
:100A50000DF4400E04010C170C7D880E0C13E552AA
:100A6000E552E7CFD9FF1200D9CFE6FFE1CFD9FF9A
:100A70004C6A040108BF25D0FC0EDBCF59F00951A8
:100A8000D880595403E2FC0E09C4DBFF4C6AFC0E0B
:100A9000DB504C5C0FE24C50EA6A200FE96E040E0A
:100AA000EA22EF50E66E4C5011D8E552E750EF6E57
:100AB0004C2AEDD70401400E096F0817087D880EF7
:100AC00008134C50E552E7CFD9FF1200E76EFD0E38
:100AD000DBCFE9FFFE0EDBCFEAFFE750E926000E91
:100AE000EA22120082AE04D065B604D00FD802D03C
:100AF00065B613D8550409E165BA07D0626A0F01DB
:100B0000366B36813689020E556E1200656A0F010A
:100B1000366B6586010E556E1200656A0F01366BE5
:100B2000556A12008DEF05F0555001E11200625038
:100B3000040B05E00F013651040B01E032D865B219
:100B400012006250010B05E00F013651010B01E06C
:100B50003BD86250100B05E00F013651100B01E03D
:100B60001FD86250200B05E00F013651200B01E029
:100B700019D8030E555C01E21200546A040E545C4D
:100B80000EE26250080B0BE00F013651080B07E034
:100B9000E5EC01F0000901E16296542AEFD712005A
:100BA000120012000F0126A10DD0800E0401005D7D
:100BB00007E1840E0401045D03E104018C0E006F63
:100BC0000F012691629A1200636A626A0F019F0EFA
:100BD000376F0F017B0E366F0F01386B0F0EE66E0D
:100BE000270EE66E0F0EE66E20D8E552E552E5526E
:100BF0000F01160E266F62A605D0629600D000D0B7
:100C00000000F9D7659825EC03F00401080E016F88
:100C10000401100E026F040E036F04018C0E006FAE
:100C20005690576A030E556E1200D9CFE6FFE1CFFA
:100C3000D9FFFD0EDBCFE9FFFE0EDBCFEAFFFC0E96
:100C4000DB5004E0EE6AFC0EDB06F9D7E552E7CF95
:100C5000D9FF12001DEE00F02DEE00F0F86AF66AE2
:100C6000100EF76E0800F550FF0808E1010EF66E51
:100C7000100EF76E0800F550FF0806E080AE02D0B7
:100C800000EF08F080AEFED701D812000DD80400A6
:100C900033D836D8060E555C05E16550020B02E1EB
:100CA0002BEC00F0F4D71200600ED36E9B8C580E24
:100CB0004D6E020E4E6E4DC059F04EC05AF04D06AC
:100CC000000E4E5A59505A10F6E165A604D06592AE
:100CD000656ACDEC01F0948E0F01140E396F556AE0
:100CE000566A576A1FEC00F08C968C9495969594F2
:100CF0000F01486B496B120072EC05F094EF05F0A0
:100D0000060E555C02E28C868C94060E555C14E14E
:100D10000001200EE65D4E0EE75902E38C868C94AE
:100D2000400EE65D9C0EE75904E38C968C84E66BDE
:100D3000E76BE62B000EE723120012010002000011
:100D40000008D8043C000200010200010902290049
:100D5000010100C032090400000203000000092163
:100D600011010001221D0007058103400001070554
:100D700001034000010403090434034D00690063CA
:100D80000072006F0063006800690070002000546A
:100D9000006500630068006E006F006C006F006704
:100DA000007900200049006E0063002E00260348F1
:100DB000004900440020005500530042002000423A
:100DC000006F006F0074006C006F006100640065CC
:100DD0000072000600FF0901A10119012940150058
:100DE00026FF00750895408100190129409100C037
:100DF0004C0D4C0D750D790DAD0D0E09C00EF36E39
:100E000000EE00F00E0E01D81200EA6002D0EE6A89
:0E0E1000FCD7F350E9601200EE6AFCD7000038
:0610000015EF4CF0120098
:0610080028EF08F01200C1
:06101800C1EF21F01200FF
:10102A000300DE980000E704000009000000DC98D5
:10103A000000FA050000020000005E98000080022D
:10104A0000007E000000DACFE4FFE9CFE4FFEACF38
:10105A00E4FFF3CFE4FFF4CFE4FFE652F294D6CFF5
:10106A00C4F18A0E0101C425D66E09B28C820080B1
:10107A00050E855D3FE1045004E15F0E831486117D
:10108A008C6E09A408D0010E021403E1010E0314A8
:10109A0002E021EC1FF002A012D087EC20F020AE73
:1010AA000ED0209E868D27EC1FF009A404D0292A91
:1010BA002A222B222C22EFEC1EF001E1029003A03F
:1010CA0011D090EC20F024AE0DD0249E81EC1FF0BC
:1010DA0009A404D0312A32223322342236EC1FF0FA
:1010EA0001E10390010E021451E1010E031401E122
:1010FA008CD04CD0060E855D4BE109A408D0010EB8
:10110A00021403E1010E031402E021EC1FF002A015
:10111A001BD0DCEC1DF020AE17D07F0E2014206E01
:10112A00868D27EC1FF009A404D0292A2A222B2213
:10113A002C228FAF03D0868F8C8E02D0869F8C9EF6
:10114A00EFEC1EF001E1029003A01AD0EEEC1DF0C4
:10115A0024AE16D07F0E2414246E81EC1FF009A44D
:10116A0004D0312A32223322342293AF03D0868B21
:10117A008C8A02D0869B8C9A36EC1FF001E1039090
:10118A00010E021403E1010E03143FE000903DD06A
:10119A00070E855D3AE102A038D009A402D021ECFD
:1011AA001FF027EC1FF0EFEC1EF002E1029001D0D5
:1011BA000090DCEC1DF020AE12D07F0E2014206EC1
:1011CA00868D09A405D0292A000E2A222B222C2238
:1011DA008FAF03D0868F8C8E02D0869F8C9EEEECCA
:1011EA001DF024AE12D07F0E2414246E868909A421
:1011FA0005D0312A000E32223322342293AF03D093
:10120A00868B8C8A02D0869B8C9A500E86154EE06D
:10121A00045005E10F0E831486118C6E0ED086AF32
:10122A0002D08B8401D08B9486AB02D0898401D002
:10123A00899486BD8B8C86B9898A86AD19D086AF8A
:10124A000CD01506000E165A175A185A09A410D0AF
:10125A002D062E5A2F5A305A0BD0152A000E162256
:10126A001722182209A404D02D2A2E222F22302236
:10127A0086A919D086AB0CD01906000E1A5A1B5A29
:10128A001C5A09A410D03506365A375A385A0BD088
:10129A00192A000E1A221B221C2209A404D0352A5C
:1012AA00362237223822AF0E8617E4D0020E855D29
:1012BA0058E105A03AD0AF050A6EAD51AE111AE158
:1012CA00E8EC1EF0EF500001EA6A9C25E96E9D5198
:1012DA00EA22EF6AC7EC20F0EE6AED6ACDEC20F064
:1012EA00EE6AED6AE8EC1EF0EF6AE5EC20F0EE6AD1
:1012FA00ED6A1BD0C7EC20F0B0C1EEFFB1C1EDFF23
:10130A00CDEC20F0ADC1EEFFAEC1EDFFE8EC1EF072
:10131A00ACC1EFFFE5EC20F0EE50ED1006E1E5EC94
:10132A0020F0ADC1EEFFAEC1EDFF0001A6510101F3
:10133A00AC5D17E10001A0510101AD190CE10001FA
:10134A00A1510101AE1907E1010EB96FB66BC15186
:10135A0008E08A9806D0B96B010EB66FC15101E058
:10136A008A88850502E0000E01D0010E596E020E30
:10137A00855D02E0000E01D0010E59100EE03BEC33
:10138A001FF001E177D08707000E885B895B8A5BD3
:10139A003BEC1FF06FE000906DD0030E855D2AE1F3
:1013AA008B5123E0B2C159F0B3C15AF0D8905A32E6
:1013BA005932D8905A3259325950BB6EBFC15BF07C
:1013CA00C0C15CF0040ED8905B365C36E804FBE1E1
:1013DA00300E5B16000E5C16CF0EBA1400015B10BD
:1013EA00596E5CC05AF0E85003D0BB6ACF0EBA14EB
:1013FA00BA6E3FD0040E855D3DE18651000823E2B6
:10140A00045002E18D9001D08C92860503E18D840F
:10141A008D82898C020E865D03E18D848D82899C82
:10142A00030E865D03E18D948D82899C040E865D90
:10143A0003E18D848D92899C050E865D09E18D9468
:10144A008D92899C05D0045002E18D8001D08C8256
:10145A00AC51000806E2045002E18B9207D089924F
:10146A0005D0045002E18B8201D0898242EC1EF041
:10147A000E90008009A4FDD0010E001404E1080EAC
:10148A00091401E1F6D0050E0101855D02E0000EA6
:10149A0001D0010E5A6E070E855D02E0000E01D0E2
:1014AA00010E596E060E855D02E0000E01D0010E96
:1014BA0059105A1001E1DDD0098E25C080F126C0ED
:1014CA0081F127C082F128C083F1ADA2FED783C182
:1014DA00AEFFADA2FED782C1AEFFADA2FED781C1DB
:1014EA00AEFFADA2FED780C1AEFF29C080F12AC0EF
:1014FA0081F12BC082F12CC083F1ADA2FED783C14A
:10150A00AEFFADA2FED782C1AEFFADA2FED781C1AA
:10151A00AEFFADA2FED780C1AEFF1DC080F11EC0D6
:10152A0081F11FC082F120C083F1ADA2FED783C131
:10153A00AEFFADA2FED782C1AEFFADA2FED781C17A
:10154A00AEFFADA2FED780C1AEFF8CC180F18DC1C6
:10155A0081F18EC182F18FC183F1ADA2FED783C121
:10156A00AEFFADA2FED782C1AEFFADA2FED781C14A
:10157A00AEFFADA2FED780C1AEFF2DC080F12EC056
:10158A0081F12FC082F130C083F1ADA2FED783C1B1
:10159A00AEFFADA2FED782C1AEFFADA2FED781C11A
:1015AA00AEFFADA2FED780C1AEFF31C080F132C01E
:1015BA0081F133C082F134C083F1ADA2FED783C179
:1015CA00AEFFADA2FED782C1AEFFADA2FED781C1EA
:1015DA00AEFFADA2FED780C1AEFF21C080F122C00E
:1015EA0081F123C082F124C083F1ADA2FED783C169
:1015FA00AEFFADA2FED782C1AEFFADA2FED781C1BA
:10160A00AEFFADA2FED780C1AEFF90C180F191C1FD
:10161A0081F192C182F193C183F1ADA2FED783C158
:10162A00AEFFADA2FED782C1AEFFADA2FED781C189
:10163A00AEFFADA2FED780C1AEFF35C080F136C085
:10164A0081F137C082F138C083F1ADA2FED783C1E0
:10165A00AEFFADA2FED782C1AEFFADA2FED781C159
:10166A00AEFFADA2FED780C1AEFFADA2FED70A0E75
:10167A00AE6E0C501CE081500B6EE8500D18E81C41
:10168A000C1415E0010E0E1412E10BC0C9F40E8001
:10169A00026A036A00800F6A106A116A016A200EE0
:1016AA00015C05E201505FEC1EF0012AF8D700A0A8
:1016BA0002D10101856B0F5001E1E5D009B28C809E
:1016CA0006B08C940401955102E0010E956F045006
:1016DA0003E18C9C8C9802D08B9C899A115086ECE1
:1016EA0021F0EECF85F1EECF86F1EECF87F1EECF86
:1016FA0088F1EECF89F1EECF8AF1EECF8BF1EECF02
:10170A008CF1EECF8DF1EECF8EF1EECF8FF1EECFE1
:10171A0090F1EECF91F1EECF92F1EECF93F1EECFC1
:10172A0094F1EECF95F1EECF96F1EECF97F1EECFA1
:10173A0098F1EECF99F1EECF9AF1EECF9BF1EECF81
:10174A009CF1EECF9DF1EECF9EF1EECF9FF1EECF61
:10175A00A0F1EECFA1F1EECFA2F1EECFA3F1EECF41
:10176A00A4F1EECFA5F1EECFA6F1EECFA7F1EECF21
:10177A00A8F1EECFA9F1EECFAAF1EECFABF1EECF01
:10178A00ACF1EECFADF1EECFAEF1EECFAFF1EECFE1
:10179A00B0F1EECFB1F1EECFB2F1EFCFB3F1070E68
:1017AA000101855D02E0000E01D0010E5A6E060E9F
:1017BA00855D02E0000E01D0010E596E050E855DB1
:1017CA0002E0000E01D0010E59105A103AE08BA91E
:1017DA0008D087C11DF088C11EF089C11FF08AC1D7
:1017EA0020F08BAB08D087C121F088C122F089C1D3
:1017FA0023F08AC124F08BA104D01D6A1E6A1F6AD5
:10180A00206A8BA304D0216A226A236A246A8BA5E0
:10181A0005D01D681E681F687F0E206E8BA705D035
:10182A002168226823687F0E246EEFEC1EF002E026
:10183A00028001D0029036EC1FF002E0038001D052
:10184A00039009A414D0256A266A276A286A296A95
:10185A002A6A2B6A2C6A2D6A2E6A2F6A306A316AC2
:10186A00326A336A346A356A366A376A386A1150B4
:10187A005FEC1EF0112A1250115C01E3116A0F503D
:10188A001AE00F0618D0040195050CE10401E80ED0
:10189A00986F030E996F96C49AF497C49BF4040147
:1018AA00020E956F0101876B886B896B8A6B06B094
:1018BA008C8409B2898280AE078008A002D081A0F8
:1018CA000780045003E18C9C8C9802D08B9C899AE7
:1018DA0009AE04D0F2948A0ED66E099E09A203D0EC
:1018EA0089928C908C92E552E5CFF4FFE5CFF3FF15
:1018FA00E5CFEAFFE5CFE9FFE5CFDAFF1100010105
:10190A00C56BC66BC76BC86BA9EC1FF0AEEC1FF0BA
:10191A00D16BD26BD36BD46BD56BD66BD76BD86BC1
:10192A00D96BDA6BDB6BDC6BDD6BDE6BDF6BE06B71
:10193A00E16BE26BE36BE46BE56BE66BE76BE86B21
:10194A00E96BEA6BEB6BEC6BED6BEE6BEF6BF06BD1
:10195A001200D9CFE6FFE1CFD9FFE652DF6A020EC5
:10196A00DF5C2DE2DF50040DF3CFE9FFF4CFEAFF8D
:10197A008C0EE926010EEA22010EEE6EEE6AEE6A7E
:10198A00EE6ADF50040DF3CFE9FFF4CFEAFF940EBD
:10199A00E926010EEA22EE6AEE6AEE6AEE6ADF5084
:1019AA00040DF3CFE9FFF4CFEAFFA40EE926010EF6
:1019BA00EA22EE6AEE6AEE6AEE6ADF2AD0D70101FF
:1019CA00856B0101866B0101876B886B896B8A6B5A
:1019DA000101AD6BAE6B0101AC6B0101AF6B010193
:1019EA00B06BB16B0690096A92809F9C010EE66EFD
:1019FA00E66AD8EC2DF0E552E552010EE66E0B0EC2
:101A0A00E66ED8EC2DF0E552E5528D8496948D82DF
:101A1A009692898C929C8D8096908B8294928C9CC3
:101A2A00959C8C9E959E8C9895988C9A959A949E46
:101A3A00828E00000000000000000000000000008C
:101A4A00000000000000000000000000000000008C
:101A5A000000000000000000948E829E0101010E29
:101A6A00C16F05808A989398899692960101010E12
:101A7A00B66F046A0101010EB96FDF6A200EDF5CDE
:101A8A0009E2DF50EA6A580FE96E010EEA22EF6AAC
:101A9A00DF2AF4D70101BA6BBB6BBC6BBD6B076A5B
:101AAA000101C36B0101010EC26F0F6A106A116A4C
:101ABA00010E126E050E136E146A9380F19E088051
:101ACA00939681960B6A0C6A0D6A0E90B6EC19F021
:101ADA00D58CD59AD596D594D592D580D66AD58EF9
:101AEA00F184F294F28AE552E552E7CFD9FF120067
:101AFA0056EC1DF0030E34EC1EF013EC20F0E66AEF
:101B0A00D95080EC20F00401845101E0ABD0DF040D
:101B1A0020E1E8EC20F007E10101010EC16F059018
:101B2A0053EC1EF00ED0D6EC1DF0010EEE1805E1B6
:101B3A00ED5003E10101C16B03D00101010EC16F38
:101B4A000580000EE66EE66AB9C1E6FF2DEC1FF0CD
:101B5A0087D0020EDF5C2DE1E8EC20F008E1046A90
:101B6A0096909492959C959E9598959A1BD0D6ECB2
:101B7A001DF0010EEE180CE1ED500AE1010E49ECE0
:101B8A001FF094949294949C929A9592929268D00F
:101B9A00D6EC1DF0020EEE1863E1ED5061E1020E83
:101BAA0049EC1FF094849284948C928A9582928252
:101BBA0057D0040EDF5C07E1010EDBCFA0F0020E66
:101BCA00DBCFA1F04DD0050EDF5C07E1010EDBCFC4
:101BDA009EF0020EDBCF9FF043D0080EDF5C0FE1D0
:101BEA00D6EC1DF0080ED880EE54000EED5403E238
:101BFA00080E88EC1FF0010EDBCF9AF031D0090EE7
:101C0A00DF5C0FE1D6EC1DF0060ED880EE54000E14
:101C1A00ED5403E2060E88EC1FF0010EDBCF9BF0B9
:101C2A001FD00A0EDF5C03E18FEC1FF009D00B0E08
:101C3A00DF5C03E18FEC1FF013D00C0EDF5C07E1D1
:101C4A00010EDBCFA4F0020EDBCFA5F009D00D0EFA
:101C5A00DF5C06E1E8EC20F002E0088001D00890A1
:101C6A0061EC1DF0030EE15C02E2E16AE55254EF19
:101C7A001DF0FBEC20F0E10EE66E010ED1EC1FF038
:101C8A00E50EE66E010E4AEC21F0C2EC1FF028E1E7
:101C9A000101C2511DE0D151D211D311D41105E174
:101CAA00D951DA11DB11DC1103E0C2EC1EF010E1AC
:101CBA00E151E211E311E41105E1E951EA11EB11F5
:101CCA00EC1103E0C7EC1EF003E1A2EC1EF007D012
:101CDA00A9EC1FF0DDEC1EF0E66A0AEC1EF0E552F4
:101CEA0040EF1EF0FBEC20F005EC21F0E50EE66E6D
:101CFA00010ED1EC1FF044EC21F032E10101C25196
:101D0A0027E0D151D211D311D4110AE1D951DA11F4
:101D1A00DB11DC1105E1DD51DE11DF11E01103E019
:101D2A00C2EC1EF015E1E151E211E311E4110AE1FE
:101D3A00E951EA11EB11EC1105E1ED51EE11EF1148
:101D4A00F01103E0C7EC1EF003E1A2EC1EF007D08D
:101D5A00A9EC1FF0DFCFE6FFE66A0AEC1EF0E552B7
:101D6A0040EF1EF056EC1DF0110EE126DEEC1FF0DE
:101D7A00ADEC21F0D950010F9DEC21F0090FFBECDD
:101D8A001FF005EC21F0D950050F9DEC21F00D0F45
:101D9A00FBEC1FF0B6EC21F055E10101C25106E05F
:101DAA00CCEC1EF003E1A2EC1EF04BD06CEC1EF062
:101DBA00D96BDA6BDB6BDC6BE96BEA6BEB6BEC6BAD
:101DCA00DFCFE6FF010EE66E79D8E552E552010E45
:101DDA00DBCFD1F1020EDBCFD2F1030EDBCFD3F191
:101DEA00040EDBCFD4F1050EDBCFE1F1060EDBCF1B
:101DFA00E2F1070EDBCFE3F1080EDBCFE4F1090EC7
:101E0A00DBCFD9F10A0EDBCFDAF10B0EDBCFDBF138
:101E1A000C0EDBCFDCF10D0EDBCFE9F10E0EDBCFC2
:101E2A00EAF10F0EDBCFEBF1100EDBCFECF1000E77
:101E3A00010151EC1FF059EC1FF0AEEC1FF0D3EC8E
:101E4A0020F0E552110EE15C02E2E16AE55254EF3C
:101E5A001DF00EEC21F005EC21F044EC21F00EE12E
:101E6A000101C25106E0CCEC1EF003E1A2EC1EF027
:101E7A0004D06CEC1EF0D3EC20F0E55240EF1EF0DB
:101E8A000EEC21F0E10EE66E010E4AEC21F0C2ECF6
:101E9A001FF012E10101C25106E0CCEC1EF003E191
:101EAA00A2EC1EF008D06CEC1EF0DDEC1EF0010E68
:101EBA00E66E0AEC1EF0E55240EF1EF056EC1DF0FD
:101ECA00050EE126DE6ADE6ADE6ADD6ADD52DD5271
:101EDA000EB02DD209B40BD0D880030E010161ECEB
:101EEA001FF005E2030ECD6FCE6BCF6BD06BFE0EEB
:101EFA00DB5037E10101800ED81516E0800ED415AB
:101F0A0019E1000EAAEC20F0D16DD21FD223D31F03
:101F1A00D323D41FD423D96DDA1FDA23DB1FDB23A3
:101F2A00DC1FDC2351EC1FF0800EE8151AE0800E4E
:101F3A00E41504E0A2EC1EF0E552F9D1000EB2EC71
:101F4A0020F0E16DE21FE223E31FE323E41FE42311
:101F5A00E96DEA1FEA23EB1FEB23EC1FEC2359EC94
:101F6A001FF001012A6B2B6B2C6B2D6B2E6BD9C1C9
:101F7A003FF0DAC140F0DBC141F0DCC142F0020EB1
:101F8A0099EC1EF03F500101D15D4D6E4050D2597F
:101F9A004E6E4150D3594F6E4250D459506EDDC1E6
:101FAA003FF0DEC140F0DFC141F0E0C142F0060E71
:101FBA0099EC1EF04D503F240101D16F4E50402044
:101FCA00D26F4F504120D36F50504220D46FE9C195
:101FDA003FF0EAC140F0EBC141F0ECC142F0020E21
:101FEA0099EC1EF03F500101E15D4D6E4050E259FF
:101FFA004E6E4150E3594F6E4250E459506EEDC156
:10200A003FF0EEC140F0EFC141F0F0C142F0060EE0
:10201A0099EC1EF04D503F240101E16F4E504020D3
:10202A00E26F4F504120E36F50504220E46F0101AC
:10203A002F6B09A416D0FD0EDB500DE12F892F8BD3
:10204A00CDC12BF1CEC12CF1CFC12DF1D0C12EF1D2
:10205A000101CD6B03D00101030ECD6FCE6BCF6BA7
:10206A00D06BCDC14DF0010EF4EC1EF03EE0040E33
:10207A00DB6AD90EE96E010EEA6E0101D151EE2436
:10208A004D6ED251EE204E6ED351EE204F6ED4518A
:10209A004AEC1DF002E611EC1EF01DE35BEC1DF0AC
:1020AA001CE1DD0EE96E010EEA6ED951EE244D6E89
:1020BA00DA51EE204E6EDB51EE204F6EDC514AECC7
:1020CA001DF002E611EC1EF006E35BEC1DF005E1E3
:1020DA00800EE01502E030EC1FF0040EDB5003E046
:1020EA0001012F8502D001012F81CDC14DF0020ED1
:1020FA00F4EC1EF03CE0040EDB6AB3EC1FF00101C5
:10210A00E151EE244D6EE251EE204E6EE351EE2087
:10211A004F6EE4514AEC1DF002E611EC1EF01DE38D
:10212A005BEC1DF01CE1ED0EE96E010EEA6EE95161
:10213A00EE244D6EEA51EE204E6EEB51EE204F6EBC
:10214A00EC514AEC1DF002E611EC1EF006E35BECE2
:10215A001DF005E1800EF01502E030EC1FF0040ED0
:10216A00DB5003E001012F8702D001012F83DD0E2E
:10217A00E96E010EEA6EEE500101D95DD96FEE509B
:10218A00DA59DA6FEE50DB59DB6FEE50DC59DC6F4F
:10219A00ED0EE96E010EEA6EEE50E95DE96FEE5062
:1021AA00EA59EA6FEE50EB59EB6FEE50EC59EC6FCF
:1021BA000401C60502E18D908B92D1C130F1D2C1E2
:1021CA0031F1D3C132F1D4C133F1FE0EDB5009E053
:1021DA00C9C138F1CAC139F1CBC13AF1CCC13BF11D
:1021EA0002D075EC1EF0D9C148F1DAC149F1DBC160
:1021FA004AF1DCC14BF1DDC140F1DEC141F1DFC181
:10220A0042F1E0C143F1E1C134F1E2C135F1E3C188
:10221A0036F1E4C137F1FE0EDB5006E001013C6BFA
:10222A003D6B3E6B3F6B02D07EEC1EF0E9C14CF178
:10223A00EAC14DF1EBC14EF1ECC14FF1EDC144F1F0
:10224A00EEC145F1EFC146F1F0C147F1FE0EDB5098
:10225A0003E00101070E02D00101060E296F09AA47
:10226A005AD08FEC21F0E7EC1FF012EC21F0E00ECF
:10227A004D6E8A0E6BEC1CF048C1E6FF49C1E6FFC1
:10228A004AC1E6FF4BC1E6FFE7EC1FF0DB0E4D6EDD
:10229A008A0E6BEC1CF040C1E6FF41C1E6FF42C169
:1022AA00E6FF43C1E6FFE7EC1FF096EC21F0E7EC0E
:1022BA001FF021EC21F0CC0E4D6E8A0E6BEC1CF057
:1022CA004CC1E6FF4DC1E6FF4EC1E6FF4FC1E6FF36
:1022DA00E7EC1FF0C70E4D6E8A0E6BEC1CF044C182
:1022EA00E6FF45C1E6FF46C1E6FF47C1E6FFE7EC68
:1022FA001FF0C20E4D6E8A0E6BEC1CF02FC14DF012
:10230A004E6A4F6A506A2FC1E6FF3DEC21F0E7ECB6
:10231A001FF063EC1DF009BC0AD012500F5CFDE2FD
:10232A000EB005D086EC1CF001E3106A0F2A050EE8
:10233A00E15C02E2E16AE55254EF1DF043EC20F061
:10234A00D50EE66E010E5CEC21F0E66EE50EE66E49
:10235A00010ECAEC1FF00401845101E012008BDA6D
:10236A000401845101E0120061EF1DF056EC1DF0EA
:10237A00250EE126DE6ADD6A020EDB6A030EDB6ADF
:10238A00040EDB6A050EDB6A060EDB6A070EDB6AE1
:10239A00080EDB6A090EDB6A0A0EDB6A0B0EDB6AC1
:1023AA000C0EDB6A0D0EDB6A0E0EDB6A0F0EDB6AA1
:1023BA00100EDB6A110EDB6A120EDB6A130EDB6A81
:1023CA00140EDB6A150EDB6A160EDB6A84EC0CF05F
:1023DA007FEC21F0030E65EC1CF0E66AD950020F7F
:1023EA009DEC21F0060F9DEC21F00A0F9DEC21F0E7
:1023FA000E0F9DEC21F0120F3BEC20F00101C251AF
:10240A0001E17BD0120EDB50010871E3DECF4DF003
:10241A00DDCF4EF0010E4D5C000E4E5868E38AEC9B
:10242A0021F0A80ED880EE54610EED5460E3020E3E
:10243A00DBCF40F0030EDBCF41F0040EDBCF42F0DE
:10244A00050ED1EC1EF002E600EC1EF050E3D95066
:10245A00020F38EC1EF002E61AEC1EF048E3060EF4
:10246A00DBCF40F0070EDBCF41F0080EDBCF42F0A6
:10247A00090ED1EC1EF002E600EC1EF038E3D9504A
:10248A00060F38EC1EF002E61AEC1EF030E30A0ED4
:10249A00DBCF40F00B0EDBCF41F00C0EDBCF42F06E
:1024AA000D0ED1EC1EF002E600EC1EF020E3D9502E
:1024BA000A0F38EC1EF002E61AEC1EF018E30E0EB4
:1024CA00DBCF40F00F0EDBCF41F0100EDBCF42F036
:1024DA00110ED1EC1EF002E600EC1EF008E3D95012
:1024EA000E0F38EC1EF002E61AEC1EF003E2A2EC24
:1024FA001EF04AD00401845148E10EB046D009AA20
:10250A0039D0BC0E4D6E8A0E6BEC1CF0DECF4DF04E
:10251A00DDCF4EF01BEC1DF0B30E4D6E8A0E6BEC48
:10252A001CF0D950020FF8EC20F0AA0E4D6E8A0E5C
:10253A006BEC1CF0D950060FF8EC20F09F0E4D6E94
:10254A008A0E6BEC1CF0D9500A0FF8EC20F0940EAE
:10255A004D6E8A0E6BEC1CF0D9500E0FF8EC20F081
:10256A00880E4D6E8A0E6BEC1CF0120E70EC20F089
:10257A0063EC1DF0660E4D6E8A0E6BEC1CF063EC7C
:10258A001DF0E66A9DEC29F0E552250EE15C02E2B7
:10259A00E16AE55254EF1DF0C1EC20F0010EDF6E46
:1025AA00DEEC1FF0010EE66ED90EE66E010E5CEC53
:1025BA0021F0E66EE90EE66E010E5CEC21F00101F7
:1025CA00C95D000ECA59000ECB59000ECC5904E25F
:1025DA00010EC96FCA6B09D0D880A80E69EC1FF02A
:1025EA0006E2A80EC96F610ECA6FCB6BCC6B125094
:1025FA000F5CFDE2DF040AE1F29E01013BEC1FF0F1
:10260A0003E1855101E1DF6AF28EF4D715C03FF08C
:10261A0016C040F017C041F018C042F071EC1FF02C
:10262A000101D925D56F3C50DA21D66F3D50DB2107
:10263A00D76F3E50DC21D86F19C03FF01AC040F066
:10264A001BC041F01CC042F071EC1FF00101E925EA
:10265A00E56F3C50EA21E66F3D50EB21E76F3E50B3
:10266A00EC21E86FAEEC1FF014D861EC1DF040EFDE
:10267A001EF0DEEC1FF0E66AD50EE66E010ED1EC16
:10268A001FF0E50EE66E010ECAEC1FF002D861EFEC
:10269A001DF0A6EC20F009AA1BD0600E4D6E8A0E22
:1026AA006BEC1CF0C9C1E6FFCAC1E6FFCBC1E6FF6D
:1026BA00CCC1E6FF2BEC1DF0E50E4D6E8A0E6BECDD
:1026CA001CF062EC1EF0D10E4D6E8A0E30EC21F039
:1026DA000EB0A3D0D880A80E010169EC1FF003E365
:1026EA00CCEC1EF006E1010EE66E6FEC35F0E55219
:1026FA0094D0C2EC1EF004E1C7EC1EF001E18DD0CB
:10270A00CDC12FF1FDEC1EF002E18D908B920101FB
:10271A00800ED81502E0A6EC1EF0800EE81502E045
:10272A00AEEC1EF0D50EE96E010EEA6E030EEB500A
:10273A00E819E8AE02D0E83508D0E551EE5CE6517A
:10274A00EE58E751EE58E851EE582AE393EC1DF0A3
:10275A0006EC1FF00101C7EC1EF01CE04DEC20F066
:10276A0040EC1DF056EC20F0FAEC1CF004E10101FB
:10277A00010E346F11D0A9EC1DF007E10101346993
:10278A00356936697F0E376F34D0B6EC1EF00FEC20
:10279A001FF02FD00101346B356B366B376B29D0A4
:1027AA0093EC1DF00FEC1FF00101C2EC1EF01CE0CF
:1027BA0056EC20F040EC1DF04DEC20F0FAEC1CF049
:1027CA0004E10101010E306F11D0A9EC1DF007E1FF
:1027DA0001013069316932697F0E336F0AD0B6EC74
:1027EA001EF006EC1FF005D00101306B316B326B25
:1027FA00336BBAEC20F07EEC1EF096EC1FF009AABF
:10280A0002D0D6EC1FF012500F5CFDE20EB005D0DC
:10281A0086EC1CF001E3106A0F2A040EE15C02E266
:10282A00E16AE55254EF1DF043EC20F0D90EE66E52
:10283A00010E4AEC21F0B3EC1FF00101D951EE244C
:10284A00D56FDA51EE20D66FDB51EE20D76FDC510F
:10285A00EE20D86FB3EC1FF0EE50D95DE56FEE5065
:10286A00DA59E66FEE50DB59E76FEE50DC59E86F44
:10287A0002D861EF1DF0A6EC20F00EB012D109AA21
:10288A001BD0560E4D6E8A0E6BEC1CF0C5C1E6FFCE
:10289A00C6C1E6FFC7C1E6FFC8C1E6FF2BEC1DF0C3
:1028AA00500E4D6E8A0E6BEC1CF062EC1EF04A0E56
:1028BA004D6E8A0E30EC21F00101C2510CE0C55177
:1028CA00C611C711C81105E0D880030E61EC1FF0CC
:1028DA0002E2060EB9D0CDC12FF1C2EC1EF031E1F1
:1028EA00C7EC1EF02EE10101010E296FA00E0101B5
:1028FA00C55D860EC659010EC759000EC85907E3B1
:10290A00A00EC56F860EC66F010EC76FC86BC5C114
:10291A002BF1C6C12CF1C7C12DF1C8C12EF1190E78
:10292A00446E456A466A476A18EC1FF037EC4BF06A
:10293A003BC02BF13CC02CF13DC02DF13EC02EF125
:10294A00A4D0FDEC1EF002E18D908B920101800E65
:10295A00D81502E0A6EC1EF0800EE81502E0AEECF7
:10296A001EF00A0E4D6ED70E4E6EA30E4F6E4C0E13
:10297A00506E18EC1FF000EC20F0E4EC40F075EC1F
:10298A0020F00101C2EC1EF02FE056EC20F066ECBC
:10299A001DF00FE2C25108E0C3A102D0A3EC1DF062
:1029AA00270E4D6E8A0E4BD0C96BCA6BCB6B800E4D
:1029BA00CC6FCCEC1EF00FE1C25108E0C3A102D0EB
:1029CA00A3EC1DF0040E4D6E8A0E39D0010EC96FAC
:1029DA00CA6BCB6BCC6BC9C130F1CAC131F1CBC167
:1029EA0032F1CCC133F105D00101306B316B326B5E
:1029FA00336BBAEC20F00101C7EC1EF038E04DEC65
:102A0A0020F066EC1DF00FE2C25108E0C3A102D02B
:102A1A00A3EC1DF0E10E4D6E890E11D0C96BCA6B85
:102A2A00CB6B800ECC6FCCEC1EF018E1C25111E0DA
:102A3A00C3A102D0A3EC1DF0BE0E4D6E890E6BEC45
:102A4A001CF063EC1DF0050EE66E6FEC35F0E552F6
:102A5A0028D0010EC96FCA6BCB6BCC6BC9C134F1DC
:102A6A00CAC135F1CBC136F1CCC137F105D001016C
:102A7A00346B356B366B376B7EEC1EF0010196ECCE
:102A8A001FF009AA02D0D6EC1FF009BC0AD01250D6
:102A9A000F5CFDE20EB005D086EC1CF001E3106A73
:102AAA000F2A040EE15C02E2E16AE55254EF1DF0DE
:102ABA0056EC1DF0030E68EC20F09DEC1FF065EC5F
:102ACA001CF0040184513CE1F29E050E0101855D72
:102ADA0006E0060E855D03E0070E855D03E1DE5222
:102AEA00010EDD6E0F5003E0DE52010EDD6E856BC6
:102AFA00020EDB6A200EF36E020EDBCFF4FFF350F8
:102B0A00F45C07E2020EDB505FEC1EF0020EDB2AD9
:102B1A00F1D7106A116A0F6ADF0409E1045003E170
:102B2A008D808B8204D0040402E18C828982F28E29
:102B3A006FEC21F0C3B102D063EC1DF061EC1DF023
:102B4A00030EE15C02E2E16AE55254EF1DF06CEC1F
:102B5A0020F0B9C14DF04E6A4F6A506A4DAE03D0AB
:102B6A004E684F6850684DC0E6FF3DEC21F0C4EC5A
:102B7A0020F0C3B102D063EC1DF061EF1DF056ECFA
:102B8A001DF0030E68EC20F08450040B08E1845019
:102B9A00020B05E18050400B02E1010E23D0845064
:102BAA00040B09E08450020B06E18050400B03E15C
:102BBA00020EF36E19D08450040B08E18450020B04
:102BCA0005E08050400B02E1040E0CD08450040B47
:102BDA0008E08450020B05E08050400B02E1080E29
:102BEA0001D0100EF36E020EF3CFDBFF045008E1A2
:102BFA0084B003D0020EDB50DF6E82B210D009D04F
:102C0A0004040DE183B203D0020EDB50DF6E80B202
:102C1A0006D0020EDB50E76E010EE7CFDBFFDFCFF7
:102C2A004DF04E6AF5EC1FF02BEC1DF0A3EC1DF0F5
:102C3A006FEC21F0C3B102D063EC1DF061EC1DF022
:102C4A00030EE15C02E2E16AE55254EF1DF056EC34
:102C5A001DF0020EE126DE6ADD6AB3EC21F09DEC7E
:102C6A001FF0030E65EC1CF0040184510FE1010111
:102C7A00B90504E1B8EC1FF0E66A04D0B8EC1FF01D
:102C8A00010EE66E2DEC1FF061EC1DF0020EE15C08
:102C9A0002E2E16AE55254EF1DF0A2EC20F0D7EC13
:102CAA001EF0A0EC21F045EC1FF0030F3BEC20F0E6
:102CBA0040EC1FF00401845124E1030EDB500708A5
:102CCA0002E2D7EC1EF0DF50030802E2030EDF6EC9
:102CDA00030EDB50030F0001A65D07E053EC1EF064
:102CEA00030EDB50030F0001A66F010EDBCFE6FFD8
:102CFA00020EDBCFE6FFDFCFE6FF2DEC1FF061EC23
:102D0A001DF0050EE15C02E2E16AE55254EF1DF0A6
:102D1A0056EC1DF0060EE126FE0EDB0403E129EC5B
:102D2A001EF049D0FE0EDB50020805E129EC1EF028
:102D3A00040EDB6A42D0FE0EDB50030832E129ECB6
:102D4A001EF0040EDB6AA0C09EF0A1C09FF0F29EA6
:102D5A00050EDB6A200EF36E050EDBCFF4FFF3508F
:102D6A00F45C1DE2050EDB5086EC21F0EF50020800
:102D7A0013E1050EDB50D9EC20F0EF500001A65DFF
:102D8A000BE1050EDB50ECEC20F0270EC6EC1FF031
:102D9A00A0C0EEFFA1C0EDFF050EDB2ADBD7F28E45
:102DAA000CD09EC0DEFF9FC0DDFF020EA4C0DBFF79
:102DBA00030EA5C0DBFF30EC1FF08986C2C4BEF447
:102DCA00C3C4BFF4C4C4C0F4C5C4C1F4040EDBCF89
:102DDA00E6FFFC0EDBCFE6FFFD0EDBCFE6FF020EC1
:102DEA00DBCFE6FF030EDBCFE6FFA6C0E6FFB8ECBB
:102DFA001FF0DEEC20F0060EE15C02E2E16AE55229
:102E0A0054EF1DF0A6EC20F013EC20F0E76E020E52
:102E1A00E7CFDBFF040184512DE1020EDB502AE1EA
:102E2A0082EC21F0E76E030EE7CFDBFF0401845149
:102E3A0021E1030EDB501EE109BC1AD012500F5CCF
:102E4A00FDE21050ECEC20F0DFCFEFFF1050D9EC90
:102E5A0020F0010EDBCFEFFF10502F0D17EC20F002
:102E6A00040EEF6E102A1250105C01E3106A0F2A4A
:102E7A0061EC1DF0040EE15C02E2E16AE55254EFF6
:102E8A001DF0B3EC21F0FE0E0101BA5DFF0EBB5935
:102E9A00FF0EBC59FF0EBD5905E2BA2B000EBB232B
:102EAA00BC23BD2361EF1DF0B3EC21F00101BA513F
:102EBA00BB11BC11BD1105E0BA07000EBB5BBC5BC0
:102ECA00BD5B61EF1DF056EC1DF0050EE1267FECAF
:102EDA0021F0070E65EC1CF040EC1FF0DB500BE113
:102EEA00DFCFBAF1010EDBCFBBF1020EDBCFBCF1B3
:102EFA00030EDBCFBDF161EC1DF0050EE15C02E2D1
:102F0A00E16AE55254EF1DF06CEC20F0BAC1E6FF1D
:102F1A00BBC1E6FFBCC1E6FFBDC1E6FFC4EC20F0C1
:102F2A00C3B102D09FEC1EF061EF1DF056EC1DF00C
:102F3A00020EA4EC21F013EC20F082EC21F0040143
:102F4A0084510DE1010EDB501F0803E2DE521F0E11
:102F5A00DD6E79EC1FF0DFCFEFFF61EC1DF0020EA2
:102F6A00E15C02E2E16AE55254EF1DF056EC1DF015
:102F7A00020E68EC20F082EC21F00401845116E183
:102F8A00010EDB501F0803E2DE521F0EDD6E79ECE4
:102F9A001FF0EFCF4DF04E6AF5EC1FF0C4EC20F0B5
:102FAA00C3B102D09FEC1EF061EC1DF0020EE15C91
:102FBA0002E2E16AE55254EF1DF06CEC20F0075092
:102FCA004D6E4E6A4F6A506AE66E3DEC21F0C4ECD3
:102FDA0020F0C3B102D09FEC1EF007B0079061EF5A
:102FEA001DF09DBCFED76CEC20F000C14DF001C174
:102FFA004EF01BEC1DF0A3EC1DF016C14DF017C1ED
:10300A004EF01BEC1DF00101C3B102D09FEC1EF083
:10301A0061EF1DF0C1EC20F0E4D8DF6E6CEC20F01B
:10302A000F0EDF14DF6E0101B95103E0100EDF103D
:10303A00DF6E07A003D0200EDF10DF6E040194516B
:10304A0004E0400EDF10DF6E946B0EA003D0800EFA
:10305A00DF10DF6E020EE66EDFCF4DF04E6AF5EC42
:10306A001FF065EC46F0516E050EE15E51509FEC83
:10307A001EF007B0079040EF1EF0A2EC20F0030EFE
:10308A00DB6AA0EC21F040EC1FF045EC1FF0030FC7
:10309A003BEC20F00401845101E09CD0D6EC1DF0F9
:1030AA00FF0ED880EE54030EED5405E2010EDB68E4
:1030BA00030EBDEC1FF0DF50010802E2010EDF6EC5
:1030CA00030EDB50010802E2D7EC1EF0DF0409E12F
:1030DA00040EDB50030805E10101BF6B020EC06F4D
:1030EA0006D0010EDBCFBFF1020EDBCFC0F1CAB4AE
:1030FA0015D0CB68FC0ECA140009CA6E9D920F0146
:10310A0052815293F00EBA140C09BA6E3F0EBA14D9
:10311A000009BA6E0E010E0ECC6FCA84030EDB5084
:10312A002AE1DF5023E0BFC14DF0C0C14EF0D89074
:10313A004E324D32D8904E324D324D50BB6EBFC1D9
:10314A004FF0C0C150F0040ED8904F365036E80404
:10315A00FBE1300E4F16000E5016CF0EBA140001C6
:10316A004F104D6E50C04EF0E85003D0BB6ACF0EE0
:10317A00BA14BA6E2DD009BC2BD012500F5CFDE2E6
:10318A001050ECEC20F02C0EC6EC1FF0BFC1EEFF85
:10319A00C0C1EDFF10502F0D90EC1DF0EE52EE6AFB
:1031AA00EE6AEE6AEE6A10502F0D90EC1DF0050ED5
:1031BA00C6EC1FF0DFCFEFFF10502F0D17EC20F0F9
:1031CA00030EEF6E102A1250105C01E3106A0F2AE8
:1031DA0061EC1DF0050EE15C02E2E16AE55254EF92
:1031EA001DF056EC1DF0040E34EC1EF0030EDB6AE3
:1031FA00F29E01013BEC1FF002E0010EDF6E8551E9
:10320A0002E0010EDF6E0F5006E0010EDF6EF36E74
:10321A00030EF3CFDBFFDF5006E0EFEC1EF003E016
:10322A00DE52010EDD6EDF5006E036EC1FF003E0E1
:10323A00010EBDEC1FF0F28E030EDBCFE6FF020E8D
:10324A00DB50E8244E6E010EDB50040DF3CF4DF037
:10325A00DF50080DF3504D104E10E552E7104D6E39
:10326A00040EE15C02E2E16AE552E16E4D50F0EFD4
:10327A0020F0A2EC20F0030EDB6AB3DF40EC1FF073
:10328A00010EE66EE66E81EC29F0E552E552040E77
:10329A00DBA002D0D7EC1EF0040EDBA203D0010E95
:1032AA00BDEC1FF0040EDBA403D0DE52010EDD6E6E
:1032BA00040EDBA602D0010EDF6EDFCF4DF04E6AA0
:1032CA001BEC1DF0A3EC1DF0010E70EC20F0A3EC3A
:1032DA001DF0020E70EC20F0A3EC1DF0030E70EC52
:1032EA0020F063EC1DF0050EE15C02E2E16AE552B2
:1032FA0054EF1DF056EC1DF0080EE1266CEC20F0A0
:10330A00F29E15C0DFFF010E16C0DBFF020E17C0CA
:10331A00DBFF030E18C0DBFF040E19C0DBFF050E2E
:10332A001AC0DBFF060E1BC0DBFF070E1CC0DBFF4B
:10333A00F28ED9CFE9FF30EC1DF0A3EC1DF0D95085
:10334A00040FF8EC20F00101C3B102D063EC1DF0C8
:10335A0061EC1DF0080EE15C02E2E16AE55254EF0D
:10336A001DF0F29E42EC1EF0F28E1200B3EC21F038
:10337A00F8DF61EF1DF0A6EC20F000C3DFFF2BDBC6
:10338A0002E05DDBFEE101C351F095DA02E057DBB2
:10339A00FEE102C351F08FDA02E051DBFEE103C322
:1033AA0051F09FDA04E3ADA2FED761DB03D0ADA2F0
:1033BA00FED70CDBBAEC1DF004E3ADA2FED757DB57
:1033CA0003D0ADA2FED702DBBEEC1DF004E3ADA232
:1033DA00FED74DDB03D0ADA2FED7F8DAC2EC1DF062
:1033EA0004E3ADA2FED743DB03D0ADA2FED7EEDAEB
:1033FA00C6EC1DF004E3ADA2FED739DB03D0ADA2C3
:10340A00FED7E4DACAEC1DF004E3ADA2FED72FDB47
:10341A0003D0ADA2FED7DADACEEC1DF004E3ADA2FA
:10342A00FED725DB03D0ADA2FED7D0DAD2EC1DF051
:10343A0004E3ADA2FED71BDB03D0ADA2FED7C6DAEA
:10344A00AE6E000E04C3DFFFC6DA02E0F8DAFEE170
:10345A0005C351F030DA02E0F2DAFEE106C351F0B8
:10346A002ADA02E0ECDAFEE107C351F03ADA04E3C1
:10347A00ADA2FED7FCDA03D0ADA2FED7A7DA75DB80
:10348A0004E3ADA2FED7F3DA03D0ADA2FED79EDAEB
:10349A0070DB04E3ADA2FED7EADA03D0ADA2FED711
:1034AA0095DA6BDB04E3ADA2FED7E1DA03D0ADA275
:1034BA00FED78CDA66DB04E3ADA2FED7D8DA03D0F6
:1034CA00ADA2FED783DA61DB04E3ADA2FED7CFDA81
:1034DA0003D0ADA2FED77ADA5CDB04E3ADA2FED755
:1034EA00C6DA03D0ADA2FED771DA57DB04E3ADA288
:1034FA00FED7BDDA03D0ADA2FED768DAAE6E000EF3
:10350A0008C3DFFF68DA02E09ADAFEE109C351F084
:10351A00D2D902E094DAFEE10AC351F0CCD902E032
:10352A008EDAFEE10BC351F0DCD904E3ADA2FED77B
:10353A009EDA03D0ADA2FED749DA17DB04E3ADA2C7
:10354A00FED795DA03D0ADA2FED740DA12DB04E348
:10355A00ADA2FED78CDA03D0ADA2FED737DA0DDBE7
:10356A0004E3ADA2FED783DA03D0ADA2FED72EDAEA
:10357A0008DB04E3ADA2FED77ADA03D0ADA2FED708
:10358A0025DA03DB04E3ADA2FED771DA03D0ADA2DC
:10359A00FED71CDAFEDA04E3ADA2FED768DA03D05E
:1035AA00ADA2FED713DAF9DA04E3ADA2FED75FDAE9
:1035BA0003D0ADA2FED70ADAAE6E000E0CC3DFFF4F
:1035CA000ADA02E03CDAFEE10DC351F074D902E0F6
:1035DA0036DAFEE10EC351F06ED902E030DAFEE1CE
:1035EA000FC351F07ED904E3ADA2FED740DA03D06F
:1035FA00ADA2FED7EBD9B9DA04E3ADA2FED737DA2A
:10360A0003D0ADA2FED7E2D9B4DA04E3ADA2FED765
:10361A002EDA03D0ADA2FED7D9D9AFDA04E3ADA230
:10362A00FED725DA03D0ADA2FED7D0D9AADA04E3B1
:10363A00ADA2FED71CDA03D0ADA2FED7C7D9A5DA50
:10364A0004E3ADA2FED713DA03D0ADA2FED7BED9EA
:10365A00A0DA04E3ADA2FED70ADA03D0ADA2FED700
:10366A00B5D99BDA04E3ADA2FED701DA03D0ADA245
:10367A00FED7ACD9AE6E000E10C3DFFFACD902E0A4
:10368A00DED9FEE111C351F016D902E0D8D9FEE124
:10369A0012C351F010D902E0D2D9FEE113C351F09E
:1036AA0020D904E3ADA2FED7E2D903D0ADA2FED75A
:1036BA008DD95BDA04E3ADA2FED7D9D903D0ADA286
:1036CA00FED784D956DA04E3ADA2FED7D0D903D007
:1036DA00ADA2FED77BD951DA04E3ADA2FED7C7D992
:1036EA0003D0ADA2FED772D94CDA04E3ADA2FED75D
:1036FA00BED903D0ADA2FED769D947DA04E3ADA299
:10370A00FED7B5D903D0ADA2FED760D942DA04E319
:10371A00ADA2FED7ACD903D0ADA2FED757D93DDAB8
:10372A0004E3ADA2FED7A3D903D0ADA2FED74ED9EA
:10373A00AE6E000E14C3DFFF4ED902E080D9FEE15F
:10374A0015C351F0B8D802E07AD9FEE116C351F098
:10375A00B2D802E074D9FEE117C351F0C2D804E32B
:10376A00ADA2FED784D903D0ADA2FED72FD9FDD9F9
:10377A0004E3ADA2FED77BD903D0ADA2FED726D9EA
:10378A00F8D904E3ADA2FED772D903D0ADA2FED711
:10379A001DD9F3D904E3ADA2FED769D903D0ADA2EE
:1037AA00FED714D9EED904E3ADA2FED760D903D06F
:1037BA00ADA2FED70BD9E9D904E3ADA2FED757D9FA
:1037CA0003D0ADA2FED702D9E4D904E3ADA2FED755
:1037DA004ED903D0ADA2FED7F9D8DFD904E3ADA202
:1037EA00FED745D903D0ADA2FED7F0D8AE6E000EF3
:1037FA0018C3DFFFF0D802E022D9FEE119C351F065
:10380A005AD802E01CD9FEE11AC351F054D802E09A
:10381A0016D9FEE11BC351F064D804E3ADA2FED76A
:10382A0026D903D0ADA2FED7D1D89FD904E3ADA241
:10383A00FED71DD903D0ADA2FED7C8D89AD904E3C2
:10384A00ADA2FED714D903D0ADA2FED7BFD895D961
:10385A0004E3ADA2FED70BD903D0ADA2FED7B6D8EA
:10386A0090D904E3ADA2FED702D903D0ADA2FED708
:10387A00ADD88BD904E3ADA2FED7F9D803D0ADA257
:10388A00FED7A4D886D904E3ADA2FED7F0D803D0D8
:10389A00ADA2FED79BD881D904E3ADA2FED7E7D863
:1038AA0003D0ADA2FED792D8AE6E040EE15C02E25E
:1038BA00E16AE552F4D0BDDB89DB080E1F0B12006A
:1038CA00E66EF3EC32F0E55262EF21F04E6E4F6A8B
:1038DA004DC0E6FFE66E4FC0E6FF48EC46F062EFE9
:1038EA0021F0A7DBDFCF80F1010EDBCF81F1020EE1
:1038FA00DBCF82F1030EDBCF83F1010183390F0B9A
:10390A00B9D3105086EC21F029C1EEFF2AC1EEFF8F
:10391A002BC1EEFF2CC1EEFF2DC1EEFF2EC1EEFF33
:10392A002FC1EEFF30C1EEFF31C1EEFF32C1EEFF13
:10393A0033C1EEFF34C1EEFF35C1EEFF36C1EEFFF3
:10394A0037C1EEFF38C1EEFF39C1EEFF3AC1EEFFD3
:10395A003BC1EEFF3CC1EEFF3DC1EEFF3EC1EEFFB3
:10396A003FC1EEFF40C1EEFF41C1EEFF42C1EEFF93
:10397A0043C1EEFF44C1EEFF45C1EEFF46C1EEFF73
:10398A0047C1EEFF48C1EEFF49C1EEFF4AC1EEFF53
:10399A004BC1EEFF4CC1EEFF4DC1EEFF4EC1EEFF33
:1039AA004FC1EEFF50C1EEFF51C1EEFF52C1EEFF13
:1039BA0053C1EEFF54C1EEFF55C1EEFF56C1EEFFF3
:1039CA0057C1EEFF102A1250105C1200410E01017D
:1039DA008425F60F1200010EDB6A020EDB6A030E63
:1039EA00DB6AF4DA080E1F0B1200CBEC40F062DB44
:1039FA002DDB50C048F0E4EC40F096DBAC0E4D6E87
:103A0A00C50E4E6EA70E4F6E470E506E1FDB486EE8
:103A1A0037EC41F089DBDADA456A466A800E476E8E
:103A2A003F0E6EDB18EC42F0010A1200D9DAE7EF1A
:103A3A001FF0E66A81EC29F0E552E5521200D890AF
:103A4A004D364E364F365036E80612009FEC46F099
:103A5A00E55262EF21F0DACFEAFFEECFE6FFEECFD2
:103A6A00E6FFEECFE6FFEFCFE6FFE7EF1FF0300EFF
:103A7A00010184251200CBEC40F01CDB76EC21F02E
:103A8A00BADA37EC41F075EF20F0EE20506E50ECC8
:103A9A0021F08AEC21F0D890EB50000A1200E16E76
:103AAA009AD3D9CFE6FFE1CFD9FF12008FDA4D5072
:103ABA004E104F1050101200E66A91D3020EE66EB5
:103ACA008ED3CBEC40F0000EDFCF45F0010EDBCFFA
:103ADA0046F0020EDBCF47F0030EDBCF48F037EC9F
:103AEA0041F0D8EC41F03FC0C9F140C0CAF141C031
:103AFA00CBF142C0CCF1D880000E01013F54000E38
:103B0A004054000E4154800E42541200E66E000EDC
:103B1A00DA20E66E120086DAEE521200E2DBC9EC17
:103B2A0040F0C8DAAC0E456EC50E466EA70E476E5B
:103B3A00470E486E37EC41F0D8EF41F02C0EE66E96
:103B4A00DFEC25F0E552120041DA456A466A476A17
:103B5A004F0ED6DA0FEC42F0010A12000A50E96E53
:103B6A00EA6AD890E936EA361200AE6E0F0E83156D
:103B7A0081D2AE6E82390F0B7DD2AE6E0F0E8215D8
:103B8A0079D2AE6E81390F0B75D2AE6E0F0E8115DA
:103B9A0071D2AE6E80390F0B6DD2AE6E0F0E8015DC
:103BAA0069D2D950010FE96EDACFEAFF12009C51AF
:103BBA00A4279D51A5239E51A6239F51A723A45113
:103BCA008C27A5518D23A6518E23A7518F2387EFCA
:103BDA0020F0A051A827A151A923A251AA23A35199
:103BEA00AB23A8519027A9519123AA519223AB51F3
:103BFA00932390EF20F0D880000E4054800E415459
:103C0A00000E4254000E4354120063EC0FF0E552CA
:103C1A00E552E66A9DEF29F0000EEE5C000EEE58C2
:103C2A00000EEE58000EEE581200000EEE5C800EEA
:103C3A00EE58FF0EEE58FF0EEE581200E66AD9CF84
:103C4A00E6FFDACFE6FF1200A0C0DEFFA1C0DDFF6B
:103C5A00020EA2C0DBFF030EA3C0DBFF12006FDB64
:103C6A00020EDB6A1200E96EDACFEAFFD880030E91
:103C7A00EB50FF0A1200E552AED2156A166A176AAD
:103C8A00186A196A1A6A1B6A1C6A1D6A1E6A1F6AFE
:103C9A00206A216A226A236A246A1200E66A000EEE
:103CAA00E66EE66AE66EE66AA6C0E6FFE66EE66AD3
:103CBA00DEEF20F026DBEF6A1200D5C1E6FFD6C19F
:103CCA00E6FFD7C1E6FFD8C1E6FFE7EF1FF0D56BE5
:103CDA00D66BD76BD86BE56BE66BE76BE86B1200BC
:103CEA00D5C138F1D6C139F1D7C13AF1D8C13BF1C2
:103CFA001200E5C13CF1E6C13DF1E7C13EF1E8C180
:103D0A003FF1120030C1E6FF31C1E6FF32C1E6FFE2
:103D1A0033C1E6FF120034C1E6FF35C1E6FF36C102
:103D2A00E6FF37C1E6FF1200446E456A466A476AF3
:103D3A00A4EF41F0010EE66E52D2060EE66E6FEF68
:103D4A0035F0800E01012A112A6F000E0101AAEF37
:103D5A0020F0200E01012A112A6F000E0101B2EF94
:103D6A0020F0DECF40F0DECF41F0DECF42F0DDCFF3
:103D7A0043F0DD52DD52D8EF41F0D551D611D711BB
:103D8A00D8111200E551E611E711E8111200C951E4
:103D9A00CA11CB11CC111200DBCF43F04334000E11
:103DAA0043181200010EF36E030EF3CFDBFF12006D
:103DBA00DD6BDE6BDF6BE06BED6BEE6BEF6BF06B6D
:103DCA00DFCFE6FF12000A50EA6A710FE96E000EB1
:103DDA00EA221200945195119611971112004D166C
:103DEA004E6A4F6A506A4D504E104F1050101200D2
:103DFA0001012B6B2C6B2D6B2E6B2A6B0401C605F4
:103E0A0012003FC030F140C031F141C032F142C02E
:103E1A0033F112003FC034F140C035F141C036F1F0
:103E2A0042C037F11200C5C13FF0C6C140F0C7C158
:103E3A0041F0C8C142F01200252A000E262227228C
:103E4A00282212009407000E955B965B975B12007E
:103E5A008DEC16F032D2010EF36E040EF3CFDBFFB7
:103E6A001200985199119A119B11120087518811C9
:103E7A0089118A111200E76E040EE7CFDBFF1200E8
:103E8A00010EE66ED9501200046E96809482958CCB
:103E9A00958E9588958A1200DD6DDE1FDE23DF1F61
:103EAA00DF23E01FE0231200ED6DEE1FEE23EF1F6C
:103EBA00EF23F01FF0231200CD55000ECE55000E51
:103ECA00CF55000ED0551200C955610ECA55000EC5
:103EDA00CB55000ECC5512004468456846684768C1
:103EEA0037EC4BF03B501200010EDB50EA6A580FD8
:103EFA00E96E010EEA22120086899807000E995B84
:103F0A009A5B9B5B1200F36E010EF3CFDBFF020E8E
:103F1A00DB6A1200010EDBCFA2F0020EDBCFA3F0A8
:103F2A0012004C6B4D6B4E6B4F6B050E296F1200D6
:103F3A00010EE66ED9CFE6FFDACFE6FF1200610E78
:103F4A00E926000EEA221200C96BCA6BCB6BCC6B56
:103F5A001200CD6BCE6BCF6BD06B1200E90EE96EFF
:103F6A00010EEA6E1200DECFE6FFDDCFE6FF120099
:103F7A00F36E020EF3CFDBFF1200DF6E04018451F1
:103F8A001200E926000EEA22120091D9E66ECD0E41
:103F9A00E66E010EA9EF21F0E66E060E91DCE66AE6
:103FAA001200B8D953DD39D9BCD950DD45D963EFF0
:103FBA001DF084EC0CF0D2D9E66AC90EE66E010E49
:103FCA00A9EF21F0BBEC46F0E55277D19ED9EECFAE
:103FDA004DF0EECF4EF0EECF4FF0EFCF50F0120093
:103FEA004F6A506A4DC0E6FF3DEF21F08FDD060EA5
:103FFA0067DCE66A1200C9EC40F040C051F041C0EB
:10400A0052F042C053F043C054F040C045F041C0A2
:10401A0046F042C047F043C048F053D16BD9010E75
:10402A0065EF1CF0FA51F324E96EFB51F420EA6EB5
:10403A001200526A536A546A51504D1252504E122B
:10404A0053504F125450501250EF21F05ED9EECF18
:10405A0040F0EECF41F0EECF42F0EFCF43F04DC04B
:10406A0045F04EC046F04FC047F012004FDD010E3A
:10407A0065EF1CF0846FE8500908120084EC0CF01C
:10408A006DD9E66AC50EE66E010E5ED9E66A1200C1
:10409A00E5C13FF0E6C140F0E7C141F0E8C142F0B6
:1040AA001200D5C13FF0D6C140F0D7C141F0D8C106
:1040BA0042F0120040C04DF041C04EF042C04FF0F5
:1040CA0043C050F012003BD9E66E1EEF1DF0010E00
:1040DA00E66E1EEF1DF0DBCF4DF04E6A1BEF1DF0B2
:1040EA0040C0DEFF41C0DEFF42C0DEFF43C0DDFF4D
:1040FA00DD52DD521200010F09DD030E65EF1CF0DF
:10410A00486EDFD08C511D268D511E228E511F22E2
:10411A008F51202212009051212691512222925130
:10412A00232293512422120043C0EDFF42C0EDFF27
:10413A0041C0EDFF40C0EFFF1200B3DC050E34EFC3
:10414A001EF0AFDC040EE1261200D56DD61FD62371
:10415A00D71FD723D81FD8231200E56DE61FE62301
:10416A00E71FE723E81FE8231200BADD0101486BC5
:10417A00496B4A6B4B6B120094DCE652120066DC08
:10418A0001011200EBDC890EE926000EEA22120078
:10419A00E5DC790EE926000EEA221200DFCFE6FFFF
:1041AA00010EE66E0AEF1EF02F0DB5DC260EC6EFE5
:1041BA001FF05FEC3FF04D6E080EE15E4D501200AD
:1041CA00CDDCA4EF1FF0EDDCEE50ED1012002F0D48
:1041DA00050190EF1DF0E552E7CFD9FF12009DECE3
:1041EA0029F0E5521200E96E30EF1DF0C5DF84ECCC
:1041FA000CF0B4D8ADD8D50EE66E010ECDDEB7D030
:10420A00DD0EE66E010EC8DEE10EE66E010ED1EF9E
:10421A001FF0B2DFCEDE9CD8AAD0E50E4D6E8A0E14
:10422A006BEC1CF038C1E6FF39C1E6FF3AC1E6FF84
:10423A003BC1E6FF2BEF1DF0D10E4D6E8A0E6BECE3
:10424A001CF03CC1E6FF3DC1E6FF3EC1E6FF3FC1AF
:10425A00E6FF2BEF1DF06BEC1CF0E5C1E6FFE6C1B3
:10426A00E6FFE7C1E6FFE8C1E6FFACDE63EF1DF05B
:10427A004EC0E6FF4FC0E6FF50C0E6FF1200E90E4F
:10428A00E66E010E89DEB6EF21F086DEE90EE66EF5
:10429A00010ECAEF1FF04DC0DFFF010E4EC0DBFF5B
:1042AA00020E4FC0DBFF030E50C0DBFF1200E66EAA
:1042BA00060E65EC1CF0010E1200E552E552E552BD
:1042CA0012004DC040F04EC041F04FC042F050C005
:1042DA0043F01200010EDBCF4DF04E6A81DEC4EFCF
:1042EA0020F0C9C13FF0CAC140F0CBC141F0CCC1F6
:1042FA0042F0120033D823EF1EF0C2DD010F3BEF6C
:10430A0020F02F0D050117EF20F0D9CFE9FFDACF02
:10431A00EAFF1200EA0E4D6E8A0E6BEC1CF087EF74
:10432A001EF0D60E4D6E8A0E6BEC1CF090EF1EF04E
:10433A005DDED950120072DEA3DD80EF20F0E126A7
:10434A00DF6A010EDB6A1200E66E070E65EF1CF0EB
:10435A00E66AD10EE66E010ED1EF1FF0E66A1EEF95
:10436A001DF0ED0EE66E010E10DEC2EF1FF0D90E43
:10437A00E66E010ED1EF1FF0D8CFE4FFE0CFE4FFE5
:10438A00E46EDACFE4FFE9CFE4FFEACFE4FFF3CF4C
:10439A00E4FFF4CFE4FFE65225EC37F0A4A645D1BA
:1043AA00A4960001602B00019B510001605D01E2AF
:1043BA009FD0606B00015EEC36F0EF6A79907B6A01
:1043CA007A6A0001992B00019A510001995D01E373
:1043DA00996BC1EC37F0EA22EE50ED1001E188D07A
:1043EA00ADEC37F0EECF57F0EFCF58F057505518E5
:1043FA0002E1585056185FE009B2898608EC37F096
:10440A00EA22EE50ED1051E0ADEC37F00401EE5027
:10441A00555CCF6FEE505658D06FE83422E2CF5138
:10442A000008000ED0551DE2000108EC37F0C9EC77
:10443A0035F004015650D019E8AE02D0D03504D078
:10444A00CF51555CD05156580AE2000108EC37F0BA
:10445A00D9EC36F05550EE265650ED222CD00001FC
:10446A0024D0CFC455F0D0C456F0556C561E000E59
:10447A005622000108EC37F0EA22EECF57F0EFCFD0
:10448A0058F058505618E8AE02D0563404D0555059
:10449A00575C5650585809E208EC37F0D9EC36F018
:1044AA005550EE5E5650ED5A06D0ADEC37F055C079
:1044BA00EEFF56C0EDFF5EEC36F0120EEF6EF29E86
:1044CA0000014FEC37F056C055F0566A5550B66E9B
:1044DA004FEC37F05550B56EF00EB4140009B46EB7
:1044EA00F00EB4140909B46E7980F28E09B2899675
:1044FA000401000ED8807A55000E7B552EE2882BD7
:10450A00000E89237A51885D7B51895926E3886B8D
:10451A00896B030E7E5D1FE27C51EA6A200FE96E09
:10452A00010EEA2280CFEFFF7C51EA6A230FE96E7F
:10453A00010EEA2281CFEFFF7C51EA6A260FE96E6B
:10454A00010EEA2282CFEFFF7C2B030E7C5D01E392
:10455A007C6B7E2B02D07A6B7B6B000ED8807F55EA
:10456A00000E80551CE2000ED8808E55000E8F5525
:10457A0016E28A2B000E8B237F518A5D80518B595C
:10458A000EE38A6B8B6B030E835D07E2812B030EAE
:10459A00815D01E3816B832B02D07F6B806B8E512F
:1045AA008F110BE0050E8D5D07E3C18C9E9C9D8CDF
:1045BA00C280C2828D6B01D08D2B0101BE5101E0F8
:1045CA00BE070401BE51BF11C011C1110BE0BE07E5
:1045DA00000EBF5BC05BC15BBE51BF11C011C111F0
:1045EA0001E18996020E955D20E1985199111DE02D
:1045FA009807000E995B9851991117E19A519B11EE
:10460A0014E09A07000E9B5B9A519B110AE1045031
:10461A0003E18D808B8202D08C828982030E956F92
:10462A0004D0E80E986F030E996F9EAC4FD09E9CF3
:10463A00C1AC07D0C19C010E0401906F916B8C6BC9
:10464A002AD0C450576E586E576AC350000157108B
:10465A00556E58C056F004018C51E96EEA6A1EEC98
:10466A0037F0EA2255C0EEFF56C0EDFF0B0E8C5D07
:10467A000EE18C51E96EEA6A1EEC37F0C9EC35F0AE
:10468A009251555C9351565802E2010E946FD8909C
:10469A00903791378C2B100E8C5D0EE290518E154F
:1046AA00556E91518F15566E5550561005E18C2B4B
:1046BA00D89090379137EFD7100E8C5D02E39D9C0E
:1046CA0005D08C51040DF328C26EC282E552E55220
:1046DA00E7CFD9FFE552E5CFF4FFE5CFF3FFE5CF0A
:1046EA00EAFFE5CFE9FFE5CFDAFFE550E5CFE0FFE6
:1046FA00E5CFD8FF1000D9CFE6FFE1CFD9FF020EF0
:10470A00E126DE6ADD6AE2CFD1F4E1CFD2F4D1C488
:10471A004DF04DC04EF04D6A0401D25104014D10C6
:10472A00D36F4EC0D4F4D3C4DEFFD4C4DDFF080E69
:10473A00DE26000EDD22D9CFE9FFDACFEAFFBF0E6F
:10474A00D880EE540E0EED540BE3DECFE9FFDDCF39
:10475A00EAFFEE0EEF6EDF2A010E01E3DB2AEBD74A
:10476A00020EE15C02E2E16AE552E16EE552E7CF50
:10477A00D9FF1200CAEC37F0BF0EF36E010EF3CF69
:10478A00DBFF0E0EF36E020EF3CFDBFFF28C010E8F
:10479A00DBCFE9FF020EDBCFEAFFEF50EE0806E1BE
:1047AA00010EDB06020EF3E2DB06F1D7A1EC36F0CE
:1047BA0004014D50CD5D4E50CE5906E2010EDBCFBD
:1047CA00CDF4020EDBCFCEF4F28C030EE15C02E2F2
:1047DA00E16AE552E16E9DEF35F0CEEC37F0896A79
:1047EA00926804018E6B8F6B8A6A93688B6A9468ED
:1047FA008C968C9495969594928E010EBD6F846BCF
:10480A00826B816B836B7D6B7C6B7E6B7A6B7B6B54
:10481A007F6B806B886B896B8A6B8B6B8C6B7682F8
:10482A007680769C769A76887696FA0E776EDE6A27
:10483A00DD6A59EC36F0100E4D5C000E4E5813E24C
:10484A006CEC36F0010ED890E936EA36E806FBE160
:10485A00000EE926010EEA22EE6AED6ADF2A010E4F
:10486A00E8E3DB2AE6D70401B76BB86BB56BB66B26
:10487A00DE6ADD6A6AEC37F00AE26CEC36F0000EAA
:10488A00E926020ECBEC36F0F5E3DB2AF3D7DE6A33
:10489A00DD6A6AEC37F00AE26CEC36F0400EE92683
:1048AA00020ECBEC36F0F5E3DB2AF3D7DE6ADD6ADB
:1048BA0059EC36F0000E4D5C010E4E580AE26CECD3
:1048CA0036F0000EE926030ECBEC36F0F1E3DB2AD4
:1048DA00EFD70401B96BBA6BBB6BBC6B856B866B8C
:1048EA00876B0F01498FBE0EC16ED08E7694A38658
:1048FA00A596AEEC0CF090EC3EF0768416EC32F015
:10490A000401C96BCA6BCB6BCC6B0E6ABE6BBF6BF7
:10491A00C06BC16B600EC26FEA0EC36FC46BC56B0E
:10492A00010EC66FCD6BCE6B926B936B966B976BCA
:10493A00986B996B9A6B9B6B956B946BF28EF28C5E
:10494A00020EE15C02E2E16AE552E16E9DEF35F0AA
:10495A00040184513EE0010E0101C31507E0050E72
:10496A000401845D03E02C0EB0EC35F0040184519F
:10497A00080A26E00F0A20E0010A1AE0030A25E0E5
:10498A00010A12E0070A0CE0010A06E0030A1DE127
:10499A00760E4D6E8C0E17D05C0E4D6E8C0E13D0AB
:1049AA00420E4D6E8C0E0FD0250E4D6E8C0E0BD016
:1049BA00050E4D6E8C0E07D0ED0E4D6E8B0E03D08C
:1049CA00C50E4D6E8B0E77EC35F0A1EC35F0040177
:1049DA00846B12000401CA511DE0010E0E1414E08A
:1049EA00CB5112E1A60E4D6E8B0E77EC35F0020E0E
:1049FA00E66EC9C44DF04E6AA4EC35F0A1EC35F070
:104A0A000401010ECB6F1200010E0E1403E1CB510B
:104A1A0001E0CB6B120091EC35F0050EE126A8EC13
:104A2A0036F0A5EC34F004017E5100080AE291EC5C
:104A3A002EF004017D2B030E7D5D01E17D6B7E0767
:104A4A00F2D7835100080AE2B0EC2EF00401822B5F
:104A5A00030E825D01E1826B8307F3D7200E050105
:104A6A00E76EBC19E8AE02D0E73402D0E750BC5D6D
:104A7A0001E298D06550020B01E094D0400EE66E38
:104A8A00400EE66E020EE66E89EC43F0D5EC37F086
:104A9A00E76E020EE7CFDBFFDB50000801E381D0AF
:104AAA00030EDB6A020EDB50F36E030E71EC36F076
:104ABA0001E377D0030EDB50EA6A400FE96E020E7B
:104ACA00EA22040EEFCFDBFF09A805D0DBCFE6FF11
:104ADA00D9EC4BF0E5520401EC5160E1E75123E1D6
:104AEA000D0E4D6E040EDB504D5C06E00A0E4E6E46
:104AFA00040EDB504E5C17E1010EE76F04018BECEC
:104B0A0036F00D0EEF6EB72B09B08B80F5D809B0D1
:104B1A008B900401B76BB86B0401010EEB6F18DFC1
:104B2A0059DF79D82BD0040EDB5008080EE10401B6
:104B3A00B75100080AE2B7078BEC36F0EF6AA30E0A
:104B4A004D6E8B0E77EC35F019D0040EDB500D0844
:104B5A0015E0040EDB500A0811E0200EF36E040E75
:104B6A0071EC36F00BE304018BEC36F0040EDBCF6C
:104B7A00EFFF0401E76BEB6B0401B72B0401B7519C
:104B8A004D6E4E6A000E4D1809E1010E4E1806E1EF
:104B9A00030E06EC36F00401B76BB86B030EDB2A82
:104BAA0081D739D8050EE15C02E2E16AE552E16E8D
:104BBA009DEF35F025EC37F0B5C4DFFFDF2A400E54
:104BCA00D3EC35F001E1DF6A0401B651DF5C01E1A3
:104BDA0022D80401B551EA6A000FE96E020EEA22F0
:104BEA00FE0EDBCFEFFFB52B400EB55D01E1B56BD5
:104BFA00B651B55D03E1020E06EC36F0FE0EDBCFD0
:104C0A004DF04E6A4DBE4E684DC0F3FF4EC0F4FFE4
:104C1A00E5529DEF35F025EC37F00401B551B65D4C
:104C2A001DE00501A45105E015EC44F057EC38F0FD
:104C3A00F8D70401B651D880B55507E2B651B55D2B
:104C4A000FEC36F0B5C4B6F407D0400ED880B6558E
:104C5A000FEC36F00401B66B15EC44F0E5529DEF0B
:104C6A0035F0CEEC37F0040189EC35F0AFEC36F0D4
:104C7A00F3CFC7F40401B2EC35F004E1010E4E188B
:104C8A0001E1B86BC751DE6EDD6A89EC35F02C089C
:104C9A0025E089EC35F00D0821E089EC35F00A08A9
:104CAA001DE089EC35F0AFEC36F0F3CFC8F404011F
:104CBA00B2EC35F004E1010E4E1801E1B86BC7C43D
:104CCA004FF0C7C450F04F6AC85100014F244D6ECF
:104CDA00000E50204E6E4DC0DEFFDD6E59EC36F0F0
:104CEA004DC0F3FF4EC0F4FF020EE15C02E2E16A3E
:104CFA00E552E16E9DEF35F091EC35F0090EE126B3
:104D0A00DE6ADD6A020EDB6A030EDB6A050EDB6A07
:104D1A00010EF36E060EF3CFDBFF0401C76BC86BFF
:104D2A00CC5101E191D0060EDB6A040EB7C4DBFF59
:104D3A00DB5003E0040EDB0602D0040EDB68040E2F
:104D4A0049EC36F0EF502C0816E0050EF36EDBCF77
:104D5A00F4FFE850F45C0FE2040EDB50B85D0BE0A0
:104D6A00040EDB5003E0040EDB0602D0040EDB68FF
:104D7A00050EDB2AE4D7040E49EC36F0EF502C0876
:104D8A005DE1070EB8C4DBFF040EDBCFB8F4E66AB8
:104D9A00D950020FD5EC36F0070EDBCFB8F4080E67
:104DAA00B8C4DBFF040EDB50F36E080EDB50F35C75
:104DBA0018E0080E49EC36F0030EDBCFE7FFEF50A0
:104DCA00E726030EE7CFDBFF080EDB2ADB504D6E2A
:104DDA004E6AE850E7E1010E4E18E4E1080EDB6A7C
:104DEA00E1D7030EDB1C010FE76E030EE7CFDBFFF3
:104DFA00020EDB50F36E030EDB50F35C0BE1010E87
:104E0A00F36E060EF3CFDBFF040E49EC36F00D0EFF
:104E1A00EF6E1AD00101C3A103D023DF2EEC36F0C6
:104E2A007D0E4D6E8B0E77EC35F0030E87EC36F067
:104E3A00F9EC36F0050E06EC36F056D212DFECEC41
:104E4A0036F0080E06EC36F0060EDB5001E14AD2C7
:104E5A0008DFF3CFDEFFF4CFDDFF000EDFCF41F036
:104E6A00010EDBCF42F0520E411802E1540E4218F5
:104E7A0001E1F0D1550E411802E1510E421801E14B
:104E8A00E7D14D0E411802E1480E421801E1DDD189
:104E9A00520E411802E1530E421801E1D3D1520ECB
:104EAA00411802E1510E421801E1C9D1420E4118DE
:104EBA0002E1520E421801E1BFD1540E411802E13B
:104ECA00510E421801E1B5D1540E411802E1530EB8
:104EDA00421801E1ABD1530E411802E1430E4218C8
:104EEA0001E1A1D1530E411802E1510E421801E12C
:104EFA0097D14D0E411802E1580E421801E18DD1A9
:104F0A00530E411802E1450E421801E183D1430EC6
:104F1A00411802E1410E421801E179D14D0E4118C2
:104F2A0002E1510E421801E16FD1320E411802E13D
:104F3A00530E421801E165D1450E411802E1530EA4
:104F4A00421801E15BD1470E411802E1510E4218A5
:104F5A0001E151D1430E411802E1510E421801E11B
:104F6A0047D14B0E411802E1430E421801E13DD1EF
:104F7A004C0E411802E1420E421801E133D1440EAF
:104F8A00411802E14E0E421801E129D1490E411899
:104F9A0002E14E0E421801E11FD1420E411802E110
:104FAA00510E421801E115D14C0E411802E1510E81
:104FBA00421801E10BD14C0E411802E1530E42187E
:104FCA0001E101D14E0E411802E1510E421801E1F0
:104FDA00F7D04E0E411802E1530E421801E1EDD00E
:104FEA00430E411802E1530E421801E1E3D04D0E7F
:104FFA00411802E1450E421801E1D9D0450E411887
:10500A0002E1510E421801E1CFD0500E411802E1DF
:10501A00510E421801E1C5D0500E411802E1540E5A
:10502A00421801E1BBD0500E411802E1530E42185A
:10503A0001E1B1D04D0E411802E1530E421801E1CF
:10504A00A7D0570E411802E14D0E421801E19DD03A
:10505A00520E411802E14D0E421801E193D0440E5E
:10506A00411802E1500E421801E189D04F0E411851
:10507A0002E1500E421801E17FD0490E411802E1C7
:10508A00500E421801E175D0410E411801E142501B
:10509A006DE0560E411801E1425065E0490E411893
:1050AA0001E142505DE04F0E411801E1425055E0E6
:1050BA00550E411802E1430E42184DE0430E4118C5
:1050CA0001E1425045E0520E411801E142503EE0F2
:1050DA004D0E411802E14C0E421835E0330E4118CC
:1050EA0002E1540E42182CE0440E411802E1540E1B
:1050FA00421823E0330E411802E14C0E42181AE01E
:10510A00540E411802E14C0E421811E04D0E41189E
:10511A0002E1430E421808E00401C85101E0A7D099
:10512A000101C3A19FD099D0BBEC11F0C5D045ECC9
:10513A000FF0C2D077EC0EF0BFD0B7EC0EF0BCD0B7
:10514A002EEC0FF0B9D03EEC0EF0B6D014D9B4D094
:10515A00ABEC2DF0B1D016D9AFD05BEC2EF0ACD0C1
:10516A0091EC2EF0A9D0A7EC2EF0A6D0B0EC2EF040
:10517A00A3D0EDEC2FF0A0D068EC30F09DD04EEC2F
:10518A002FF09AD02FEC2FF097D014EC2FF094D068
:10519A00A3EC11F091D052EC16F08ED02CEC16F054
:1051AA008BD0ACEC15F088D0C4EC15F085D007ECA8
:1051BA0017F082D07DEC0DF07FD068EC17F07CD030
:1051CA0089EC17F079D09BEC17F076D0BBEC17F08E
:1051DA0073D0E2EC17F070D046EC17F06DD059ECB2
:1051EA0017F06AD01FEC31F067D071EC31F064D05F
:1051FA00F6EC17F061D00FEC18F05ED042EC18F024
:10520A005BD005EC3FF058D03EEC19F055D041EC9C
:10521A002EF052D05DEC15F04FD019EC14F04CD0B2
:10522A007FEC19F049D0BBEC19F046D059EC32F0BA
:10523A0043D090EC32F040D027EC31F03DD02EEC48
:10524A0031F03AD03EEC31F037D0D1EC12F034D014
:10525A00F3DB32D03EEC13F02FD053EC36F02C0EA9
:10526A00B0EC35F052EC37F058EC37F01CD00101B5
:10527A00C3A107D053EC36F093EC36F02C0EB0EC09
:10528A0035F052EC37F093EC36F058EC37F066EC28
:10529A0037F0C7C4E6FFDDEC36F070EC37F0020EEB
:1052AA00E66EC8C44DF04E6AA4EC35F0270EB0EC99
:1052BA0035F0050E06EC36F0040189EC35F00D08E0
:1052CA0011E084510FE1520E4D6E4E6ADF504D18B7
:1052DA0003E1DE52DD504E1805E0ECEC36F0070E25
:1052EA0006EC36F0B7C4B8F4090EE15C02E2E16AF2
:1052FA00E552E16E9DEF35F025EC37F02C0EDF6EAE
:10530A00010E0101C31503E1FE0EDB500EE053EC62
:10531A0036F00401C85102E093EC36F0FD0EDB5082
:10532A0004E0DFCFE6FF46DCE552E5529DEF35F0BB
:10533A0091EC35F00101C3A104D0610E4D6E8B0EC4
:10534A0016D00401BD5108E0FE0EDB5005E15E0EE9
:10535A004D6E8B0E77EC35F0FE0EDB50020804E141
:10536A005B0E4D6E8B0E03D0580E4D6E8B0E77EC86
:10537A0035F09DEF35F0ECEC36F00AEC36F04BDC0C
:10538A00F2EF23F0D9CFE6FFE1CFD9FF040EE126F1
:10539A00E66AE66AB1DFE552E552E66AD9CFE6FF88
:1053AA00DACFE6FF030EE66EF3EC32F0E552E55291
:1053BA00E552E552E66AD950020FE66E000EDA208F
:1053CA00E66E020EE66EF3EC32F0E552E552E55275
:1053DA00E5520401845101E025D3010E4D6E4E6A57
:1053EA00DF504D1803E1DE52DD504E181EE1D95050
:1053FA00020FE96EDACFEAFFEE50ED100BE0010E74
:10540A004D6E4E6A020EDB504D1803E1030EDB505F
:10541A004E1804E1020EDBCFBDF406D0060EE66E8E
:10542A006FEC35F0E552FED2FAD2020E4D6E4E6A9C
:10543A00DF504D1803E1DE52DD504E181EE1D950FF
:10544A00020FE96EDACFEAFFEE50ED100BE0010E23
:10545A004D6E4E6A020EDB504D1803E1030EDB500F
:10546A004E1804E1020EDBCFC2F106D0060EE66E3C
:10547A006FEC35F0E552D6D2D2D2030E4D6E4E6A9B
:10548A00DF504D1803E1DE52DD504E1820E1D950AD
:10549A00020FE96EDACFEAFFEE50ED1003E1069053
:1054AA008C9414D0010E4D6E4E6A020EDB504D18CC
:1054BA0003E1030EDB504E1803E106808C9406D0FC
:1054CA00060EE66E6FEC35F0E552ACD2A8D2040EA9
:1054DA004D6E4E6ADF504D1803E1DE52DD504E1814
:1054EA001DE1020EDBCF4DF0030EDBCF4EF04E3442
:1054FA0004E24D502008000E4E5407E2200EF36ECF
:10550A00020EF3CFDBFF030EDB6AF6EC18F000099C
:10551A0001E0FBD7020EDB50126E81D20A0E4D6EED
:10552A004E6ADF504D1803E1DE52DD504E1820E17D
:10553A00D950020FE96EDACFEAFFEE50ED1003E11F
:10554A000101C39114D0010E4D6E4E6A020EDB505A
:10555A004D1803E1030EDB504E1803E10101C3812C
:10556A0006D0060EE66E6FEC35F0E5525BD257D2E6
:10557A00320E4D6E4E6ADF504D1803E1DE52DD5099
:10558A004E180FE1D950020FE96EDACFEAFFEE505A
:10559A00ED1003E10401C66B03D00401010EC66FCE
:1055AA003ED2330E4D6E4E6ADF504D1803E1DE5285
:1055BA00DD504E1811E1FF0EE76E020EDBCF4DF003
:1055CA00030EDBCF4EF0E7504D164E6A4D500C6E6F
:1055DA000C5001E10E9023D2340E4D6E4E6ADF500C
:1055EA004D1803E1DE52DD504E180EE1FF0EE76E54
:1055FA00020EDBCF4DF0030EDBCF4EF0E7504D1617
:10560A004E6A4D500D6E0BD2350E4D6E4E6ADF50FE
:10561A004D1803E1DE52DD504E1814E1010E4D6EB5
:10562A004E6A020EDB504D1803E1030EDB504E1892
:10563A0004E10401010ECA6F04D00401CA6B04011B
:10564A00CB6BEDD1360E4D6E4E6ADF504D1803E12D
:10565A00DE52DD504E1812E1010E4D6E4E6A020EF8
:10566A00DB504D1803E1030EDB504E1804E1040130
:10567A00010ECC6F02D00401CC6BD1D13C0E4D6E21
:10568A004E6ADF504D1803E1DE52DD504E180DE12F
:10569A00020EDBCF92F4030EDBCF93F4FF0E04016C
:1056AA009217030E04019317BAD13D0E4D6E4E6A3E
:1056BA00DF504D1803E1DE52DD504E1837E1F29EFD
:1056CA00F29C020EDBCF96F4030EDBCF97F40401B3
:1056DA009651971109E10401956B0401986B996B36
:1056EA0004019A6B9B6B1FD004019551030A14E0C5
:1056FA00020A0FE0010A0DE0020A01E00AD096C48C
:10570A009AF497C49BF40401E80E986F030E996FFC
:10571A000AD00401010E956F0401986B996B04017C
:10572A009A6B9B6B00D0F28CF28E79D1FA0E4D6E89
:10573A004E6ADF504D1803E1DE52DD504E1822E169
:10574A00D950020FE96EDACFEAFFEE50ED1002E10E
:10575A00099217D0010E4D6E4E6A020EDB504D189B
:10576A0003E1030EDB504E1806E1098295929590EB
:10577A009292929606D0060EE66E6FEC35F0E552DE
:10578A0051D14DD1FB0E4D6E4E6ADF504D1803E1DB
:10579A00DE52DD504E182FE1D950020FE96EDACFF2
:1057AA00EAFFEE50ED1003E10996099423D0010EA9
:1057BA004D6E4E6A020EDB504D1803E1030EDB50AC
:1057CA004E1812E109840996EC0EE66E04EC4CF0D0
:1057DA00E552020EE66EE66A1C0EE66EFEEC4AF032
:1057EA00E552E552E55206D0060EE66E6FEC35F04C
:1057FA00E55218D114D1FC0E4D6E4E6ADF504D1889
:10580A0003E1DE52DD504E182FE1D950020FE96E46
:10581A00DACFEAFFEE50ED1003E10996099423D09E
:10582A00010E4D6E4E6A020EDB504D1803E1030E57
:10583A00DB504E1812E109860984EC0EE66E04EC80
:10584A004CF0E552020EE66EE66A1C0EE66EFEECBF
:10585A004AF0E552E552E55206D0060EE66E6FECC6
:10586A0035F0E552DFD0DBD0FD0E4D6E4E6ADF50CB
:10587A004D1803E1DE52DD504E182DE1D950020FCA
:10588A00E96EDACFEAFFEE50ED1002E1099822D074
:10589A00010E4D6E4E6A020EDB504D1803E1030EE7
:1058AA00DB504E1811E10988EC0EE66E04EC4CF060
:1058BA00E552020EE66EE66A1C0EE66EFEEC4AF051
:1058CA00E552E552E55206D0060EE66E6FEC35F06B
:1058DA00E552A8D0A4D0FE0E4D6E4E6ADF504D1888
:1058EA0003E1DE52DD504E181AE109829592959035
:1058FA0092928C908C808C908C808C908C808C90E6
:10590A008C808C908C808C908C808C908C808C90ED
:10591A008C808C908C808C908C80EBD780D04D685A
:10592A004E6ADF504D1803E1DE52DD504E181EE17B
:10593A00D950020FE96EDACFEAFFEE50ED1002E11C
:10594A00099A13D0010E4D6E4E6A020EDB504D18A5
:10595A0003E1030EDB504E1802E1098A06D0060E57
:10596A00E66E6FEC35F0E5525DD059D04D6A010E06
:10597A004E6EDF504D1803E1DE52DD504E181EE127
:10598A00D950020FE96EDACFEAFFEE50ED1002E1CC
:10599A00099C13D0010E4D6E4E6A020EDB504D1853
:1059AA0003E1030EDB504E1802E1098C06D0060E05
:1059BA00E66E6FEC35F0E55235D031D0010E4D6E02
:1059CA00010E4E6EDF504D1803E1DE52DD504E18C7
:1059DA0020E1D950020FE96EDACFEAFFEE50ED105E
:1059EA0003E10990948014D0010E4D6E4E6A020EA6
:1059FA00DB504D1803E1030EDB504E1803E109801A
:105A0A00949006D0060EE66E6FEC35F0E5520AD099
:105A1A0006D0060EE66E6FEC35F0E55203D0E66A64
:105A2A0087DCE552040EE15C02E2E16AE552E16ECE
:105A3A00E552E7CFD9FF120025EC37F038EC37F002
:105A4A00010E82EC35F00401845101E07CD0DF04C0
:105A5A0006E1020EE66EC9C44DF04E6A18D0020E77
:105A6A00D3EC35F006E1200EE66EE66AE66AE66AEF
:105A7A0040D0030ED3EC35F002E1125020D0040ED0
:105A8A00D3EC35F007E1BFEC23F0B6EC36F0A4EC2A
:105A9A0035F04FD0050ED3EC35F00CE1B6EC36F00C
:105AAA00A4EC35F0A1EC35F0F29C0401CD6BCE6B81
:105ABA00F28C45D0060ED3EC35F004E10F50FCEC25
:105ACA0035F015D03C0ED3EC35F005E192C44DF01B
:105ADA0093C44EF008D03D0ED3EC35F00DE196C4D8
:105AEA004DF097C44EF04F6A506A4DC0E6FFDDECA8
:105AFA0036F0B8EC37F01DD0C80ED3EC35F01CE107
:105B0A00F29E1DC0E6FF1EC0E6FF1FC0E6FF20C0D2
:105B1A00E6FFB8EC37F02C0EB0EC35F021C0E6FF0A
:105B2A0022C0E6FF23C0E6FF24C0E6FFB8EC37F048
:105B3A00F28EA1EC35F003D047EC37F003D0E66AD9
:105B4A009DEC29F0E552E5529DEF35F091EC35F0E8
:105B5A00050EE4EC36F0010EA2EC37F0A6EC37F0B5
:105B6A00E66AD950030FD5EC36F0E66AD950040F2D
:105B7A00E3EC37F010E1DF50926E010EDB50936ECA
:105B8A00020EDB50946E030EDB50956E040EDB5052
:105B9A00966E0AEC36F0050EE15C02E2E16AE55225
:105BAA00E16E9DEF35F091EC35F0FE0EDB501008FA
:105BBA0005E2100EF36EFE0EF3CFDBFFFD0EDB5097
:105BCA002BE0FE0EDB5023EC4CF0F35004018E1355
:105BDA00F4508F13080EF36EFE0E71EC36F00DE2E0
:105BEA00010EF36EFE0EDB5003E0C5EC35F0FDE16D
:105BFA00F350F31C0F0148173DD0FE0EDB500C0882
:105C0A0039E3BDEC36F004E0E846FE0B4D06FCE154
:105C1A00E81C0F0149172ED0FE0EDB5023EC4CF086
:105C2A00F3CF4DF0F4CF4EF04D1E4E1E4D500401F1
:105C3A008E174E508F17080EF36EFE0E71EC36F06B
:105C4A000CE2010EF36EFE0EDB5003E0C5EC35F0FC
:105C5A00FDE1F3500F0148130DD0FE0EDB500C0886
:105C6A0009E3BDEC36F004E0E846FE0B4D06FCE124
:105C7A000F0149139DEF35F0E7EC37F0A2EC37F04E
:105C8A00010FE3EC37F00AE1010EDBCFE6FFDFCFCD
:105C9A00E6FF89DFE552E5520AEC36F0020EE15CD6
:105CAA0002E2E16AE552E16E9DEF35F0E7EC37F08A
:105CBA0082EC35F020EC36F027E1010EDB5002E1F0
:105CCA00DF50896EF0EC36F01FE1010EDB5002E185
:105CDA00DF508A6EF0EC36F017E1010EDB5002E17C
:105CEA00DF508B6EF0EC36F00FE1010EDB5002E173
:105CFA00DF508C6EF0EC36F007E1010EDB5002E16A
:105D0A00DF508D6E0AEC36F0020EE15C02E2E16AC7
:105D1A00E552E16E9DEF35F0010EE66EE66EBCECE3
:105D2A0037F08050F5EC36F08150F5EC36F08250C1
:105D3A00F5EC36F08350F5EC36F08450D9EC37F0B8
:105D4A00A1EF35F02EEC36F0240E4D6E940E77EC62
:105D5A0035F0A1EF35F0CAEC37F0DF6A010EF36EC9
:105D6A00DB6E020EDB6AE66A010EE66EBCEC37F009
:105D7A009DBCFED7DF6ADFCF4DF0100EE76E4D18DF
:105D8A00E8AE02D0E73402D0E7504D5C3DE2010EA6
:105D9A00DB5004018E1500014D6E020EDB5004012A
:105DAA008F1500014E6E4D504E1021E02C0EB0ECB6
:105DBA0035F0DFCF4DF066EC37F04DAE03D04E68CC
:105DCA004F685068F9EC36F03A0EB0EC35F0DFCF98
:105DDA00E9FFEA6AE9BEEA681EEC37F0EA22EECF8A
:105DEA004DF0EFCF4EF04F6A506AF9EC36F0A1EC65
:105DFA0036F0D8904D364E36010E4DC0DBFF020EFE
:105E0A004EC0DBFFDF2AB7D7020E8FEC37F0030E46
:105E1A00E15C02E2E16AE552E16E9DEF35F0C6EC23
:105E2A0037F0030EA2EC37F0020FE3EC37F00AE189
:105E3A0077EC37F005E26CEC36F0020EDBCFEFFFC1
:105E4A000AEC36F0030EE15C02E2E16AE552E16E29
:105E5A009DEF35F0CAEC37F038EC37F0030E82ECE0
:105E6A0035F0040184510DE177EC37F005E26CEC72
:105E7A0036F0020EEFCFDBFF020E87EC36F0D2ECE3
:105E8A0037F0030EE15C02E2E16AE552E16E9DEF52
:105E9A0035F0DCEC37F001E093D0020EDB5001085C
:105EAA0001E287D0010EDB50070801E282D0410EE1
:105EBA00D3EC35F016E1020EDB500AE1CFEC35F0F7
:105ECA0003E0C5EC35F0FDE1F350F31C921674D0F3
:105EDA00CFEC35F003E0C5EC35F0FDE1F35092125A
:105EEA006BD0420ED3EC35F016E1020EDB500AE11C
:105EFA00CFEC35F003E0C5EC35F0FDE1F350F31CCF
:105F0A0093165AD0CFEC35F003E0C5EC35F0FDE13D
:105F1A00F350931251D0430ED3EC35F016E1020E32
:105F2A00DB500AE1CFEC35F003E0C5EC35F0FDE1DA
:105F3A00F350F31C941640D0CFEC35F003E0C5ECD7
:105F4A0035F0FDE1F350941237D0440ED3EC35F01E
:105F5A0016E1020EDB500AE1CFEC35F003E0C5ECA6
:105F6A0035F0FDE1F350F31C951626D0CFEC35F051
:105F7A0003E0C5EC35F0FDE1F35095121DD0450E56
:105F8A00D3EC35F016E1020EDB500AE1CFEC35F026
:105F9A0003E0C5EC35F0FDE1F350F31C96160CD086
:105FAA00CFEC35F003E0C5EC35F0FDE1F350961285
:105FBA0003D047EC37F003D0E66A9DEC29F0E552AE
:105FCA00030EE15C02E2E16AE552E16E9DEF35F013
:105FDA00CAEC37F0020EDB6A38EC37F0050EA2EC99
:105FEA0037F0010FE3EC37F066E1010EDB500708EA
:105FFA0050E3410ED3EC35F00AE1CFEC35F003E083
:10600A00C5EC35F0FDE1F350801439E029D0420E99
:10601A00D3EC35F00AE1CFEC35F003E0C5EC35F00E
:10602A00FDE1F35081141CE12AD0430ED3EC35F084
:10603A000AE1CFEC35F003E0C5EC35F0FDE1F350B1
:10604A0082140EE11CD0440ED3EC35F00BE1CFECF8
:10605A0035F003E0C5EC35F0FDE1F35083140FE0B1
:10606A00010E10D0450ED3EC35F013E1CFEC35F02C
:10607A0003E0C5EC35F0FDE1F350841402E1000EB3
:10608A0001D0010EE76E020EE7CFDBFFDB5009E01D
:10609A0003D047EC37F00ED0010EF36E020EF3CFA9
:1060AA00DBFF020E87EC36F0F9EC36F0010EE66EF5
:1060BA009DEC29F0E552030EE15C02E2E16AE55249
:1060CA00E16E9DEF35F0DCEC37F001E093D0020E83
:1060DA00DB50010801E287D0010EDB50070801E21C
:1060EA0082D0410ED3EC35F016E1020EDB500AE104
:1060FA00CFEC35F003E0C5EC35F0FDE1F350F31CCD
:10610A00891674D0CFEC35F003E0C5EC35F0FDE12B
:10611A00F35089126BD0420ED3EC35F016E1020E21
:10612A00DB500AE1CFEC35F003E0C5EC35F0FDE1D8
:10613A00F350F31C8A165AD0CFEC35F003E0C5ECC5
:10614A0035F0FDE1F3508A1251D0430ED3EC35F00D
:10615A0016E1020EDB500AE1CFEC35F003E0C5ECA4
:10616A0035F0FDE1F350F31C8B1640D0CFEC35F03F
:10617A0003E0C5EC35F0FDE1F3508B1237D0440E45
:10618A00D3EC35F016E1020EDB500AE1CFEC35F024
:10619A0003E0C5EC35F0FDE1F350F31C8C1626D074
:1061AA00CFEC35F003E0C5EC35F0FDE1F3508C128D
:1061BA001DD0450ED3EC35F016E1020EDB500AE194
:1061CA00CFEC35F003E0C5EC35F0FDE1F350F31CFC
:1061DA008D160CD0CFEC35F003E0C5EC35F0FDE1BF
:1061EA00F3508D1203D047EC37F003D0E66A9DECEA
:1061FA0029F0E552030EE15C02E2E16AE552E16E42
:10620A009DEF35F0D9CFE6FFE1CFD9FFE652DF6A3D
:10621A00FF0EDF5C0AE2E868E85005E0E80600D015
:10622A0000D000D0F9D7DF2AF3D7E552E552E7CFFD
:10623A00D9FF1200F29EF29C6592656AE3DF0FEFC6
:10624A0000F01200F29EF29C6592656ADBDFFF00A5
:10625A0012002EEC36F08050080B01E0010ED9EC4A
:10626A0037F00101C3B103D0020E8FEC37F00AEF09
:10627A0036F091EC35F0060EE4EC36F0070E82ECBF
:10628A0035F0010EE66ED950040FD5EC36F0E76E04
:10629A00050EE7CFDBFF0401845116E1DFCFC2F41C
:1062AA00010EDBCFC3F4020EDBCFC4F4030EDBCF47
:1062BA00C5F4050EDB5006E1040EDB5002E08986C8
:1062CA0001D089960AEC36F0060EE15C02E2E16A38
:1062DA00E552E16E9DEF35F091EC35F0100EE126B6
:1062EA00ECEC36F0A1EC35F0E66AD950010FABECD4
:1062FA0035F0E66A73D9E9EC36F0E66A94EC37F0E1
:10630A00010EA2EC37F0040FABEC35F0020EA2EC52
:10631A0037F0020FABEC35F0030EA2EC37F00A0FA0
:10632A00ABEC35F0060EA2EC37F0060FABEC35F00D
:10633A00070EA2EC37F00E0FABEC35F0040EA2EC10
:10634A0037F00F0FABEC35F0050ED7DB500E4D6E64
:10635A008B0EC8DB010E87EC36F04DAE03D04E68CB
:10636A004F685068B3EC37F0480E4D6E8B0EBADBAF
:10637A00DFCF4DF066EC37F0D2EC37F0400E4D6EC1
:10638A008B0EB0DB040EDBCF4DF0050EDBCF4EF0EB
:10639A004F6A506A4EAE02D04F685068B3EC37F07D
:1063AA00380E4D6E8B0E9EDB020EDBCF4DF0030EC8
:1063BA00DBCF4EF04F6A506AD2EC37F0300E4D6E9A
:1063CA008B0E90DBD9500A0FCFDBECEC37F03DECAB
:1063DA0037F0D950060FC8DBB8EC37F0ADDB200E2A
:1063EA004D6E8B0E7FDB0E0E5FEC37F0180E4D6E86
:1063FA008B0E78DB0F0E5FEC37F03DEC37F0080EB2
:10640A00E66E13EC37F03DEC37F0E66A13EC37F042
:10641A000AEC36F0100EE15C02E2E16AE552E16E46
:10642A0087D325EC37F0DF6A110EDF5C04E2CFDB9D
:10643A00EF6ADF2AF9D77DEC37F0DF6A100EDF5CEE
:10644A0021E2C5DBEF5080081DE3C1DBEFCF4DF041
:10645A00200E4D5C17E3BBDBEF50E66E180E02010F
:10646A004E6AFA254D6EFB517BEC36F0B0DBEF50ED
:10647A00E66E020E4E6AFC254D6EFD517BEC36F03F
:10648A00DF2ADCD7DF50E824180FFAC2E9FFFBC283
:10649A00EAFFEF6EDF50E824020FFCC2E9FFFDC2FB
:1064AA00EAFFEF6EE55244D3CEEC37F0DF6AECEC4C
:1064BA0036F0010EDB6A110EF36E010E71EC36F046
:1064CA000BE2010EDB50EA6AD50FE96E040EEA22EE
:1064DA00EF6A010EDB2AEFD7100EE66E99EC37F061
:1064EA003AD8D5EC37F0DF6EE668FB0EE66EE66A60
:1064FA0082EC37F096EC49F09CEC36F063DB60EC0A
:10650A0047F09CEC36F081DB020EE15C02E2E16AC4
:10651A00E552E16E0DD325EC37F09BDBDF6A110EF5
:10652A00DF5C04E254DBEF6ADF2AF9D77DEC37F04F
:10653A00800E0401D55D09E2D551200806E299ECE6
:10654A0037F059EC46F0E552E5520101C3A1F4DAFD
:10655A005CDBE552EDD225EC37F0DF6A73DBEF6ADC
:10656A000D0E4D6E0401D0DA4D5C02E1040E0AD024
:10657A00CBDA2C080AE00101C3A102D02C0EEBDA17
:10658A00FDEC36F03EDB000E27D0E7DA04E1010E1F
:10659A004E1801E1B86B42EC37F009E02C0E4E6E52
:1065AA00B3DA4E5C04E0FC0EDB50DF5C02E3DF5042
:1065BA0013D0AADAE66E46DBE552E750EF6ECDDA83
:1065CA0004E1010E4E1801E1B86BDF2AFD0EDB2A49
:1065DA00FE0EE1E3DB2ADFD7E552AAD29DDA090EE5
:1065EA00E126080EDB6A0401845102E0050E2FD170
:1065FA0042EC37F004E1FB0EDB501EE11BD084DADB
:10660A002C080CE0FB0EDB5007E10101C3A102D00C
:10661A002C0EA1DAEDDBF5DA020E19D19EDA04E1CD
:10662A00010E4E1801E1B86B42EC37F007E1FB0EA0
:10663A00DB5002E1040EE5DA030E09D12D0E4D6E90
:10664A0063DA4D5C20E1040E64DB1DE0050E4F6E3B
:10665A00FE0EDB504F5C17E0FE0EDB0401E1BDD0FD
:10666A00030E3FDB01E1B9D0070E53DB01E1B5D0E0
:10667A00010EF36E080EF3CFDBFF6FDA04E1010EB1
:10668A004E1801E1B86B040E2CDB09E0050E41DB64
:10669A0006E00A0E06DBE4D8D5EC37F031D0B85163
:1066AA00B7DBEFCF4DF0000E4DC0DFFF4CDB050E20
:1066BA0018DB1FE1000EDFCFE6FF010EDBCFE6FF9E
:1066CA00F0EC4BF0E552E552F3CF4DF0F4CF4EF03B
:1066DA004F6A506A4EAE02D04F6850684DC0DFFF15
:1066EA00010E4EC0DBFF020E4FC0DBFF030E50C08F
:1066FA00DBFF040132DA04E1010E4E1801E1B86B46
:10670A00080EDB503EE0FE0EDB5006E155DA800E45
:10671A0072DA000EEE5461E3020EE3DA06E14CDAB5
:10672A00000EEE54800E67DA58E3060EF2DA06E13E
:10673A0043DA000E60DA800EEE544FE38FDA080E69
:10674A00DB5053E0040EDBCF3FF0050EDBCF40F009
:10675A00060EDBCF41F0070EDBCF42F044684568F6
:10676A004668476837EC4BF0040E3BC0DBFF050E6A
:10677A003CC0DBFF060E3DC0DBFF070E3EC0DBFF61
:10678A0034D0FE0EDB5006E117DA7F0EEE54000E0F
:10679A0032DA23E3FE0EDB0404E178DB000E2BDAA7
:1067AA001CE3020E9EDA04E171DB7F0E24DA15E3A4
:1067BA00030EAFDA04E16ADBFF0E1DDA0EE3060E02
:1067CA004F6EFE0EDB504F5C0CE160DBFF0EEE54A9
:1067DA00FF0EEE547F0EEE5404E2060E12DA010E9C
:1067EA0036D0070E7EDA01E039DAFE0EDB50070AF0
:1067FA0021E0010A17E0050A11E0010A0FE0030A85
:10680A0008E0050A06E0010A04E0050A02E0040EAF
:10681A001ED03DDA040EDBCFEFFF18D075DBDBCFDD
:10682A00EDFF14D071DBDBCFEEFF060EDBCFEEFF00
:10683A00070E0AD02CDADFCFEEFF010EDBCFEEFF18
:10684A00020EDBCFEEFF030EDBCFEEFF000E4D6E26
:10685A00090EE15C02E2E16AE552E16E4D5068D14F
:10686A0098DBF0D9EE6AEE6AEE6AEE6A010EDB6A2E
:10687A00FC0EDB50F36E010E2FDA4FE20401B85121
:10688A00C7DAEFCFDFFF300EDF5C42E3DF503908B3
:10689A003FE3D8D9EECF4DF0EECF4EF0EECF4FF02A
:1068AA00EFCF50F00A0E446E456A466A476A4DC0F9
:1068BA003FF04EC040F04FC041F050C042F037ECBC
:1068CA004BF03BC04DF03CC04EF03DC04FF03EC0D7
:1068DA0050F0300EDF5C516E526A536A546AE850C7
:1068EA004D2652504E2253504F2254505022AAD96C
:1068FA004DC0EEFF4EC0EEFF4FC0EEFF50C0EEFFA0
:10690A0004012BD907E1010E4E1804E1B86B02D03D
:10691A00000E04D0010EDB2AABD7010E4D6E020E1B
:10692A00E15C02E2E16AE552E16E4D5001D1EE0E00
:10693A004D6E8A0ED7D87EC44DF0C3DAD2EF37F047
:10694A000501BC5108E0010E4D6E6550020B01E0D5
:10695A00010E4D5C17E1E5D90BE1ED51EE1111E1A4
:10696A008C86A00EED6F0F0EEE6F010EEF6F120008
:10697A00ED51EE1152E18C96A00EED6F0F0EEE6FF7
:10698A00EF6B1200BC0509E0020EBC5D06E0040EC6
:10699A00BC5D03E0100EBC5D17E1C3D90BE1ED51FC
:1069AA00EE1111E18C86200EED6F4E0EEE6F010E88
:1069BA00EF6F1200ED51EE1130E18C96200EED6F63
:1069CA004E0EEE6FEF6B1200200EBC5D26E1A9D9C8
:1069DA0007E1ED51EE1121E18C86DDD9010E15D0CA
:1069EA00EF0507E1ED51EE1118E18C96D4D9020EAC
:1069FA000CD0020EEF5D0BE1ED51EE110EE18C862B
:106A0A00A00EED6F860EEE6F030EEF6F1200ED51C2
:106A1A00EE1103E18C96BFD9EF6B12007DD8AFD986
:106A2A00E8AE02D04D3403D0E750D8804D5423E36A
:106A3A00FD0EDB5010E023D9F6BEF768B3D804E0A8
:106A4A00E846FE0B4E06FCE14D6E19D9F6BEF76814
:106A5A00FAD9EF1210D013D9F6BEF768A3D804E01A
:106A6A00E846FE0B4E06FCE1E81C4D6E08D9F6BE60
:106A7A00F768E9D9EF165CD04FD881D9E8AE02D0D1
:106A8A004D3403D0E750D8804D5423E3FD0EDB503C
:106A9A0011E1F5D8F6BEF76885D804E0E846FE0BA2
:106AAA004E06FCE1E81C4D6EEAD8F6BEF768D3D96B
:106ABA00EF160FD0E4D8F6BEF76874D804E0E846BB
:106ACA00FE0B4E06FCE14D6EDAD8F6BEF768C3D966
:106ADA00EF122ED021D80401845103E1FE0EDBCF40
:106AEA0084F426D04E6E4F6A4DC0E6FFE66E4FC064
:106AFA00E6FF48EC46F0D5EF37F0E66E6FDDE9EFDA
:106B0A0036F056D9B8EF37F0B85182D9EF501200A3
:106B1A002EDAE66A94EF37F0D9CFE6FFE1CFD9FF54
:106B2A0012009951E96EEA6AD890E936EA361200FB
:106B3A00E552E7CFD9FF1200010E8FEF37F04F6A07
:106B4A00506A4DC0E6FF34D970EF37F0E66E000E9A
:106B5A00DA20E66E1200E66EECD1B82BB8514D6E13
:106B6A004E6A000E4D181200E96EDACFEAFFEECF38
:106B7A00E6FFEECFE6FFEECFE6FFEFCFE6FF12002D
:106B8A00D890F336E8061200EA22EECF55F0EFCF9E
:106B9A0056F01200010EF36EDB5012004D6EDF50FC
:106BAA004D5C1200B30EF626940EF7220800F5503B
:106BBA004E6E010E4E521200D9CFE9FFDACFEAFF2C
:106BCA00D8801200B1D9100EE66E82EF37F0DF508E
:106BDA00EA6AD50FE96E040EEA221200F7220900CA
:106BEA00F5CFE9FF0800F5CFEAFF4D5012004D6ED0
:106BFA0068D9E66E1200EE54000EEE54000EEE5402
:106C0A001200E66E67DFE5521200E66A9DEC29F093
:106C1A00E5521200DF6EDFCFE6FFB6514E6A000F73
:106C2A004D6E020E4E224DC0E6FF4EC0E6FFC8EC86
:106C3A0043F0D5EF37F0E76E010EE7CFDBFF040133
:106C4A0084511200FD0EDBCFE9FFFE0EDBCFEAFF17
:106C5A001200010EE66EE66ABCEF37F0D9CFE9FF03
:106C6A00DACFEAFF040EEECFDBFF050EEECFDBFF35
:106C7A00060EEECFDBFF070EEECFDBFF1200FE0E95
:106C8A00DBCFF6FFF76A1200DB500DEF37F0FC0E90
:106C9A00DBCFE9FFFD0EDBCFEAFF1200C7C4E6FF38
:106CAA0048D1E66E94EF37F0DECF4DF0DDCF4EF0EF
:106CBA0012009951EA6A710FE96E000EEA22EF504A
:106CCA000001EA6A9C25E96E9D51EA221200DECF94
:106CDA00E9FFDDCFEAFF1200DBCFF4FFF350F45CEB
:106CEA0012004D6EFE0EDB504D5C12004E22DF503C
:106CFA00E8244D24E96E000E4E20EA6EE552E75074
:106D0A00EF6E1200DBCF4DF066EF37F0B7510DEFA3
:106D1A0037F04E6EFE0EDB504E5C1200C8C4E6FF22
:106D2A0008D10401ED07000EEE5BEF5112004D6E23
:106D3A00080EE15E4D501200010EDBCF4DF0020E3F
:106D4A00DBCF4EF01200010EDB6A020EDB6A030E85
:106D5A00DB6A1200E66EE66AF0EC4BF0E552E552A9
:106D6A001200030EE66ECDC44DF0CEC44EF01200F2
:106D7A00FE0EDB50F80F4D6E010E4D521200FE0E44
:106D8A00DBCF4DF0190EE76E4D181200EA22EF6ABA
:106D9A00DF2A010E1200100EED6F270EEE6F1200A1
:106DAA00D5DE010E82EF35F0EFDEE6D8EA221200D8
:106DBA004EC0E6FF4FC0E6FF50C0E6FF1200E126D4
:106DCA00E66AE66A8DEF35F0EBD8E5521200E66A1C
:106DDA00E66ABCEF37F0010E64DF8FDE20EF36F093
:106DEA00E3D82C0EB0EF35F04DC0E6FF86EF35F054
:106DFA00F60E4D6E8A0E76DE040186DEACDE270EB6
:106E0A00AADE050E12008DDE890EE926000E12009A
:106E1A00EA6A000FE96E030EEA221200D950060F41
:106E2A00A3DE65EC46F04D6E050EE15E4D50A1EF16
:106E3A0035F0D890E936EA36000EE926010E12003E
:106E4A006BDEE6521200D890F636F736810EF62639
:106E5A00940EF3EF35F0D890F636F7364F0EF62645
:106E6A00940EF3EF35F0010EE66EE66E8DEF35F017
:106E7A00280E4D6E8B0E77EF35F00D0E4D6E44DEFB
:106E8A004D5C1200060EE66E6FEF35F095DEFF0ED2
:106E9A00EE54120071D8C9EF35F0630E4D6E8B0EA9
:106EAA0021DE53EF36F03A0E56DE020EE66EC7C406
:106EBA004DF01200DBCFE6FFDFEC25F0E552A1EF43
:106ECA0035F04E6A4F6A506A1200EEDE400E4D5C93
:106EDA00000E4E58120065EC46F0516E050EE15E4A
:106EEA0051501200E1DE000E4D5C100E4E58120099
:106EFA0069DEB5EC4AF09CEF36F0E66AE66AF80E0F
:106F0A00E66EE66AE66A1200C2DE040EDBCFEEFF28
:106F1A00050E1200E66E9DEC29F0E5521200D9CF5B
:106F2A00E6FFDACFE6FF1200D50EE66E040EE66E35
:106F3A001200DFEC25F0E5521200DFDDE66AD950D7
:106F4A001200010F2DDFE66AD950020FD5EF36F095
:106F5A00E8DD790EE926000ED9EF36F04DC0E6FFDE
:106F6A0027DFECEF37F09FEC46F0E9EF36F081ECE3
:106F7A0029F0E552E5521200D4DD610EE926000E31
:106F8A001200CADD030EE4EF36F0C6DD030EE12679
:106F9A001200C2DD020EE126120026DFA1EF35F053
:106FAA00E552E552E552120022DE86EF35F0E9DFBE
:106FBA00050EC3DFC6DF040184511200F1DE0401AD
:106FCA0084511200A9DD020EFADE010E1200BBEC9A
:106FDA0046F0FADEA1EF35F05BEC3EF0A098636A6A
:106FEA00626A0F01266B3AEC3EF00F01F9EC3DF0B4
:106FFA00DF6ADF504D6E4E6A0C0E4D5C000E4E5825
:10700A0010E2DF50040DF3CFE9FFF4CFEAFF000EE0
:10701A00E926040EEA22EE6AEE6AEE6AEE6ADF2AD0
:10702A00E8D7658C0F01386B6598659C62A607D016
:10703A0062960501D36BD86BD96BDA6BF7D705016A
:10704A00010EEC6FED6FEE6BEF6BE06BDF6A030E18
:10705A00DF5C11E2EA6ADF345EEC3EF0EA22EE6AB5
:10706A00ED6AEA6ADF3465EC3EF0EA22EE6AED6A1E
:10707A00BAEC3DF0ECD70501080EC96F040ECA6FD1
:10708A000F01160E266F0401300E026F040E036FF5
:10709A00400E016F840E006F0501BD6BBC6BE5529B
:1070AA008CEF3DF05BEC3EF082BE06D0656A0F01C4
:1070BA00366B0501BC6B6FD00501BC510CE1656AEA
:1070CA000F01366BF9EC3DF065B602D06586FCD748
:1070DA000501010EBC6FBC050AE165BA08D0626AF7
:1070EA000F01366B368136890501020EBC6F62507C
:1070FA00040B06E00F013651040B02E0629447DBF1
:10710A0065B249D06250010B09E00F013651010BFB
:10711A0005E062DF0501040EBC6F62906250100B3D
:10712A0006E00F013651100B02E026DB629862ACD2
:10713A0010D00F0136AD05D000EC3EF0730E79EC9D
:10714A003DF0629C0501EA5101E0EA07EA5101E1DA
:10715A00F4D86250200B05E00F013651200B01E0F4
:10716A00FADA6250020B0CE00F013651020B08E00A
:10717A0000EC3EF0E6687F0EE66E6CEC3EF0636A69
:10718A00040E0501E76EBC19E8AE02D0E73402D05E
:10719A00E750BC5D02E2A1982FD00F0136A72BD091
:1071AA00DF6A040EDF5C27E262A625D064CFE1F530
:1071BA000501E151780BE842E842E842E26F629643
:1071CA00E1B504D0E25173EC3EF003D0E25178EC21
:1071DA003EF0EA22EF70E25102E1E6DA0AD0000E4E
:1071EA00E66EE66AE10EE66E050EE66E720E79EC62
:1071FA003DF0DF2AD6D7A198E5528CEF3DF02CEC72
:10720A003EF0FD0EDBA403D0E66AF1EC3DF0FD0E84
:10721A00DBA204D0010EE66EF1EC3DF0FE0EDB506F
:10722A004E6A260F4D6E0F0EEBEC3DF07DEC3DF0F5
:10723A00FD0EDBCFEFFF020EE15C02E2E16AE552EE
:10724A00E16E8CEF3DF02CEC3EF0FD0EDB5003E0DE
:10725A0074EC3DF002D0ABEC3DF0D7EC3DF0D9CF69
:10726A00E9FFDACFEAFFEE50ED1003E1F36AF46AC0
:10727A0028D07DEC3DF087EC3EF0FB0EDBCFEEFF35
:10728A00FC0EDBCFEDFF7DEC3DF0EE52FA0EDBCFCC
:10729A00EFFF400E7DEC3EF0880E8CEC3EF0FD0ECA
:1072AA00DB5003E074EC3DF002D0ABEC3DF0EA2297
:1072BA00EF74DECF4DF0DDCF4EF04DC0F3FF4EC080
:1072CA00F4FF020EE15C02E2E16AE552E16E8CEF44
:1072DA003DF02CEC3EF0FE0EDB5003E143EC3EF0B9
:1072EA0009D0B0EC3DF01AEC3EF0B0EC3DF0010FE5
:1072FA001AEC3EF0020EE15C02E2E16AE552E16E4E
:10730A008CEF3DF087EC3DF065A816D054EC3EF0CA
:10731A00400EEE16EE6AEE6AEE6A54EC3EF0EE7C31
:10732A00DEDBEA22EF74400E4D6E54EC3EF04D5017
:10733A00EF1654EC3EF0EF7CEAD30501EC5122E162
:10734A00010EEC6FED511EE1010EED6F020ED05DE4
:10735A0007E1D3DBEE52EF6AD0DBC80EEF6E120004
:10736A00D00510E1E36BDFDBEE52400EEF6EDBDBA4
:10737A0026EC3EF0D8DB840EEF6E010EE36FABDB3A
:10738A00800EEF6E12000501EE6BEF6B020ED05D00
:10739A0006E181EC3EF0CCDB15EC3EF010D0D45186
:1073AA000401365D0501D5510401375904E236C49A
:1073BA00D4F537C4D5F561D8A0DBBADB9EDBC80E9D
:1073CA00EF6E12002CEC3EF0000EDE6E040EDD6E47
:1073DA00C2DB040DF4CF4EF0D9CFE9FFDACFEAFFD2
:1073EA00F350EE264E50ED2283DBEF9EFD0EDB506E
:1073FA0002E1ACDB01D073DBEA22DECFEEFFDDCFA8
:10740A00EDFF76DBEF9C74DB040EE926000EEA2220
:10741A00EF8C020EE15C02E2E16AE552E16E77D39B
:10742A0065980501D3BF0DD0D8AF09D0020ED06F31
:10743A00EF5101E1A8DF0501ED6BEC6B120043EFA0
:10744A003EF0040130AF0DD00501010ED06FEE51B0
:10745A0001E199DF0501ED6BEC6BEB510DE1A2EF58
:10746A0039F00501020ED06F36DB840EEF6EED6B3C
:10747A00EC6BEB5101E161DF12005BEC3EF0400E78
:10748A00DF6E0501D45D000ED5590AE2D4C5DFFFCF
:10749A00CF5102E1010E03D0CF0502E1020ECF6FF8
:1074AA00DF504E6AE850D45DD46F4E50D559D56F2F
:1074BA0024DBEE52DFCFEFFF380EDD6F040EDE6FF6
:1074CA00D3B10DD0DF5017E0D1C5F6FFD2C5F7FF13
:1074DA00D12B000ED2230800F55057DBF3D7DF502B
:1074EA000AE0D1C5E9FFD2C5EAFFD12B000ED223AB
:1074FA00EF504BDBF4D7E5520AD3A9DB14DBEE528B
:10750A00EFCFDFFFDFCF4DF04D500501D95D000E03
:10751A00DA5902E2D9C5DFFFDF504D6E4E6AE850F4
:10752A00D95DD96F4E50DA59DA6F010EDB6ADF5036
:10753A00F36E010EDBCFF4FFF350F45C16E2010E9A
:10754A00DB50EA6A380FE96E040EEA22EF50E66E63
:10755A00D6C5E9FFD7C5EAFFD62B000ED723E552D9
:10756A00E750EF6E010EDB2AE2D7000ED880D9551C
:10757A00000EDA550DE2C0DBDBDAD5DAEF50400B4C
:10758A0003E14EDBC80E02D04BDB880EEF6E12D041
:10759A00A2DA840EEF6EDB51DC1107E005D0DCC500
:1075AA00FAFF0501DB51F96EFADF0501D89FEB51AD
:1075BA0001E1C3DE020EE15C02E2E16AE552E16E3C
:1075CA00A6D274DB0501D38F50DB300EE66EE66A75
:1075DA00E66A000EE66E040EB1DA658CDF6A030E07
:1075EA00DF5C02E2C2DAFBD7010EE66EE66AE66A01
:1075FA00BE0EE66E050EA2DA659C0501080EC96F7D
:10760A00040ECA6F000EBF6F040EC06FBFC5C1F56E
:10761A00C26F32C4BDF5BD5102E1100E0BD0010E8E
:10762A00E66EE66ABD0EE66E050EE66E010E5CDAE1
:10763A000501200EBC6FE5526AD2800E0401305D4E
:10764A004EE10501C00ED36F04013351030A25E050
:10765A00010A09E0030A41E10501DE0ED16F960E27
:10766A00D26F120E34D03251F66EF76AD890F636CF
:10767A00F736330EF626970EF7220900F5CFD1F525
:10768A000A00F5CFD2F5020E0501BCDAF5CFD4F522
:10769A00030EB8DAF5CFD5F51200040E325D1AE200
:1076AA000501D38104013251E96EEA6AD890E936BC
:1076BA00EA36F60EE926020EEA22EECFD1F5EDCF32
:1076CA00D2F5D1C5E9FFD2C5EAFFEF500501D46F63
:1076DA00D56B12000501D36B12000501D36B1200A2
:1076EA00B6DA0401386B396B30511F0B020A11E00C
:1076FA00030A0CE0010A1EE10501D38F0401388157
:10770A000501DF0517E10401388314D00501D38F81
:10771A0011D00501D38F040134BF02D0B6DA01D0EB
:10772A00B9DA40DABFDA06E0E3D9EF50040B02E037
:10773A00010E386F0501D3AF07D0380ED16F040E92
:10774A00D26FD381020ED46F020EE15C02E2E16ACB
:10775A00E552E16EDCD10F0126A10CD0E4D9EF503D
:10776A00800807E1CAD9EF50840803E1DCD98C0EFE
:10777A00EF6E2691629A12000F0136856298658231
:10778A000501010EE06F14DA750E79EF3DF005017F
:10779A00E06B0EDA740EA8D965920F01369562A4D1
:1077AA0002D06294FCD7120081DA05012D0EEA6F2D
:1077BA00FD0EE11539E17E0EE115E8407F0B040D5F
:1077CA00F3CFBFF5F4CFC0F5000EBF27040EC023D8
:1077DA00BFC5C1F5C0C5C2F5C175A5D9EF503C0BEF
:1077EA00E842E8420D081EE1DF6A080EDF5C16E295
:1077FA009AD9020EE926000EC2D9EF50E66EDF5082
:10780A00EA6A300FE96E040EEA22E552E750EF6E9B
:10781A008AD978DAEE2AEF22DF2AE7D784D911DA71
:10782A000AD807D023D805D0FD0EE115040801E1D6
:10783A002CD8E5526CD10501CF6BEB6BEE6BEF6B7D
:10784A00E36BD06B5AD9EF9EC97557D9EF9EC975AC
:10785A00E7D9EF9ED36BD46BD56BD86BD96BDA6B48
:10786A0051D8A6D9030E40D915EF3AF0020E0501F8
:10787A00D05D02E182EF3AF0D06BE35104E12BD9FB
:10788A008C0EEF6E1200E36B120010DA36D9EF504D
:10789A00400B01E0010EDF6E0501C975080EBC5DE3
:1078AA000BE132C438FF0F01385103E00501100E15
:1078BA0002D00501040EBC6FD00513E11ED938D9D8
:1078CA00DCDD020E0501CF5D03E117D9840E07D076
:1078DA00DF5003E112D9C80E02D00FD9880EEF6E1D
:1078EA000FD0D8AF0CD0DB51DC1107E005D0DCC5D6
:1078FA00FAFF0501DB51F96EFADF0501D89FD06B5B
:10790A00E55205D104013051600BE842E842E842F1
:10791A00E842E842000901E0120031510C0A45E050
:10792A000B0A3FE00C0A31E0010A22E00B0A1EE0D2
:10793A00020A1CE0030A18E0080A10E0010A0CE037
:10794A000F0A08E0030A01E012000501D38F080EAE
:10795A00BC6F120022EF3BF0E6EF3AF00501BD0ED4
:10796A00D16F050ED26F0CD075EF3BF0DBEF3CF018
:10797A0034510501D16FD26BBE0ED127050ED22329
:10798A00D381010ED46FD38F12000501D38F040166
:10799A003451EA6ABE0FE96E050EEA2232C4EFFFDD
:1079AA00120006D9020E79EF3DF01200ABD8050E8F
:1079BA00E1260401320510E130511F0B00090CE1E8
:1079CA000501D38F030E0401315D04E10501010EA7
:1079DA00DF6F02D00501DF6B0401325101E074D080
:1079EA0030511F0B020870E134510F0B00096CE093
:1079FA0034510F0B020868E3200E0501BC5D64E1F7
:107A0A00D38F040134BF04D040D9CCD8D7D803D0FF
:107A1A0041D9C8D8D7D8EA22020EEFCFDBFFF9D86E
:107A2A00010B03E1000EDF9401D0DF8434BF02D0E2
:107A3A002CD901D02FD9EA22DECFEEFFDDCFEDFF20
:107A4A00030E315D0CE12ED907E034BF02D0B6D85F
:107A5A0001D0B8D8EA22EF82840E59D935D0DF7422
:107A6A0021D906E045D8EF9E43D8EF8CF4D802D04E
:107A7A003FD8EF8CDF74CDD8020B02E113D90DE0A9
:107A8A00040134BF02D09AD801D09CD8EA22EF92DE
:107A9A003B0E4D6E2DD9DFD802D03B0E29D90401F9
:107AAA0034510F0B4E6A260F4D6E0F0E4E22030EE7
:107ABA004DC0DBFF040E4EC0DBFF030EDBCFE9FF38
:107ACA00040EDBCFEAFFEF90050EE15C02E2E16A09
:107ADA00E552E16E1CD010D9B4D815EF3EF0FE0E77
:107AEA00EA6ADB345EEF3EF0E66EE66A6CEF3EF081
:107AFA00DECFE9FFDDCFEAFF1200C9C5E9FFCAC53B
:107B0A00EAFF1200D9CFE6FFE1CFD9FF1200E55212
:107B1A00E7CFD9FF120034510F0BE96EEA6AD89009
:107B2A00E936EA361200BFC5E9FFC0C5EAFF12000E
:107B3A00E9D8380EEE6E040EED6E1200E66EBFEC5A
:107B4A004BF04D6E050EE15E4D501200FE0EEA6AD4
:107B5A00DB3465EF3EF0FD0EDB50E8244F6EFE0E7F
:107B6A00DB50040DF3504F241200DF50BCD8EA2238
:107B7A00EF6ADF50B3D8EA22EF6ADF2A1200EA225C
:107B8A00EE50EFCFEAFFE96E1200E66EDDC5E9FFBF
:107B9A00DEC5EAFFDD2B000EDE23E552E750EF6E6D
:107BAA00DF061200EA22EECFDEFFEDCFDDFF120084
:107BBA00000EE66EE66AE66EE66A120034510F0BB4
:107BCA0073EF3EF034510F0B78EF3EF04E224DC06A
:107BDA00DEFF4EC0DDFF1200FE0EDBCFE6FFE7EC54
:107BEA0039F0E552E5521200160E396F9F0E376FC3
:107BFA007B0E366F1200010EE66EE66A000EE66E26
:107C0A00E66A1200F76AD125F66ED251F722080009
:107C1A001200D950020FE96EDACFEAFFEF501200D4
:107C2A00C1C5E9FFC2C5EAFF1200040DF3CF4DF04A
:107C3A00F4CF4EF0000E4D26040EC8DF840E8CEFF2
:107C4A003EF060D8300EEE6E040EED6E12005ADF72
:107C5A00020EE1261200020EE66EE66ADECFE6FFAB
:107C6A00DDCFE6FF050E79EF3DF0020EE66EE66A1D
:107C7A00E66A270EE66E0F0EA3EF3DF02CDF8C0EA0
:107C8A00EF6E3BDF840EEF6E120045DFC30EE9266E
:107C9A00050E120040DFC90EE926050E12001FDF8D
:107CAA00C4EF3DF025DFEF50800B12002BDFE652C8
:107CBA001200FE0BEA36E96EC90EE926050E12001D
:107CCA00FE0BEA36E96EC30EE926050E1200ACEC8D
:107CDA0048F04D6E060EE15E4D501200EA6AE70F5B
:107CEA00E96E050E1200EA6AE40FE96E050E12004B
:107CFA00FFDEE850EF16120093DFEE52400EEF6EF1
:107D0A0015EF3EF0020EE926000EEA221200F0DE1E
:107D1A00E850EF121200F9D9E6520001606B996B34
:107D2A00DF6A080EDF5C13E2EAD9610EE926000E6B
:107D3A0015DACBD9EF6AE3D9790EE926000E0EDA05
:107D4A00DED9890EE926000E09DADF2AEAD7000110
:107D5A00C60E9C6F0E0E9D6F3F0E79140009796E48
:107D6A00CF0E79140009796E79827B6A7A6A7990E2
:107D7A000F0152815293F00EB4140909B46E000136
:107D8A00080E9A6F030E9B6FC60E9E6F3B0E9F6F77
:107D9A00250EA06F580EA16F040EA66F900EA26F4B
:107DAA00010EA36F900EA46F010EA56F000EE66E72
:107DBA00E66A010EE66E8DEC16F0E552E552E552E2
:107DCA008996E552A7D1A1D9E652DF6A080EDF5C8F
:107DDA0009E27BD9EFCF4DF0FE0EDB504D5C09E096
:107DEA00DF2AF4D7DF6A080EDF5C07E26ED9EF50AC
:107DFA0002E1DF2803D0DF2AF6D7000EE5528AD146
:107E0A0084D9070EE126DE6ADD6A020EDB6A030EFA
:107E1A00DB6A040EDB6A050EDB6A060EDB6A010EFC
:107E2A00E66ED9CFE6FFDACFE6FF030E3CD9020FA2
:107E3A007DD9010E38D9030F79D9030E34D9050F2C
:107E4A0075D9030E83D9E66AE66A81EC29F0E55210
:107E5A00E5520401845127E1020EDB50180805E2BD
:107E6A00060EE66E6FEC35F01DD0010EE66E050EBD
:107E7A00DBCFE6FF060EDBCFE6FF030EDBCFE6FF26
:107E8A00040EDBCFE6FF020EDBCFE6FFDECFE6FF16
:107E9A00DDCFE6FF0FD84D6E080EE15E4D50E66A63
:107EAA009DEC29F0E552070EE15C02E2E16AE55237
:107EBA00E16E30D12AD9020EE126FC0EDBCFE6FFB5
:107ECA0082DFE552E76E010EE7CFDBFFDB5002E10E
:107EDA00000EC3D00BD902E1C9D8BDD0010EDB0414
:107EEA004D6E00019A514D5C01E3B5D0FC0EDB509A
:107EFA00180801E2B0D0FC0EDB50070802E10101CC
:107F0A00C16BD6D810E1E66AFC0EDBCFE6FF41EC86
:107F1A0035F0E552E552E66AFC0EDBCFE6FF13ECDC
:107F2A0035F0E552E552F70EDB046AE112500F5CB8
:107F3A00FDE2FC0EDB50040801E1C9D809BC8BD074
:107F4A00D0D8020EEF6EF80EDBCF4DF0F90EDBCF74
:107F5A004EF04F6A506A190E446E456A466A476A7D
:107F6A004DC03FF04EC040F04FC041F050C042F00B
:107F7A0037EC4BF03BC04DF03CC04EF03DC04FF0EB
:107F8A003EC050F0AED8EE52EE523BC0EEFF4EC0AD
:107F9A00EEFF4FC0EEFF50C0EEFF80D8290EE92653
:107FAA00000EEA22010EDBCFEFFF78D8260EE92673
:107FBA00000EEA22FC0EDBCFEFFF70D8270EE9266F
:107FCA00000E7BD86BD82A0EE926000EA7D866D8F1
:107FDA00EE52D880000EEE54000EEE54190EEE54F6
:107FEA00000EEE5406E25AD8EE52EE6AEE6AEE6AD5
:107FFA00EE6A102A1250105C01E3106A0F2A2BD085
:10800A0005A029D0FC0EDB50040801E160D86ED827
:10801A0002E12CD812D08FD8890EE926000E7ED81C
:10802A008AD8790EE926000E48D88DD8FC0EDBCF07
:10803A00EFFF3ED802E19DD840D8FC0EDB5000018C
:10804A00A65D09E10101010EB96F0101B66B0101DB
:10805A00C15101E08A98010EDB504D6E020EE15CBF
:10806A0002E2E16AE552E16E4D5054D06CD8EF500D
:10807A000001EA6A9C25E96E9D51EA22EF6A5BD803
:10808A00890EE926000E6AD856D8790EE926000E1E
:10809A0065D859D8EF6A6DD8B3EF40F010502F0D5C
:1080AA0061D8EE52120052D8010EE66ED950120073
:1080BA0060D8EA22EE50ED101200EA22FD0EDBCF64
:1080CA00EEFFFE0EDBCFEDFF1200DF5057D08986A0
:1080DA00C2C4BEF4C3C4BFF4C4C4C0F4C5C4C1F4AA
:1080EA00120010502F0D0501B7EF40F0D950FD0FC7
:1080FA00E96EFF0EDA20EA6EEE50ED101200EA6A1F
:10810A00DF34FE0BEA36E96E1200D9CFE6FFE1CF83
:10811A00D9FF1200E552E7CFD9FF1200EA22FA0E80
:10812A00DBCFEEFFFB0EDBCFEDFF1200E66E000E9B
:10813A00DA20E66E1200010EDB04E96EEA6AD890D4
:10814A00E936EA361200010EDB0418D0E66EF3ECCB
:10815A0032F0E552E552E552E5521200EA22EE6AA1
:10816A00ED6A1200FA51F324E96EFB51F420EA6E2B
:10817A001200E1DF610EE926000E1200EA6A710FB1
:10818A00E96E000EEA2212003A9E0CD03A9E42AEE6
:10819A0009D03F6C401E411E421EE86A402241221D
:1081AA0042223A8E42C03CF041C03BF040C04CF003
:1081BA003FC04BF09E0E3D6E3E6A92EF42F03A6A25
:1081CA00CEEC42F0E6EC42F03AB676EF42F03AA252
:1081DA0005D03ABA76EF42F07DEF42F03ABA89EF2B
:1081EA0042F03AA005D03AB876EF42F089EF42F071
:1081FA003AB87DEF42F03E6A7F0E43243D6EE86A4C
:10820A003E2248503D5EE86A3E5A1A0E496E436A5B
:10821A004B6A4C6A3B6A3C6A4550405E4650415A3A
:10822A004750425A000E435A09E7455040264650E5
:10823A00412247504222000E432201D04B8AD89055
:10824A004036413642364336D8904B364C363B366A
:10825A003C36492EE1D7425041104010D8A44B8AEF
:10826A0092EF42F03A6ACEEC42F0E6EC42F03AB6CD
:10827A0076EF42F03AA205D03AB876EF42F07DEFB7
:10828A0042F03AAA05D03AB076EF42F07DEF42F0DA
:10829A003AB002D03AA802D089EF42F03E6A48507A
:1082AA0043243D6EE86A3E227E0E3D5EE86A3E5AEF
:1082BA004B6A4C6A3B6A3C6A47504202F4CF3CF034
:1082CA00F3CF3BF046504202F3504C26F4503B2287
:1082DA00000E3C2247504102F3504C26F4503B22F8
:1082EA00000E3C2245504202F3504B26F4504C22D9
:1082FA00000E3B223C2246504102F3504B26F450DA
:10830A004C22000E3B223C2247504002F3504B269F
:10831A00F4504C22000E3B223C2245504102F450BC
:10832A004B26000E4C223B223C2246504002F4507F
:10833A004B26000E4C223B223C2292EF42F0396A35
:10834A00E86A47AEB1EF41F0446C451E461E471E2F
:10835A00452246224722391E42AEBCEF41F03F6C0D
:10836A00401E411E421E402241224222391E9BECDF
:10837A004BF042BED3EF41F039AE000C3F6C401EC9
:10838A00411E421EE86A4022412242223B6C3C1EA8
:10839A003D1E3E1E3C223D223E22000C39BEC3EF4A
:1083AA0041F03A88FF0C3A6ACEEC42F03AB6E2EF74
:1083BA0041F03AA20FD03AB407D07F0E426EFF0EB8
:1083CA00416E406E3F6E25D0800E426E01D0426AE9
:1083DA00000EF6D73AB0FBD73F6A9F0E4360EBD741
:1083EA007E0E4364F4D79E0E435C07E0D890423277
:1083FA00413240323F32432AF6D73AA40AD03F6C80
:10840A00401E411E421EE86A40224122422242AEDA
:10841A00DED7120021EC42F03AB6000C3AB0000C5A
:10842A003AB4000C010C21EC42F03AB6000C3AB016
:10843A00000C3AA4000C010C3A6ACEEC42F0E6ECCD
:10844A0042F03AB612003AAE08D03AA004D03AA89E
:10845A0002D03A8012003A9012004850435C0BE175
:10846A004750425C08E14650415C05E14550405C9A
:10847A0002E13A801200D8A002D03A8E10D04350BE
:10848A0048C043F0486E425047C042F0476E4150E0
:10849A0046C041F0466E405045C040F0456E4850D7
:1084AA00435C10E0FF0F09E03A903AB403D03AAEC9
:1084BA003A8412003AAE3A941200482AD8904732C7
:1084CA00463245324550405E4650415A4750425A1C
:1084DA0042BEEAD7D890403641364236432EF8D7C4
:1084EA00C8D77F0E436EFF0E426E416E406E120079
:1084FA007F0E3ABEFF0E436E02D07F0E436E800E91
:10850A00426E416A406AF3D73AAE04D0800E436E97
:10851A00426AF7D7436A426AF4D73C503B104C1080
:10852A004B10F8E03EBEF0D73CBE0CD03D503E109A
:10853A00EBE0D8904B364C363B363C363D06D8A05D
:10854A003E06F2D73E50D4E13D28D2E04BAE11D0E0
:10855A007F0E4B1402E14CA00CD04C2AE86A3B2255
:10856A003C2207E3D8803C323B324C323D2A3D283C
:10857A00BFE03D50C9E04CC040F03BC041F03C3444
:10858A00426E3D30436E4232439E3ABE438E7CEF8A
:10859A0042F04236433602E33A843A7E06E13A80B2
:1085AA00436A426A416A406A1200432803E0D8805B
:1085BA0042321200D890423202E13A8212003A86DE
:1085CA0012004736483602E33A8C3A7E06E13A8888
:1085DA00486A476A466A456A1200482803E0D88012
:1085EA0047321200D8904732EAE13A8A120004016F
:1085FA0030511F0B010801E012003051600BE842B4
:10860A00E842E842E842E842010801E01200345137
:10861A0003E0340501E012003151220A31E0030A75
:10862A0024E0010A15E0210A0DE0010A01E0120026
:10863A000501B40ED16F050ED26F080ED46FD56B3B
:10864A00D38121D00501B40ED16F050ED26F1BD094
:10865A0036C4D9F537C4DAF50501940ED66F050E7E
:10866A00D76FDB6BDC6BD88F12000501940ED16FCC
:10867A00050ED26F070ED46FD56BC10ED36F1200E1
:10868A0032C4AFF50501D38F12000501946B4B0E6E
:10869A00956F966B976B986B996B080E9A6FA36B95
:1086AA001A0EE66E010EE66E04EC39F0E552E5525A
:1086BA001E0EE66E020EE66E04EC39F0E552E55245
:1086CA001CD90501AD6BAE6BA46B120041D965D9FB
:1086DA00050E411801E1425002E0000E14D048D9BB
:1086EA000501AB514D1804E1AC514E1801E105D911
:1086FA003FD90501AD514D1805E1AE514E1802E1C1
:10870A00A46BA96B010E29D123D90501A36BAB5127
:10871A00AC1102E1000E05D032D9EF50800B01E016
:10872A00010E00092DE1FC0EDBCF4DF028D9EE52E7
:10873A00EF50D8804D5405E222D9EE52FC0EEFCF0D
:10874A00DBFFA36BFC0EDB50A35D19E2A351EA6ABF
:10875A00540FE96E050EEA22EF50E66EA351E76E5A
:10876A00FD0EDBCFE9FFFE0EDBCFEAFFE750E9267D
:10877A00000EEA22E552E750EF6EA32BE3D7BDD8ED
:10878A000501A351EAD0E4D80501A45107E1E9D8CB
:10879A00FC0EDBCFA9F5010EAA6FA46FDED004D9B7
:1087AA0017E1C0D8DF2AFF0EDF5C0BE0010EDBCF3A
:1087BA00E9FFDB2A020EDBCFEAFF01E3DB2AEF50F7
:1087CA00F1E1CFD8DFCFA9F50501010EAA6FA46F99
:1087DA00030EE15C02E2E16AE552E16EBED0E4D842
:1087EA0018E1A0D8DF2AFF0EDF5C0CE0010EDBCF18
:1087FA00F6FFDB2A020EDBCFF7FF01E3DB2A0800D4
:10880A00F550F0E1AED8DFCFA9F50501AA6B010E4C
:10881A00A46F030EE15C02E2E16AE552E16E9DD0CB
:10882A0097D8020EE1260501AD51AE1102E1000E04
:10883A0008D0ADC5E9FFAEC5EAFFEF50800B01E0F5
:10884A00010E000953E1030EA45D01E1A46BA451DA
:10885A004DE0020EA45D09E1E66A000EE66EE66AE4
:10886A0059D80501030EA46F41D0A4053FE1400E7B
:10887A004D6E4E6AA9514D5C000E4E5803E2400EF1
:10888A00DF6E02D0A9C5DFFFDF50A95DA96F140E04
:10889A00A76F050EA86F010EDFCFDBFFAA510BE110
:1088AA00010EDB5012E0A5C5F6FFA6C5F7FF0800CA
:1088BA00F55041D8F5D7010EDB5007E0A5C5E9FF11
:1088CA00A6C5EAFFEF5037D8F6D70501A95107E147
:1088DA00400EDF5C02E1020E01D0030EA46FDFCF6F
:1088EA00E6FF140EE66E050EE66E14D8020EE15C83
:1088FA0002E2E16AE552E16E30D0400EE66E540EB5
:10890A00E66E050EE66EE66A3FD8F3CFABF5F4CF16
:10891A00ACF51200010EE66E37D8F3CFADF5F4CF01
:10892A00AEF51200DF6A39D8DE5241C0DEFF42C01E
:10893A00DDFFDD521200A7C5E9FFA8C5EAFFEF6E09
:10894A00A72B000EA823A52BA623010EDB061200D7
:10895A00D9CFE6FFE1CFD9FF1200E552E7CFD9FF21
:10896A001200FD0EDBCFA5F5FE0EDBCFA6F5120039
:10897A00FB0EDBCF4DF0FC0EDBCF4EF01200ABC589
:10898A00E9FFACC5EAFF1200020EE66E28EC39F0E8
:10899A004D6E050EE15E4D501200FD0EDBCF41F02B
:1089AA00FE0EDBCF42F01200D3DF030EE1260501F3
:1089BA00A45112002130204572723A203C61786934
:1089CA0073323E2073746570207261746520746F0F
:1089DA006F20736C6F77002130204572723A203C09
:1089EA0061786973323E20737465702072617465B0
:1089FA0020746F6F206869676800213020457272A1
:108A0A003A203C61786973313E2073746570207234
:108A1A0061746520746F6F20736C6F77002130204A
:108A2A004572723A203C61786973313E20737465ED
:108A3A0070207261746520746F6F206869676800BE
:108A4A00205341323D00205341313D00447572614B
:108A5A0074696F6E3D00526174653D00434D206339
:108A6A006F6D6D616E642064697361626C65642008
:108A7A00696E2074686973206275696C64002044A9
:108A8A006972656374696F6E3D002043656E746533
:108A9A00725F593D002043656E7465725F583D00F0
:108AAA0020446573745F593D0020446573745F58B0
:108ABA003D00467265713D002053453D00204A3213
:108ACA003D002041323D002053323D002052323DCC
:108ADA0000204A313D002041313D002053313D0004
:108AEA0052313D005374617475733D002135204540
:108AFA0072723A204E65656420636F6D6D61206EF7
:108B0A006578742C20666F756E643A202700506170
:108B1A0072616D383D00506172616D373D00506180
:108B2A0072616D363D00506172616D353D00506174
:108B3A0072616D343D00506172616D333D00506168
:108B4A0072616D323D00506172616D313D000D0AF6
:108B5A00000A0D004F4B000A002138204572723A74
:108B6A0020556E6B6E6F776E20636F6D6D616E64EC
:108B7A002027002139204572723A20436865636BC9
:108B8A0073756D20696E636F72726563742C2065EC
:108B9A007870656374656420002008004C696D690B
:108BAA007420737769746368207472696767657281
:108BBA0065642E20506F7274423D00213130204589
:108BCA0072723A204E6F20636865636B73756D200D
:108BDA00666F756E6420627574207265717569724C
:108BEA006564002137204572723A204578747261B3
:108BFA0020706172616D657465720021362045725C
:108C0A00723A20496E76616C696420706172616D96
:108C1A00657465722076616C756500213420457231
:108C2A00723A204D697373696E6720706172616D63
:108C3A0065746572287329002133204572723A20BF
:108C4A00525820427566666572206F766572727533
:108C5A006E002132204572723A20545820427566BD
:108C6A00666572206F76657272756E0021312045D5
:108C7A0072723A20496E76616C6964207374657009
:108C8A00207261746500DDD8D0D80DE0CED8F3D853
:108C9A00D950FC0FE96EFF0EDA20EA6EEE2A000EBA
:108CAA00EE22EE22F1D7F7D0CCD8D6D808E0D4D825
:108CBA00E2D8FD0EDB2AFE0EF8E3DB2AF6D7EBD06C
:108CCA00EED80F0E4D6E4E6A4F6AD950BFD8EE508D
:108CDA004D16EE504E16EE504F16EE504DC0FEF1A8
:108CEA004D50090802E3300E01D0370EFE25C8D8D0
:108CFA0073D8040ED89050324F324E324D32E806B5
:108D0A00F9E1FB0E4DC0DBFFFC0E4EC0DBFFFD0E92
:108D1A004FC0DBFFFE0E50C0DBFF0101FD07FA0E5C
:108D2A00DB5002E0FA0EDB06C0D8CBE1FA0EDB50CC
:108D3A00C8E16CD0B4D85DD897D83BC0FEF1300EEC
:108D4A0001013B249DD855D88FD8FB0E3FC0DBFFCD
:108D5A00FC0E40C0DBFFFD0E41C0DBFFFE0E42C031
:108D6A00DBFF0101FD07A1D8E6E150D06AD8E15046
:108D7A006DD8D890030EEB50000A08E6000EEE5CA0
:108D8A00000EEE58000EEE58000EEE5815E22D0EAB
:108D9A0072D82FD8446845684668476837EC4BF064
:108DAA00FB0E3BC0DBFFFC0E3CC0DBFFFD0E3DC0F3
:108DBA00DBFFFE0E3EC0DBFFD95048D8EECFE6FF00
:108DCA00EECFE6FFEECFE6FFEFCFE6FFB3DFE552E9
:108DDA00E552E552E5525FD0FB0EDBCF4DF0FC0EBB
:108DEA00DBCF4EF0FD0EDBCF4FF0FE0EDBCF50F0A7
:108DFA001200FB0EDBCF3FF0FC0EDBCF40F0FD0E86
:108E0A00DBCF41F0FE0EDBCF42F01200FD2BFD510D
:108E1A004E6AF10F4D6E010E4E224DC0E6FF4EC056
:108E2A00E6FF42DFE552E55236D0FC0EDBCFF6FF15
:108E3A00FD0EDBCFF7FFFE0EDBCFF8FF0800F55083
:108E4A001200D9CFE6FFE1CFD9FF1200FB0FE96E7E
:108E5A00FF0EDA20EA6E1200FD0EDBCFE9FFFE0EEE
:108E6A00DBCFEAFFEF5012000A0E446E456A466AEB
:108E7A00476A9BEF4BF0E66EDFEC25F0E5521200F5
:108E8A00E66EFD51EA6AF10FE96E010EEA22E55239
:108E9A00E750EF6E1200E552E7CFD9FF1200D1DF9B
:108EAA000101FC6B0A0EFD6F120096DF4D504E1049
:108EBA004F1050101200D9CFE6FFDACFE6FFE1CF0C
:108ECA00D9FFE2CFDAFF060EE12402E3E168E652B7
:108EDA00E16EDF6A010EDB6AD950FA0FE96EFF0E06
:108EEA00DA20EA6E020EEECFDBFF030EEECFDBFFD7
:108EFA00040EEECFDBFF050EEECFDBFFD950FA0FE3
:108F0A00E96EFF0EDA20EA6E060EE76ED890030EBF
:108F1A00EB32020EEB32010EEB32EF32E706F6E1EC
:108F2A00D950FA0FE96EFF0EDA20EA6E060EE76EE6
:108F3A00D890EF36010EEB36020EEB36030EEB3607
:108F4A00E706F6E1D950FA0FE96EFF0EDA20EA6E6B
:108F5A00400EEE26000EEE22000EEE22000EEE224B
:108F6A00FA0EDBCF51F0FB0EDBCF52F0FC0EDBCF5B
:108F7A0053F0FD0EDBCF54F0D950020FE96E000E0C
:108F8A00DA20EA6EEE50515C4D6EEE5052584E6E3B
:108F9A00EE5053584F6EEE505458506E4D50DF6E8F
:108FAA00D950F80FE96EFF0EDA20EA6EEE50ED1096
:108FBA0065E0040EDB50F86E030EDB50F76E020E0E
:108FCA00DB50F66EDF50DF0600091AE0F60EDBCF43
:108FDA00E9FFDB2AF70EDBCFEAFF01E3DB2AEF50DA
:108FEA00F56E0D00F80EDB06DBCF4DF0F90E01E24F
:108FFA00DB06DBCF4EF04D504E1001E101D0E2D737
:10900A00040EDB50F86E030EDB50F76E020EDB50D7
:10901A00F66EA684F2AE04D0F29EDE52010EDD6E2A
:10902A00550EA76EAA0EA76EA682A694010EDB5055
:10903A0003E0F28E010EDB6A400EDF6E400E4D6ECB
:10904A004E6A4F6A506AD950020FE96E000EDA2052
:10905A00EA6EEE504D26EE504E22EE504F22EE5062
:10906A005022020E4DC0DBFF030E4EC0DBFF040E82
:10907A004FC0DBFF050E50C0DBFF92D7060EE15C46
:10908A0002E2E16AE552E16EE552E5CFDAFFE7CFA7
:10909A00D9FF120080EC23F005D857EC38F010EC19
:1090AA0025F0FBD7D9CFE6FFE1CFD9FF020EE126A3
:1090BA000F0148694969600ED36E9B8C580EDE6EAB
:1090CA00020EDD6EDFCF4DF0DF06010EDBCF4EF074
:1090DA0001E2DB064D504E10F5E1948EF2EC23F0DE
:1090EA00F1EC37F0020EE15C02E2E16AE552E16E70
:1090FA00E552E7CFD9FF1200120012001200120047
:10910A00FCEF42F012004AEF43F00501DF051EE1D1
:10911A000501E0051BE1F1DF65920501E06B020143
:10912A00100EFE6F0E0EFF6FFE07000EFF5BFE5164
:10913A00FF11FAE16584080EFE6F070EFF6FFE0746
:10914A00000EFF5BFE51FF11FAE165941200D9CFC0
:10915A00E6FFE1CFD9FFFD0EDBCF41F0FE0EDBCFFC
:10916A0042F0050E411801E1425036E0E868411824
:10917A0002E17F0E42182FE0030E411801E142502E
:10918A0028E0020E411801E1425021E0010E411887
:10919A0001E142501AE0740E411801E1425013E015
:1091AA00750E411801E142500CE0730E411801E1BD
:1091BA00425005E0720E41180FE142500DD09EDF79
:1091CA000BD09ADF09D099DF07D09DDF05D09ADF4F
:1091DA0003D096DF01D093DF010EE552E7CFD9FF26
:1091EA001200D9CFE6FFE1CFD9FF0501FB0EDBCF95
:1091FA0000F5FC0EDBCF01F5FD0EDBCF02F5FE0E0E
:10920A00DBCF03F5036725D0026723D0126B800EEC
:10921A00106F0B6F0B510B03F350005DF4500159A3
:10922A00D8B008D012C50BF5104310510B1310BF5C
:10923A0009D0F0D70BC512F5104310510B1310BF0C
:10924A0001D0E8D712C5F3FFF46AE552E7CFD9FF98
:10925A001200126B136B106B0B6B800E116F0A6F7F
:10926A000BC505F50AC504F569EC49F00C51005D1A
:10927A000D5101590E5102590F510359D8B00ED050
:10928A00000F12C50BF513C50AF51133103311512E
:10929A000A1310510B13D8B00FD0E2D7000F0BC529
:1092AA0012F50AC513F51133103311510A1310516F
:1092BA000B13D8B001D0D4D712C5F3FF13C5F4FFEE
:1092CA00E552E7CFD9FF120005510503F4CF0DF59A
:1092DA00F3CF0CF504510403F4CF0FF5F3CF0EF5D9
:1092EA0005510403F3500D27F4500E23E86A0F23A7
:1092FA0004510503F3500D27F4500E23E86A0F2397
:10930A001200C00EF36E00EE00F00E0E01D812002D
:10931A00EA6002D0EE6AFCD7F350E9601200EE6A06
:10932A00FCD7D9CFE6FFDACFE6FFE1CFD9FFE2CF0C
:10933A00DAFFE652E652E652E652E652DF6AD950C0
:10934A00FA0FE96EFF0EDA20EA6E010EEECFDBFFAE
:10935A00020EEECFDBFF030EEECFDBFF040EEECFE5
:10936A00DBFFF60EDBCF4DF0F70EDBCF4EF0F80E3B
:10937A00DBCF4FF0F90EDBCF50F048D84D50EE5C02
:10938A004E50EE584F50EE585050EE5833E2030EFE
:10939A00DB50F86E020EDB50F76E010EDB50F66EF4
:1093AA00A684A688F2AE03D0F29E010EDF6E550E99
:1093BA00A76EAA0EA76EA682DF5001E0F28E4D6A52
:1093CA00040E4E6E4F6A506A21D8EE504D26EE506A
:1093DA004E22EE504F22EE505022010E4DC0DBFFBE
:1093EA00020E4EC0DBFF030E4FC0DBFF040E50C05F
:1093FA00DBFFB7D7050EE15C02E2E16AE552E16EF6
:10940A00E552E5CFDAFFE7CFD9FF1200D950010FB5
:10941A00E96E000EDA20EA6E1200454242763133D6
:10942A005F616E645F61626F7665204542204669BE
:10943A00726D776172652056657273696F6E20333B
:10944A002E312E3700920F920F920F930F930F9394
:10945A000F930F930F930F930F930F940F940F94EF
:10946A000F940F940F940F940F940F950F950F95D7
:10947A000F950F950F950F890F890F890F8A0F8AFC
:10948A000F8A0F8A0F8A0F8A0F8A0F8A0F8B0F8B08
:10949A000F8B0F8B0F8B0F8B0F8B0F8B0F8C0F8CF0
:1094AA000F8C0F8C0F8C0F8C0F000105000102032B
:1094BA000405060700010203040506070203040562
:1094CA0006072A0EF66E100EF76E000EF86E0501EC
:1094DA000900F550F56F0900F550F66F03E1F567DD
:1094EA0001D03DD00900F550F06F0900F550F16F39
:1094FA000900F550F26F09000900F550E96E0900FC
:10950A00F550EA6E090009000900F550F36F0900E9
:10951A00F550F46F09000900F6CFF7F5F7CFF8F523
:10952A00F8CFF9F5F0C5F6FFF1C5F7FFF2C5F8FF78
:10953A000501F35302E1F45307E00900F550EE6E1A
:10954A00F307F8E2F407F9D7F7C5F6FFF8C5F7FF0E
:10955A00F9C5F8FF0501F507000EF65BBFD7120043
:10956A00D9CFE6FFDACFE6FFE1CFD9FFE2CFDAFFC4
:10957A00E652E652E652E652D9CFE9FFDACFEAFFDF
:10958A00FA0EDBCFEEFFFB0EDBCFEEFFFC0EDBCFDE
:10959A00EEFFFD0EDBCFEEFF020EDB50F86E010E82
:1095AA00DB50F76EDF50F66EF80EDBCF4DF0DB06C0
:1095BA00F90EDBCF4EF001E2DB064D504E100DE006
:1095CA000900F60EDBCFE9FFDB2AF70EDBCFEAFF55
:1095DA0001E3DB2AF5CFEFFFE7D7040EE15C02E2F5
:1095EA00E16AE552E16EE552E5CFDAFFE7CFD9FF4E
:1095FA001200D9CFE6FFDACFE6FFE1CFD9FFE2CFFB
:10960A00DAFFAD6AAC6AFD0EDBB0AD88DBA202D030
:10961A00AD8CAC8CDBB4AD8EDBA602D0AC8801D0AD
:10962A00AC8ADBB8AD84DBBAAC86DBAC02D09D8AEF
:10963A0001D09D9ADBAE02D09D8801D09D98FB0E89
:10964A00DB50B06EFC0EDBCF4EF04EC04DF04E6AD2
:10965A004D507F6EAD8AAC8EE552E5CFDAFFE7CF8B
:10966A00D9FF12003F504402F3CF3BF0F4CF3CF055
:10967A004502F3503C26000EF4203D6E3F50460250
:10968A00F3503D26000EF4203E6E3F504702F35041
:10969A003E2640504402F3503C26F4503D22000E30
:1096AA003E2240504502F3503D26F4503E2240509F
:1096BA004602F3503E2641504402F3503D26F450F0
:1096CA003E2241504502F3503E2642504402F35096
:1096DA003E2612001201000202000040D80492FD48
:1096EA0082010102030109024300020100C032099A
:1096FA0004000001020201000524001001042402F2
:10970A00020524060001052401000107058103085A
:10971A00000209040100020A0000000705020240D3
:0B972A00000007058202400000F096DE
:109736003E6A3D6A3C6A3B6A200EE76ED8903F3629
:109746004036413642363B363C363D363E36445050
:109756003B5C45503C5846503D5847503E5809E3FF
:1097660044503B5E45503C5A46503D5A47503E5A3F
:109776003F2AE72EE4D71200FE0EE3CFE9FFFF0EE5
:10978600E3CFEAFFE9CFF3FFEACFF4FFFB0EE350A6
:1097960003E1FC0EE35009E0FB0EE30602E2FC0ED9
:1097A600E306FD0EE350EE6EF1D71200D9CFE6FFC9
:1097B600DACFE6FFE1CFD9FFE2CFDAFFADAC04D0D6
:1097C600AD900501FCB3AD80FD0EDB50AE6EE552EB
:1097D600E5CFDAFFE7CFD9FF1200FF0EE124E96EED
:1097E600FF0EE220EA6EEDCFF4FFEFCFF3FFF46653
:1097F60007D0600EF36404D07B0EF36001D0F39AB9
:109806001200D9CFE6FFDACFE6FFE1CFD9FFE2CFEC
:10981600DAFFFD0EDB507E6EE552E5CFDAFFE7CFCD
:10982600D9FF12001EEE00F02EEE00F0F86A3A9C08
:1098360066EC4AF02EEC4CF04FEC48F0FBD71200E9
:10984600F36AF46AF32A0F0B05E0D890F336F43680
:10985600E804FBE112001200040309041803530094
:10986600630068006D0061006C007A0048006100CA
:109876007500730038034500690042006F007400EC
:1098860042006F006100720064002C00200020007E
:1098960020002000200020002000200020002000C2
:1098A60020002000200020002000200022032000AD
:1098B60020002000200020002000200020002000A2
:1098C6002000200020002000200020002000800230
:1098D60084029C02D4020006000000000100000081
:0198E6000081
:08FFF800ACF70AFF63F801F009
:00000001FF
